date,country,product,price_with_tax_eur_per_1000l,price_without_tax_eur_per_1000l
2005-01-03,ES,diesel,807.84,396.37
2005-01-10,ES,diesel,807.47,396.03
2005-01-17,ES,diesel,808.08,396.56
2005-01-24,ES,diesel,808.21,396.67
2005-01-31,ES,diesel,813.11,400.89
2005-02-07,ES,diesel,813.34,401.1
2005-02-14,ES,diesel,816.4,403.74
2005-02-21,ES,diesel,820.01,406.86
2005-02-28,ES,diesel,838.65,422.92
2005-03-07,ES,diesel,858.72,440.22
2005-03-14,ES,diesel,862.6,443.57
2005-03-21,ES,diesel,863.79,444.6
2005-04-04,ES,diesel,874.11,453.49
2005-04-11,ES,diesel,877.55,456.44
2005-04-18,ES,diesel,885.75,463.5
2005-04-25,ES,diesel,886.0,463.72
2005-05-02,ES,diesel,879.98,458.53
2005-05-09,ES,diesel,869.57,449.57
2005-05-16,ES,diesel,859.2,440.65
2005-05-23,ES,diesel,859.33,440.75
2005-05-30,ES,diesel,860.48,441.74
2005-06-06,ES,diesel,869.02,449.09
2005-06-13,ES,diesel,889.05,466.35
2005-06-20,ES,diesel,909.13,483.64
2005-06-27,ES,diesel,916.35,489.79
2005-07-04,ES,diesel,923.13,495.63
2005-07-11,ES,diesel,935.86,506.62
2005-07-18,ES,diesel,934.97,505.85
2005-07-25,ES,diesel,931.26,502.63
2005-08-01,ES,diesel,929.81,501.39
2005-08-08,ES,diesel,929.07,500.76
2005-08-15,ES,diesel,929.07,500.76
2005-08-22,ES,diesel,950.57,519.2
2005-08-29,ES,diesel,962.32,529.33
2005-09-05,ES,diesel,981.25,545.71
2005-09-12,ES,diesel,975.44,540.72
2005-09-19,ES,diesel,973.81,539.33
2005-09-26,ES,diesel,974.18,539.65
2005-10-03,ES,diesel,973.76,539.31
2005-10-10,ES,diesel,974.12,539.56
2005-10-17,ES,diesel,974.17,539.6
2005-10-24,ES,diesel,973.53,539.06
2005-11-07,ES,diesel,962.13,529.25
2005-11-14,ES,diesel,945.74,515.12
2005-11-21,ES,diesel,928.58,500.33
2005-11-28,ES,diesel,907.81,482.42
2005-12-05,ES,diesel,897.33,473.84
2005-12-12,ES,diesel,917.34,490.65
2005-12-19,ES,diesel,917.64,490.9
2006-01-09,ES,diesel,925.83,494.68
2006-01-16,ES,diesel,929.94,498.23
2006-01-23,ES,diesel,936.47,503.85
2006-01-30,ES,diesel,944.27,510.57
2006-02-06,ES,diesel,944.43,510.7
2006-02-13,ES,diesel,943.34,509.77
2006-02-20,ES,diesel,939.77,506.68
2006-02-27,ES,diesel,945.8,511.9
2006-03-06,ES,diesel,944.71,510.96
2006-03-13,ES,diesel,951.21,516.57
2006-03-20,ES,diesel,954.63,519.51
2006-03-27,ES,diesel,955.72,520.45
2006-04-03,ES,diesel,962.29,526.13
2006-04-10,ES,diesel,968.98,531.89
2006-04-24,ES,diesel,993.47,553.0
2006-05-01,ES,diesel,1000.26,558.85
2006-05-08,ES,diesel,1001.75,560.13
2006-05-15,ES,diesel,1001.93,560.29
2006-05-22,ES,diesel,986.65,547.12
2006-05-29,ES,diesel,985.53,546.14
2006-06-05,ES,diesel,975.86,537.84
2006-06-12,ES,diesel,980.58,541.89
2006-06-19,ES,diesel,987.03,547.47
2006-06-26,ES,diesel,981.17,542.4
2006-07-03,ES,diesel,985.08,545.78
2006-07-10,ES,diesel,994.51,553.91
2006-07-17,ES,diesel,1003.74,561.83
2006-07-24,ES,diesel,1004.76,562.74
2006-07-31,ES,diesel,1002.33,560.63
2006-08-07,ES,diesel,1006.07,563.85
2006-08-14,ES,diesel,1009.53,566.82
2006-08-21,ES,diesel,1000.47,559.02
2006-08-28,ES,diesel,997.2,556.2
2006-09-04,ES,diesel,991.1,550.95
2006-09-11,ES,diesel,976.73,538.56
2006-09-18,ES,diesel,953.37,518.43
2006-09-25,ES,diesel,938.02,505.12
2006-10-02,ES,diesel,925.08,494.03
2006-10-09,ES,diesel,922.49,491.81
2006-10-16,ES,diesel,921.13,490.64
2006-10-23,ES,diesel,921.25,490.8
2006-10-30,ES,diesel,917.82,487.7
2006-11-06,ES,diesel,905.88,477.51
2006-11-13,ES,diesel,908.86,480.0
2006-11-20,ES,diesel,906.91,478.28
2006-11-27,ES,diesel,906.3,477.89
2006-12-04,ES,diesel,909.04,480.24
2006-12-11,ES,diesel,911.54,482.49
2006-12-18,ES,diesel,909.25,480.63
2007-01-08,ES,diesel,900.98,465.35
2007-01-15,ES,diesel,890.78,456.52
2007-01-22,ES,diesel,884.65,451.22
2007-01-29,ES,diesel,884.58,451.2
2007-02-05,ES,diesel,889.15,455.16
2007-02-12,ES,diesel,899.09,463.75
2007-02-19,ES,diesel,898.85,463.6
2007-02-26,ES,diesel,906.39,470.05
2007-03-05,ES,diesel,915.03,477.51
2007-03-12,ES,diesel,923.04,484.44
2007-03-19,ES,diesel,917.6,479.74
2007-03-26,ES,diesel,916.58,478.86
2007-04-02,ES,diesel,935.89,495.47
2007-04-16,ES,diesel,951.05,508.59
2007-04-23,ES,diesel,945.43,503.77
2007-04-30,ES,diesel,946.91,505.01
2007-05-07,ES,diesel,950.81,508.35
2007-05-14,ES,diesel,954.75,511.78
2007-05-21,ES,diesel,959.15,515.47
2007-05-28,ES,diesel,963.99,519.62
2007-06-04,ES,diesel,954.64,511.97
2007-06-11,ES,diesel,964.13,519.84
2007-06-18,ES,diesel,970.5,525.31
2007-06-25,ES,diesel,976.04,530.08
2007-07-02,ES,diesel,977.23,531.14
2007-07-09,ES,diesel,973.41,527.74
2007-07-16,ES,diesel,980.37,533.81
2007-07-23,ES,diesel,982.16,535.36
2007-07-30,ES,diesel,978.45,532.17
2007-08-06,ES,diesel,981.37,534.77
2007-08-13,ES,diesel,963.01,519.77
2007-08-20,ES,diesel,973.53,527.94
2007-08-27,ES,diesel,969.56,526.46
2007-09-03,ES,diesel,973.12,527.58
2007-09-10,ES,diesel,984.0,536.99
2007-09-17,ES,diesel,995.72,546.94
2007-09-24,ES,diesel,1003.1,553.39
2007-10-01,ES,diesel,1004.32,554.42
2007-10-08,ES,diesel,994.67,546.09
2007-10-15,ES,diesel,995.37,546.74
2007-10-22,ES,diesel,1008.41,557.92
2007-10-29,ES,diesel,1021.14,568.89
2007-11-05,ES,diesel,1030.33,576.82
2007-11-12,ES,diesel,1048.23,592.26
2007-11-19,ES,diesel,1051.8,595.33
2007-11-26,ES,diesel,1072.14,612.87
2007-12-03,ES,diesel,1081.72,621.11
2007-12-10,ES,diesel,1070.03,611.05
2007-12-17,ES,diesel,1064.5,606.29
2008-01-07,ES,diesel,1082.89,622.16
2008-01-14,ES,diesel,1068.2,609.51
2008-01-21,ES,diesel,1052.45,596.0
2008-01-28,ES,diesel,1049.54,593.44
2008-02-04,ES,diesel,1051.3,594.95
2008-02-11,ES,diesel,1063.21,605.15
2008-02-18,ES,diesel,1083.12,622.34
2008-02-25,ES,diesel,1103.87,640.25
2008-03-03,ES,diesel,1107.62,643.48
2008-03-10,ES,diesel,1135.86,667.85
2008-03-17,ES,diesel,1149.63,679.69
2008-03-31,ES,diesel,1128.33,661.33
2008-04-07,ES,diesel,1126.5,659.77
2008-04-14,ES,diesel,1149.82,679.89
2008-04-21,ES,diesel,1169.22,696.59
2008-04-28,ES,diesel,1190.54,714.96
2008-05-05,ES,diesel,1198.55,721.88
2008-05-12,ES,diesel,1218.57,739.12
2008-05-19,ES,diesel,1269.98,783.46
2008-05-26,ES,diesel,1308.54,816.72
2008-06-02,ES,diesel,1300.49,809.77
2008-06-09,ES,diesel,1289.0,799.83
2008-06-16,ES,diesel,1296.73,806.53
2008-06-23,ES,diesel,1299.06,808.55
2008-06-30,ES,diesel,1305.17,813.85
2008-07-07,ES,diesel,1323.42,829.54
2008-07-14,ES,diesel,1329.02,834.37
2008-07-21,ES,diesel,1318.52,825.34
2008-07-28,ES,diesel,1288.8,799.66
2008-08-04,ES,diesel,1262.83,777.3
2008-08-11,ES,diesel,1217.09,737.85
2008-08-18,ES,diesel,1204.66,727.18
2008-08-25,ES,diesel,1194.86,718.76
2008-09-01,ES,diesel,1200.56,723.65
2008-09-08,ES,diesel,1192.59,716.74
2008-09-15,ES,diesel,1185.08,710.24
2008-09-22,ES,diesel,1162.56,690.8
2008-09-29,ES,diesel,1150.78,680.75
2008-10-06,ES,diesel,1155.49,684.8
2008-10-13,ES,diesel,1126.98,660.14
2008-10-20,ES,diesel,1070.49,611.42
2008-10-27,ES,diesel,1053.6,596.88
2008-11-03,ES,diesel,1016.6,565.03
2008-11-10,ES,diesel,1009.77,559.13
2008-11-17,ES,diesel,997.69,548.71
2008-11-24,ES,diesel,968.7,523.7
2008-12-01,ES,diesel,949.27,506.93
2008-12-08,ES,diesel,920.51,482.14
2008-12-15,ES,diesel,889.2,455.2
2009-01-05,ES,diesel,836.37,409.63
2009-01-12,ES,diesel,877.81,445.37
2009-01-19,ES,diesel,881.53,448.61
2009-01-26,ES,diesel,873.44,441.62
2009-02-02,ES,diesel,873.72,441.87
2009-02-09,ES,diesel,873.69,441.83
2009-02-16,ES,diesel,867.33,436.38
2009-02-23,ES,diesel,846.64,418.52
2009-03-02,ES,diesel,845.2,417.28
2009-03-09,ES,diesel,840.28,413.06
2009-03-16,ES,diesel,831.46,405.43
2009-03-23,ES,diesel,837.18,410.36
2009-03-30,ES,diesel,856.83,427.32
2009-04-06,ES,diesel,860.59,430.57
2009-04-20,ES,diesel,869.08,435.58
2009-04-27,ES,diesel,867.28,436.34
2009-05-04,ES,diesel,859.68,429.78
2009-05-11,ES,diesel,868.22,437.16
2009-05-18,ES,diesel,877.03,444.71
2009-05-25,ES,diesel,874.88,442.86
2009-06-01,ES,diesel,872.46,440.79
2009-06-08,ES,diesel,904.49,468.4
2009-06-15,ES,diesel,951.54,479.94
2009-06-22,ES,diesel,961.35,488.42
2009-06-29,ES,diesel,953.81,481.91
2009-07-06,ES,diesel,944.27,473.67
2009-07-13,ES,diesel,919.76,452.52
2009-07-20,ES,diesel,905.58,440.32
2009-07-27,ES,diesel,930.11,461.47
2009-08-03,ES,diesel,945.35,474.61
2009-08-10,ES,diesel,970.2,496.03
2009-08-17,ES,diesel,970.04,495.89
2009-08-24,ES,diesel,969.23,495.14
2009-08-31,ES,diesel,962.59,489.44
2009-09-07,ES,diesel,949.21,477.92
2009-09-14,ES,diesel,937.63,467.93
2009-09-21,ES,diesel,936.17,466.68
2009-09-28,ES,diesel,927.69,459.32
2009-10-05,ES,diesel,925.48,457.45
2009-10-12,ES,diesel,935.28,465.93
2009-10-19,ES,diesel,957.85,485.35
2009-10-26,ES,diesel,969.84,495.7
2009-11-02,ES,diesel,977.68,502.48
2009-11-09,ES,diesel,976.44,501.39
2009-11-16,ES,diesel,967.04,493.3
2009-11-23,ES,diesel,968.67,494.69
2009-11-30,ES,diesel,961.61,488.59
2009-12-07,ES,diesel,965.16,491.67
2009-12-14,ES,diesel,957.61,485.13
2009-12-21,ES,diesel,955.8,483.57
2010-01-04,ES,diesel,987.56,510.96
2010-01-11,ES,diesel,1009.03,529.48
2010-01-18,ES,diesel,1001.34,522.85
2010-01-25,ES,diesel,995.53,517.85
2010-02-01,ES,diesel,987.09,510.57
2010-02-08,ES,diesel,994.45,516.9
2010-02-15,ES,diesel,987.93,511.31
2010-02-22,ES,diesel,1005.35,526.33
2010-03-01,ES,diesel,1010.07,530.41
2010-03-08,ES,diesel,1023.7,542.13
2010-03-15,ES,diesel,1036.77,553.37
2010-03-22,ES,diesel,1044.5,560.01
2010-03-29,ES,diesel,1053.13,567.44
2010-04-12,ES,diesel,1087.01,596.72
2010-04-19,ES,diesel,1077.91,588.88
2010-04-26,ES,diesel,1081.44,591.92
2010-05-03,ES,diesel,1100.02,607.93
2010-05-10,ES,diesel,1102.88,610.4
2010-05-17,ES,diesel,1095.08,603.66
2010-05-24,ES,diesel,1070.58,582.53
2010-05-31,ES,diesel,1066.01,578.61
2010-06-07,ES,diesel,1078.14,589.09
2010-06-14,ES,diesel,1088.22,597.78
2010-06-21,ES,diesel,1099.61,607.59
2010-06-28,ES,diesel,1094.8,603.57
2010-07-05,ES,diesel,1094.34,587.08
2010-07-12,ES,diesel,1076.97,568.05
2010-07-19,ES,diesel,1076.08,567.29
2010-07-26,ES,diesel,1076.85,567.94
2010-08-02,ES,diesel,1079.66,570.32
2010-08-09,ES,diesel,1100.64,588.1
2010-08-16,ES,diesel,1091.8,580.59
2010-08-23,ES,diesel,1075.21,566.56
2010-08-30,ES,diesel,1085.78,575.51
2010-09-06,ES,diesel,1088.41,577.74
2010-09-13,ES,diesel,1092.78,581.41
2010-09-20,ES,diesel,1099.43,587.06
2010-09-27,ES,diesel,1089.5,578.67
2010-10-04,ES,diesel,1090.73,579.7
2010-10-11,ES,diesel,1103.01,590.09
2010-10-18,ES,diesel,1096.1,584.26
2010-10-25,ES,diesel,1095.55,583.79
2010-11-08,ES,diesel,1103.32,590.37
2010-11-15,ES,diesel,1133.27,615.75
2010-11-22,ES,diesel,1116.8,601.81
2010-11-29,ES,diesel,1129.23,612.3
2010-12-06,ES,diesel,1147.41,627.73
2010-12-13,ES,diesel,1164.93,642.58
2010-12-20,ES,diesel,1166.12,643.6
2011-01-03,ES,diesel,1187.03,660.1
2011-01-10,ES,diesel,1193.97,665.99
2011-01-17,ES,diesel,1217.31,685.8
2011-01-24,ES,diesel,1210.38,679.94
2011-01-31,ES,diesel,1204.89,675.29
2011-02-07,ES,diesel,1234.42,700.28
2011-02-14,ES,diesel,1236.52,702.05
2011-02-21,ES,diesel,1247.6,712.66
2011-02-28,ES,diesel,1267.06,727.94
2011-03-07,ES,diesel,1289.1,746.59
2011-03-14,ES,diesel,1292.37,749.37
2011-03-21,ES,diesel,1293.31,750.16
2011-03-28,ES,diesel,1287.45,745.2
2011-04-04,ES,diesel,1292.18,749.21
2011-04-11,ES,diesel,1308.42,762.96
2011-04-18,ES,diesel,1302.2,757.7
2011-05-02,ES,diesel,1294.0,750.75
2011-05-09,ES,diesel,1241.86,706.56
2011-05-16,ES,diesel,1244.98,709.21
2011-05-23,ES,diesel,1239.69,704.72
2011-05-30,ES,diesel,1260.08,722.03
2011-06-06,ES,diesel,1251.53,714.77
2011-06-13,ES,diesel,1264.03,725.36
2011-06-20,ES,diesel,1272.1,732.2
2011-06-27,ES,diesel,1243.46,707.94
2011-07-04,ES,diesel,1242.56,707.18
2011-07-11,ES,diesel,1258.63,720.8
2011-07-18,ES,diesel,1283.63,741.97
2011-07-25,ES,diesel,1282.97,741.4
2011-08-01,ES,diesel,1280.9,739.68
2011-08-08,ES,diesel,1267.51,728.33
2011-08-22,ES,diesel,1239.17,704.3
2011-08-29,ES,diesel,1243.41,707.93
2011-09-05,ES,diesel,1265.21,726.38
2011-09-12,ES,diesel,1276.84,736.22
2011-09-19,ES,diesel,1275.75,735.3
2011-09-26,ES,diesel,1275.47,735.06
2011-10-03,ES,diesel,1261.92,723.57
2011-10-10,ES,diesel,1268.67,729.28
2011-10-17,ES,diesel,1279.39,738.37
2011-10-24,ES,diesel,1291.51,748.66
2011-10-31,ES,diesel,1296.05,752.5
2011-11-07,ES,diesel,1295.35,751.89
2011-11-14,ES,diesel,1315.98,769.36
2011-11-21,ES,diesel,1322.5,774.92
2011-11-28,ES,diesel,1299.44,755.39
2011-12-05,ES,diesel,1296.79,753.13
2011-12-12,ES,diesel,1297.01,753.31
2011-12-19,ES,diesel,1285.4,743.48
2012-01-09,ES,diesel,1336.26,782.35
2012-01-16,ES,diesel,1360.5,802.96
2012-01-23,ES,diesel,1334.82,781.17
2012-01-30,ES,diesel,1321.86,770.15
2012-02-06,ES,diesel,1325.56,773.27
2012-02-13,ES,diesel,1350.04,794.04
2012-02-20,ES,diesel,1368.3,809.52
2012-02-27,ES,diesel,1372.82,813.35
2012-03-05,ES,diesel,1364.7,802.3
2012-03-12,ES,diesel,1390.83,824.39
2012-03-19,ES,diesel,1399.24,831.54
2012-03-26,ES,diesel,1388.5,822.37
2012-04-02,ES,diesel,1392.56,822.28
2012-04-16,ES,diesel,1375.58,807.88
2012-04-23,ES,diesel,1372.58,805.36
2012-04-30,ES,diesel,1371.76,804.64
2012-05-07,ES,diesel,1373.74,803.49
2012-05-14,ES,diesel,1350.13,783.49
2012-05-21,ES,diesel,1345.11,779.21
2012-05-28,ES,diesel,1330.32,766.62
2012-06-04,ES,diesel,1318.62,755.96
2012-06-11,ES,diesel,1298.74,739.12
2012-06-18,ES,diesel,1290.95,732.54
2012-06-25,ES,diesel,1280.97,719.1
2012-07-02,ES,diesel,1285.06,721.52
2012-07-09,ES,diesel,1324.98,755.34
2012-07-16,ES,diesel,1338.05,766.41
2012-07-23,ES,diesel,1378.38,800.61
2012-07-30,ES,diesel,1374.07,797.0
2012-08-06,ES,diesel,1361.8,786.61
2012-08-13,ES,diesel,1395.14,814.82
2012-08-20,ES,diesel,1420.1,835.99
2012-08-27,ES,diesel,1422.83,838.3
2012-09-03,ES,diesel,1444.99,826.72
2012-09-10,ES,diesel,1441.22,823.55
2012-09-17,ES,diesel,1432.11,816.05
2012-09-24,ES,diesel,1411.95,799.44
2012-10-01,ES,diesel,1415.01,801.96
2012-10-08,ES,diesel,1418.38,804.68
2012-10-15,ES,diesel,1428.32,812.9
2012-10-22,ES,diesel,1403.75,792.58
2012-10-29,ES,diesel,1385.76,777.75
2012-11-05,ES,diesel,1366.84,760.6
2012-11-12,ES,diesel,1350.71,747.28
2012-11-19,ES,diesel,1345.52,742.98
2012-11-26,ES,diesel,1350.54,747.11
2012-12-03,ES,diesel,1354.75,750.6
2012-12-10,ES,diesel,1345.87,743.26
2012-12-17,ES,diesel,1341.34,739.54
2013-01-07,ES,diesel,1362.95,756.91
2013-01-14,ES,diesel,1377.15,768.64
2013-01-21,ES,diesel,1366.96,760.2
2013-01-28,ES,diesel,1375.06,766.9
2013-02-04,ES,diesel,1378.31,769.6
2013-02-11,ES,diesel,1389.04,778.48
2013-02-18,ES,diesel,1410.11,795.9
2013-02-25,ES,diesel,1414.58,799.57
2013-03-04,ES,diesel,1397.71,785.65
2013-03-11,ES,diesel,1377.0,768.55
2013-03-18,ES,diesel,1370.45,763.13
2013-03-25,ES,diesel,1362.61,756.65
2013-04-08,ES,diesel,1374.42,766.41
2013-04-15,ES,diesel,1342.26,739.82
2013-04-22,ES,diesel,1311.28,714.23
2013-04-29,ES,diesel,1308.9,712.26
2013-05-06,ES,diesel,1304.76,708.84
2013-05-13,ES,diesel,1323.84,724.6
2013-05-20,ES,diesel,1329.51,728.88
2013-05-27,ES,diesel,1348.68,744.66
2013-06-03,ES,diesel,1342.69,739.88
2013-06-10,ES,diesel,1329.21,728.74
2013-06-17,ES,diesel,1326.48,726.48
2013-06-24,ES,diesel,1333.91,732.46
2013-07-01,ES,diesel,1332.65,731.45
2013-07-08,ES,diesel,1339.19,736.43
2013-07-15,ES,diesel,1364.18,757.37
2013-07-22,ES,diesel,1372.99,764.63
2013-07-29,ES,diesel,1376.3,767.37
2013-08-05,ES,diesel,1364.06,757.32
2013-08-12,ES,diesel,1359.49,753.55
2013-08-19,ES,diesel,1360.81,754.52
2013-08-26,ES,diesel,1370.63,762.57
2013-09-02,ES,diesel,1382.01,772.0
2013-09-09,ES,diesel,1401.32,787.79
2013-09-16,ES,diesel,1397.4,785.37
2013-09-23,ES,diesel,1380.42,771.34
2013-09-30,ES,diesel,1361.46,755.68
2013-10-07,ES,diesel,1359.35,753.91
2013-10-14,ES,diesel,1360.65,754.94
2013-10-21,ES,diesel,1361.71,755.87
2013-10-28,ES,diesel,1347.27,743.96
2013-11-04,ES,diesel,1338.56,736.76
2013-11-11,ES,diesel,1335.92,734.57
2013-11-18,ES,diesel,1336.54,735.11
2013-11-25,ES,diesel,1343.76,741.07
2013-12-02,ES,diesel,1356.88,751.9
2013-12-09,ES,diesel,1360.61,754.97
2013-12-16,ES,diesel,1346.82,743.56
2014-01-06,ES,diesel,1357.56,751.15
2014-01-13,ES,diesel,1342.56,738.54
2014-01-20,ES,diesel,1335.22,732.48
2014-01-27,ES,diesel,1339.31,735.85
2014-02-03,ES,diesel,1335.81,732.94
2014-02-10,ES,diesel,1335.7,732.87
2014-02-17,ES,diesel,1338.44,735.14
2014-02-24,ES,diesel,1340.08,736.47
2014-03-03,ES,diesel,1342.01,738.08
2014-03-10,ES,diesel,1335.26,732.48
2014-03-17,ES,diesel,1323.39,722.67
2014-03-24,ES,diesel,1314.89,715.66
2014-03-31,ES,diesel,1319.8,719.76
2014-04-07,ES,diesel,1319.12,719.14
2014-04-14,ES,diesel,1320.32,720.12
2014-04-28,ES,diesel,1328.81,727.13
2014-05-05,ES,diesel,1326.82,725.49
2014-05-12,ES,diesel,1314.93,715.68
2014-05-19,ES,diesel,1321.93,721.44
2014-05-26,ES,diesel,1325.62,724.48
2014-06-02,ES,diesel,1326.92,725.58
2014-06-09,ES,diesel,1316.1,716.63
2014-06-16,ES,diesel,1320.18,719.99
2014-06-23,ES,diesel,1340.75,737.0
2014-06-30,ES,diesel,1346.99,742.18
2014-07-07,ES,diesel,1337.88,734.63
2014-07-14,ES,diesel,1327.9,726.39
2014-07-21,ES,diesel,1320.93,720.66
2014-07-28,ES,diesel,1318.72,718.84
2014-08-04,ES,diesel,1315.68,716.35
2014-08-11,ES,diesel,1324.55,723.66
2014-08-18,ES,diesel,1326.24,725.07
2014-08-25,ES,diesel,1319.09,719.18
2014-09-01,ES,diesel,1324.61,723.74
2014-09-08,ES,diesel,1327.61,726.19
2014-09-15,ES,diesel,1326.62,725.36
2014-09-22,ES,diesel,1318.67,718.78
2014-09-29,ES,diesel,1312.81,713.92
2014-10-06,ES,diesel,1313.12,714.2
2014-10-13,ES,diesel,1298.32,701.93
2014-10-20,ES,diesel,1274.06,681.88
2014-10-27,ES,diesel,1259.62,669.98
2014-11-03,ES,diesel,1264.24,673.76
2014-11-10,ES,diesel,1265.8,675.04
2014-11-17,ES,diesel,1262.67,672.49
2014-11-24,ES,diesel,1241.19,654.72
2014-12-01,ES,diesel,1228.73,644.43
2014-12-08,ES,diesel,1195.21,616.67
2014-12-15,ES,diesel,1162.4,589.54
2015-01-05,ES,diesel,1102.08,541.98
2015-01-12,ES,diesel,1079.52,524.24
2015-01-19,ES,diesel,1056.88,505.48
2015-01-26,ES,diesel,1059.48,507.64
2015-02-02,ES,diesel,1071.98,517.98
2015-02-09,ES,diesel,1108.19,547.9
2015-02-16,ES,diesel,1140.62,574.7
2015-02-23,ES,diesel,1162.26,592.58
2015-03-02,ES,diesel,1171.36,600.09
2015-03-09,ES,diesel,1178.2,605.7
2015-03-16,ES,diesel,1178.85,606.28
2015-03-23,ES,diesel,1159.82,590.57
2015-03-30,ES,diesel,1156.04,587.42
2015-04-13,ES,diesel,1152.89,585.17
2015-04-20,ES,diesel,1179.89,607.48
2015-04-27,ES,diesel,1196.77,621.45
2015-05-04,ES,diesel,1200.76,624.71
2015-05-11,ES,diesel,1204.52,627.83
2015-05-18,ES,diesel,1202.56,626.21
2015-05-25,ES,diesel,1203.61,627.08
2015-06-01,ES,diesel,1200.73,624.66
2015-06-08,ES,diesel,1194.56,619.57
2015-06-15,ES,diesel,1185.98,612.5
2015-06-22,ES,diesel,1182.39,609.55
2015-06-29,ES,diesel,1177.22,605.29
2015-07-06,ES,diesel,1177.78,605.74
2015-07-13,ES,diesel,1157.61,589.04
2015-07-20,ES,diesel,1145.32,578.91
2015-07-27,ES,diesel,1137.87,572.76
2015-08-03,ES,diesel,1119.8,557.83
2015-08-10,ES,diesel,1105.81,546.23
2015-08-17,ES,diesel,1096.32,538.39
2015-08-24,ES,diesel,1086.98,530.7
2015-08-31,ES,diesel,1053.98,503.42
2015-09-07,ES,diesel,1081.02,525.72
2015-09-14,ES,diesel,1085.44,529.39
2015-09-21,ES,diesel,1072.39,518.62
2015-09-28,ES,diesel,1071.04,517.49
2015-10-05,ES,diesel,1070.34,516.92
2015-10-12,ES,diesel,1077.48,522.8
2015-10-19,ES,diesel,1062.95,510.83
2015-10-26,ES,diesel,1050.95,500.89
2015-11-02,ES,diesel,1052.99,502.58
2015-11-09,ES,diesel,1067.48,514.55
2015-11-16,ES,diesel,1065.71,513.07
2015-11-23,ES,diesel,1051.33,501.21
2015-11-30,ES,diesel,1053.55,503.04
2015-12-07,ES,diesel,1039.2,491.18
2015-12-14,ES,diesel,1005.97,463.74
2016-01-04,ES,diesel,962.51,427.66
2016-01-11,ES,diesel,957.79,423.65
2016-01-18,ES,diesel,933.65,403.66
2016-01-25,ES,diesel,909.48,383.7
2016-02-01,ES,diesel,918.14,390.84
2016-02-08,ES,diesel,930.03,400.66
2016-02-15,ES,diesel,919.83,392.22
2016-02-22,ES,diesel,928.61,399.48
2016-02-29,ES,diesel,929.62,400.35
2016-03-07,ES,diesel,946.36,414.18
2016-03-14,ES,diesel,971.18,434.68
2016-03-21,ES,diesel,977.67,440.04
2016-04-04,ES,diesel,976.15,438.79
2016-04-11,ES,diesel,953.72,420.25
2016-04-18,ES,diesel,970.94,434.47
2016-04-25,ES,diesel,986.23,447.1
2016-05-02,ES,diesel,1004.22,461.95
2016-05-09,ES,diesel,1005.68,463.16
2016-05-16,ES,diesel,1007.99,465.07
2016-05-23,ES,diesel,1032.1,485.01
2016-05-30,ES,diesel,1048.21,498.3
2016-06-06,ES,diesel,1055.46,504.27
2016-06-13,ES,diesel,1056.75,505.36
2016-06-20,ES,diesel,1052.34,501.74
2016-06-27,ES,diesel,1047.8,498.01
2016-07-04,ES,diesel,1050.43,500.17
2016-07-11,ES,diesel,1041.63,492.85
2016-07-18,ES,diesel,1030.5,483.65
2016-07-25,ES,diesel,1026.62,480.48
2016-08-01,ES,diesel,1014.79,470.68
2016-08-08,ES,diesel,996.32,455.41
2016-08-15,ES,diesel,1003.54,461.39
2016-08-22,ES,diesel,1023.67,478.03
2016-08-29,ES,diesel,1037.45,489.44
2016-09-05,ES,diesel,1034.75,487.18
2016-09-12,ES,diesel,1027.66,481.32
2016-09-19,ES,diesel,1028.65,482.15
2016-09-26,ES,diesel,1028.16,481.79
2016-10-03,ES,diesel,1032.97,485.73
2016-10-10,ES,diesel,1053.09,502.33
2016-10-17,ES,diesel,1067.38,514.16
2016-10-24,ES,diesel,1073.49,519.23
2016-10-31,ES,diesel,1075.12,520.59
2016-11-07,ES,diesel,1061.48,509.33
2016-11-14,ES,diesel,1041.64,492.94
2016-11-21,ES,diesel,1041.24,492.6
2016-11-28,ES,diesel,1059.45,507.64
2016-12-05,ES,diesel,1069.99,516.33
2016-12-12,ES,diesel,1089.81,532.72
2016-12-19,ES,diesel,1105.7,545.86
2017-01-02,ES,diesel,1127.56,564.11
2017-01-09,ES,diesel,1136.88,572.22
2017-01-16,ES,diesel,1129.07,565.75
2017-01-23,ES,diesel,1123.73,561.37
2017-01-30,ES,diesel,1122.78,560.58
2017-02-06,ES,diesel,1124.56,562.03
2017-02-13,ES,diesel,1127.52,564.46
2017-02-20,ES,diesel,1131.11,567.43
2017-02-27,ES,diesel,1133.76,569.64
2017-03-06,ES,diesel,1132.0,568.22
2017-03-13,ES,diesel,1125.05,562.49
2017-03-20,ES,diesel,1105.8,546.58
2017-03-27,ES,diesel,1096.44,538.79
2017-04-03,ES,diesel,1094.37,537.04
2017-04-10,ES,diesel,1108.57,548.81
2017-04-24,ES,diesel,1125.52,562.83
2017-05-01,ES,diesel,1109.45,549.56
2017-05-08,ES,diesel,1093.27,536.17
2017-05-15,ES,diesel,1079.74,524.97
2017-05-22,ES,diesel,1082.44,527.19
2017-05-29,ES,diesel,1087.67,531.51
2017-06-05,ES,diesel,1079.35,524.63
2017-06-12,ES,diesel,1060.65,509.18
2017-06-19,ES,diesel,1050.07,500.44
2017-06-26,ES,diesel,1041.45,493.3
2017-07-03,ES,diesel,1039.07,491.35
2017-07-10,ES,diesel,1048.74,499.35
2017-07-17,ES,diesel,1048.21,498.91
2017-07-24,ES,diesel,1054.4,504.03
2017-07-31,ES,diesel,1061.0,509.51
2017-08-07,ES,diesel,1072.29,518.8
2017-08-14,ES,diesel,1073.15,519.49
2017-08-21,ES,diesel,1070.55,517.34
2017-08-28,ES,diesel,1067.13,514.56
2017-09-04,ES,diesel,1072.36,518.86
2017-09-11,ES,diesel,1084.45,528.8
2017-09-18,ES,diesel,1089.51,533.0
2017-09-25,ES,diesel,1094.92,537.48
2017-10-02,ES,diesel,1107.02,547.49
2017-10-09,ES,diesel,1108.93,549.05
2017-10-16,ES,diesel,1104.24,545.17
2017-10-23,ES,diesel,1109.69,549.69
2017-10-30,ES,diesel,1110.01,549.92
2017-11-06,ES,diesel,1120.9,558.94
2017-11-13,ES,diesel,1134.64,570.3
2017-11-20,ES,diesel,1136.89,572.16
2017-11-27,ES,diesel,1135.36,570.9
2017-12-04,ES,diesel,1135.13,570.71
2017-12-11,ES,diesel,1133.58,569.42
2017-12-18,ES,diesel,1137.64,572.8
2018-01-01,ES,diesel,1146.15,579.85
2018-01-08,ES,diesel,1155.64,587.73
2018-01-15,ES,diesel,1163.62,594.28
2018-01-22,ES,diesel,1165.75,596.05
2018-01-29,ES,diesel,1163.53,594.22
2018-02-05,ES,diesel,1162.79,593.61
2018-02-12,ES,diesel,1153.63,586.05
2018-02-19,ES,diesel,1132.5,568.57
2018-02-26,ES,diesel,1129.88,566.41
2018-03-05,ES,diesel,1136.84,572.18
2018-03-12,ES,diesel,1131.07,567.4
2018-03-19,ES,diesel,1129.76,566.36
2018-03-26,ES,diesel,1140.38,575.14
2018-04-09,ES,diesel,1155.2,587.36
2018-04-16,ES,diesel,1164.14,594.75
2018-04-23,ES,diesel,1173.26,602.31
2018-04-30,ES,diesel,1183.38,610.68
2018-05-07,ES,diesel,1190.79,616.79
2018-05-14,ES,diesel,1207.13,630.27
2018-05-21,ES,diesel,1227.82,647.32
2018-05-28,ES,diesel,1240.83,658.1
2018-06-04,ES,diesel,1242.56,659.53
2018-06-11,ES,diesel,1237.96,655.76
2018-06-18,ES,diesel,1232.37,651.16
2018-06-25,ES,diesel,1223.11,643.46
2018-07-02,ES,diesel,1221.72,642.34
2018-07-09,ES,diesel,1229.1,648.44
2018-07-16,ES,diesel,1229.25,648.57
2018-07-23,ES,diesel,1221.44,642.15
2018-07-30,ES,diesel,1221.78,642.44
2018-08-06,ES,diesel,1226.21,646.05
2018-08-13,ES,diesel,1226.61,646.37
2018-08-20,ES,diesel,1228.54,647.98
2018-08-27,ES,diesel,1230.38,649.51
2018-09-03,ES,diesel,1238.76,656.45
2018-09-10,ES,diesel,1246.42,662.74
2018-09-17,ES,diesel,1247.53,663.7
2018-09-24,ES,diesel,1244.79,661.41
2018-10-01,ES,diesel,1250.24,665.94
2018-10-08,ES,diesel,1271.48,683.48
2018-10-15,ES,diesel,1284.92,694.57
2018-10-22,ES,diesel,1275.65,686.94
2018-10-29,ES,diesel,1276.55,687.68
2018-11-05,ES,diesel,1274.83,686.24
2018-11-12,ES,diesel,1263.1,676.55
2018-11-19,ES,diesel,1247.38,663.55
2018-11-26,ES,diesel,1225.69,645.62
2018-12-03,ES,diesel,1195.64,620.8
2018-12-10,ES,diesel,1176.62,605.06
2018-12-17,ES,diesel,1163.62,594.33
2019-01-07,ES,diesel,1129.84,554.75
2019-01-14,ES,diesel,1148.32,570.02
2019-01-21,ES,diesel,1166.3,584.88
2019-01-28,ES,diesel,1177.68,594.29
2019-02-04,ES,diesel,1184.95,600.3
2019-02-11,ES,diesel,1190.86,605.18
2019-02-18,ES,diesel,1200.36,613.03
2019-02-25,ES,diesel,1219.89,629.17
2019-03-04,ES,diesel,1225.46,633.78
2019-03-11,ES,diesel,1228.87,636.6
2019-03-18,ES,diesel,1230.1,637.61
2019-03-25,ES,diesel,1228.48,636.27
2019-04-01,ES,diesel,1228.41,636.21
2019-04-08,ES,diesel,1232.49,639.59
2019-04-15,ES,diesel,1242.22,647.63
2019-04-29,ES,diesel,1257.37,660.15
2019-05-06,ES,diesel,1258.08,660.74
2019-05-13,ES,diesel,1257.94,660.62
2019-05-20,ES,diesel,1259.11,661.59
2019-05-27,ES,diesel,1260.94,663.1
2019-06-03,ES,diesel,1247.11,651.67
2019-06-10,ES,diesel,1219.12,628.54
2019-06-17,ES,diesel,1199.2,612.07
2019-06-24,ES,diesel,1194.23,607.97
2019-07-01,ES,diesel,1201.47,613.95
2019-07-08,ES,diesel,1205.21,617.04
2019-07-15,ES,diesel,1210.54,621.45
2019-07-22,ES,diesel,1213.55,623.93
2019-07-29,ES,diesel,1212.06,622.7
2019-08-05,ES,diesel,1216.72,626.55
2019-08-12,ES,diesel,1208.16,619.48
2019-08-19,ES,diesel,1200.28,612.97
2019-08-26,ES,diesel,1198.25,611.29
2019-09-02,ES,diesel,1197.61,610.76
2019-09-09,ES,diesel,1200.17,612.88
2019-09-16,ES,diesel,1209.16,620.31
2019-09-23,ES,diesel,1226.2,634.39
2019-09-30,ES,diesel,1229.67,637.26
2019-10-07,ES,diesel,1221.0,630.09
2019-10-14,ES,diesel,1213.19,623.64
2019-10-21,ES,diesel,1211.74,622.44
2019-10-28,ES,diesel,1211.89,622.56
2019-11-04,ES,diesel,1214.45,624.68
2019-11-11,ES,diesel,1215.81,625.8
2019-11-18,ES,diesel,1214.55,624.76
2019-11-25,ES,diesel,1214.53,624.74
2019-12-02,ES,diesel,1219.17,628.58
2019-12-09,ES,diesel,1218.48,628.01
2019-12-16,ES,diesel,1221.01,630.1
2020-01-06,ES,diesel,1247.07,651.64
2020-01-13,ES,diesel,1253.95,657.32
2020-01-20,ES,diesel,1246.58,651.23
2020-01-27,ES,diesel,1235.97,642.46
2020-02-03,ES,diesel,1221.4,630.42
2020-02-10,ES,diesel,1206.24,617.89
2020-02-17,ES,diesel,1200.35,613.02
2020-02-24,ES,diesel,1201.55,614.02
2020-03-02,ES,diesel,1190.06,604.52
2020-03-09,ES,diesel,1171.08,588.83
2020-03-16,ES,diesel,1127.8,553.07
2020-03-23,ES,diesel,1084.89,517.6
2020-03-30,ES,diesel,1057.41,494.89
2020-04-06,ES,diesel,1037.83,478.71
2020-04-20,ES,diesel,1022.21,465.8
2020-04-27,ES,diesel,999.8,447.28
2020-05-04,ES,diesel,981.42,432.09
2020-05-11,ES,diesel,980.7,431.5
2020-05-18,ES,diesel,985.0,435.05
2020-05-25,ES,diesel,997.96,445.76
2020-06-01,ES,diesel,1001.88,449.0
2020-06-08,ES,diesel,1007.95,454.02
2020-06-15,ES,diesel,1019.17,463.29
2020-06-22,ES,diesel,1028.0,470.59
2020-06-29,ES,diesel,1040.34,480.79
2020-07-06,ES,diesel,1045.77,485.27
2020-07-13,ES,diesel,1056.5,494.14
2020-07-20,ES,diesel,1060.5,497.45
2020-07-27,ES,diesel,1063.04,499.55
2020-08-03,ES,diesel,1060.96,497.83
2020-08-10,ES,diesel,1059.84,496.9
2020-08-17,ES,diesel,1061.22,498.04
2020-08-24,ES,diesel,1061.26,498.07
2020-08-31,ES,diesel,1059.43,496.56
2020-09-07,ES,diesel,1054.79,492.73
2020-09-14,ES,diesel,1040.11,480.6
2020-09-21,ES,diesel,1033.85,475.42
2020-09-28,ES,diesel,1030.46,472.62
2020-10-05,ES,diesel,1028.93,471.36
2020-10-12,ES,diesel,1029.87,472.13
2020-10-19,ES,diesel,1029.92,472.17
2020-10-26,ES,diesel,1025.58,468.59
2020-11-02,ES,diesel,1017.54,461.94
2020-11-09,ES,diesel,1014.27,459.24
2020-11-16,ES,diesel,1024.85,467.98
2020-11-23,ES,diesel,1031.86,473.78
2020-11-30,ES,diesel,1043.21,483.16
2020-12-07,ES,diesel,1048.53,487.55
2020-12-14,ES,diesel,1057.85,495.26
2020-12-21,ES,diesel,1069.01,504.48
2021-01-11,ES,diesel,1085.33,517.97
2021-01-18,ES,diesel,1099.19,529.42
2021-01-25,ES,diesel,1106.61,535.55
2021-02-01,ES,diesel,1108.17,536.84
2021-02-08,ES,diesel,1119.3,546.04
2021-02-15,ES,diesel,1133.67,557.92
2021-02-22,ES,diesel,1150.63,571.93
2021-03-01,ES,diesel,1165.15,583.93
2021-03-08,ES,diesel,1173.29,590.66
2021-03-15,ES,diesel,1187.35,602.28
2021-03-22,ES,diesel,1192.73,606.73
2021-03-29,ES,diesel,1184.25,599.72
2021-04-12,ES,diesel,1179.02,595.4
2021-04-19,ES,diesel,1179.82,596.06
2021-04-26,ES,diesel,1183.48,599.08
2021-05-03,ES,diesel,1188.29,603.06
2021-05-10,ES,diesel,1199.8,612.57
2021-05-17,ES,diesel,1208.0,619.35
2021-05-24,ES,diesel,1210.66,621.55
2021-05-31,ES,diesel,1212.41,622.99
2021-06-07,ES,diesel,1221.29,630.33
2021-06-14,ES,diesel,1231.68,638.92
2021-06-21,ES,diesel,1238.17,644.28
2021-06-28,ES,diesel,1246.55,651.21
2021-07-05,ES,diesel,1253.82,657.21
2021-07-12,ES,diesel,1262.57,664.45
2021-07-19,ES,diesel,1267.52,668.54
2021-07-26,ES,diesel,1263.72,665.4
2021-08-02,ES,diesel,1269.75,670.38
2021-08-09,ES,diesel,1270.44,670.95
2021-08-16,ES,diesel,1266.15,667.4
2021-08-23,ES,diesel,1260.41,662.66
2021-08-30,ES,diesel,1258.97,661.47
2021-09-06,ES,diesel,1265.64,666.98
2021-09-13,ES,diesel,1270.75,671.21
2021-09-20,ES,diesel,1279.86,678.74
2021-09-27,ES,diesel,1290.97,687.92
2021-10-04,ES,diesel,1309.47,703.21
2021-10-11,ES,diesel,1335.29,724.55
2021-10-18,ES,diesel,1357.86,743.2
2021-10-25,ES,diesel,1373.56,756.17
2021-11-01,ES,diesel,1381.95,763.11
2021-11-08,ES,diesel,1384.35,765.09
2021-11-15,ES,diesel,1385.64,766.16
2021-11-22,ES,diesel,1380.57,761.97
2021-11-29,ES,diesel,1376.55,758.64
2021-12-06,ES,diesel,1354.78,740.65
2021-12-13,ES,diesel,1346.64,733.93
2021-12-20,ES,diesel,1344.36,732.04
2022-01-03,ES,diesel,1347.15,734.35
2022-01-10,ES,diesel,1359.84,744.83
2022-01-17,ES,diesel,1380.66,762.04
2022-01-24,ES,diesel,1403.82,781.18
2022-01-31,ES,diesel,1422.17,796.35
2022-02-07,ES,diesel,1444.36,814.69
2022-02-14,ES,diesel,1462.7,829.84
2022-02-21,ES,diesel,1479.49,843.72
2022-02-28,ES,diesel,1496.79,858.02
2022-03-07,ES,diesel,1581.01,927.62
2022-03-14,ES,diesel,1817.36,1122.95
2022-03-21,ES,diesel,1797.63,1106.64
2022-03-28,ES,diesel,1837.19,1139.34
2022-04-04,ES,diesel,1847.03,1147.47
2022-04-11,ES,diesel,1813.87,1120.07
2022-04-25,ES,diesel,1847.41,1147.79
2022-05-02,ES,diesel,1872.79,1168.76
2022-05-09,ES,diesel,1911.49,1200.74
2022-05-16,ES,diesel,1887.07,1180.56
2022-05-23,ES,diesel,1867.03,1164.0
2022-05-30,ES,diesel,1852.21,1151.75
2022-06-06,ES,diesel,1916.9,1205.21
2022-06-13,ES,diesel,2003.73,1276.98
2022-06-20,ES,diesel,2076.53,1337.14
2022-06-27,ES,diesel,2100.48,1356.93
2022-07-04,ES,diesel,2076.49,1337.11
2022-07-11,ES,diesel,2022.5,1292.49
2022-07-18,ES,diesel,1971.61,1250.43
2022-07-25,ES,diesel,1933.06,1218.57
2022-08-01,ES,diesel,1893.32,1185.73
2022-08-08,ES,diesel,1854.26,1153.45
2022-08-15,ES,diesel,1806.08,1113.63
2022-08-22,ES,diesel,1816.15,1121.95
2022-08-29,ES,diesel,1882.55,1176.83
2022-09-05,ES,diesel,1921.21,1208.78
2022-09-12,ES,diesel,1905.73,1195.98
2022-09-19,ES,diesel,1867.99,1164.79
2022-09-26,ES,diesel,1822.01,1126.79
2022-10-03,ES,diesel,1808.35,1115.5
2022-10-10,ES,diesel,1856.6,1155.38
2022-10-17,ES,diesel,1949.2,1231.91
2022-10-24,ES,diesel,1972.9,1251.5
2022-10-31,ES,diesel,1971.43,1250.28
2022-11-07,ES,diesel,1963.98,1244.12
2022-11-14,ES,diesel,1939.9,1224.22
2022-11-21,ES,diesel,1876.78,1172.06
2022-11-28,ES,diesel,1821.57,1126.43
2022-12-05,ES,diesel,1763.96,1078.82
2022-12-12,ES,diesel,1710.97,1035.02
2022-12-19,ES,diesel,1661.75,994.35
2022-12-26,ES,diesel,1643.35,979.14
2023-01-02,ES,diesel,1660.81,993.57
2023-01-09,ES,diesel,1681.94,1011.03
2023-01-16,ES,diesel,1679.08,1008.67
2023-01-23,ES,diesel,1688.31,1016.3
2023-01-30,ES,diesel,1704.04,1029.3
2023-02-06,ES,diesel,1677.42,1007.3
2023-02-13,ES,diesel,1628.75,967.07
2023-02-20,ES,diesel,1611.4,952.74
2023-02-27,ES,diesel,1589.1,934.31
2023-03-06,ES,diesel,1588.8,934.06
2023-03-13,ES,diesel,1592.66,937.25
2023-03-20,ES,diesel,1571.04,919.38
2023-03-27,ES,diesel,1545.89,898.6
2023-04-03,ES,diesel,1529.96,885.43
2023-04-10,ES,diesel,1523.72,880.27
2023-04-17,ES,diesel,1519.75,876.99
2023-04-24,ES,diesel,1496.46,857.74
2023-05-01,ES,diesel,1464.69,831.49
2023-05-08,ES,diesel,1433.72,805.89
2023-05-15,ES,diesel,1411.99,787.93
2023-05-22,ES,diesel,1409.1,785.55
2023-05-29,ES,diesel,1415.84,791.12
2023-06-05,ES,diesel,1417.19,792.23
2023-06-12,ES,diesel,1424.16,797.99
2023-06-19,ES,diesel,1427.15,800.46
2023-06-26,ES,diesel,1441.39,812.23
2023-07-03,ES,diesel,1437.57,809.07
2023-07-10,ES,diesel,1439.65,810.79
2023-07-17,ES,diesel,1453.48,822.22
2023-07-24,ES,diesel,1465.31,832.0
2023-07-31,ES,diesel,1501.79,862.15
2023-08-07,ES,diesel,1552.66,904.19
2023-08-14,ES,diesel,1586.19,931.9
2023-08-21,ES,diesel,1601.91,944.89
2023-08-28,ES,diesel,1612.26,953.45
2023-09-04,ES,diesel,1622.82,962.17
2023-09-11,ES,diesel,1634.15,971.54
2023-09-18,ES,diesel,1668.26,999.73
2023-09-25,ES,diesel,1685.91,1014.31
2023-10-02,ES,diesel,1687.7,1015.79
2023-10-09,ES,diesel,1682.77,1011.72
2023-10-16,ES,diesel,1656.88,990.32
2023-10-23,ES,diesel,1654.07,988.0
2023-10-30,ES,diesel,1645.78,981.15
2023-11-06,ES,diesel,1640.81,977.04
2023-11-13,ES,diesel,1607.09,949.17
2023-11-20,ES,diesel,1577.08,924.37
2023-11-27,ES,diesel,1558.59,909.09
2023-12-04,ES,diesel,1543.08,896.27
2023-12-11,ES,diesel,1526.59,882.64
2023-12-18,ES,diesel,1501.66,862.04
2023-12-25,ES,diesel,1492.96,854.85
2024-01-01,ES,diesel,1493.65,855.42
2024-01-08,ES,diesel,1488.02,850.77
2024-01-15,ES,diesel,1483.88,847.35
2024-01-22,ES,diesel,1486.82,849.78
2024-01-29,ES,diesel,1495.81,857.21
2024-02-05,ES,diesel,1512.95,871.37
2024-02-12,ES,diesel,1527.89,883.72
2024-02-19,ES,diesel,1558.29,908.84
2024-02-26,ES,diesel,1561.32,911.35
2024-03-04,ES,diesel,1552.25,903.85
2024-03-11,ES,diesel,1542.49,895.79
2024-03-18,ES,diesel,1532.37,887.42
2024-03-25,ES,diesel,1540.1,893.81
2024-04-01,ES,diesel,1541.86,895.26
2024-04-08,ES,diesel,1551.58,903.3
2024-04-15,ES,diesel,1560.52,910.69
2024-04-22,ES,diesel,1558.75,909.22
2024-04-29,ES,diesel,1541.72,895.15
2024-05-06,ES,diesel,1531.16,886.42
2024-05-13,ES,diesel,1512.33,870.86
2024-05-20,ES,diesel,1495.38,856.85
2024-05-27,ES,diesel,1484.46,847.83
2024-06-03,ES,diesel,1474.82,839.86
2024-06-10,ES,diesel,1457.23,825.32
2024-06-17,ES,diesel,1453.51,822.25
2024-06-24,ES,diesel,1470.49,836.28
2024-07-01,ES,diesel,1488.2,850.92
2024-07-08,ES,diesel,1499.79,860.5
2024-07-15,ES,diesel,1500.03,860.69
2024-07-22,ES,diesel,1492.58,854.54
2024-07-29,ES,diesel,1483.25,846.83
2024-08-05,ES,diesel,1473.61,873.0362406797295
2024-08-12,ES,diesel,1459.36,827.08
2024-08-19,ES,diesel,1453.27,822.05
2024-08-26,ES,diesel,1437.74,809.21
2024-09-02,ES,diesel,1424.24,798.06
2024-09-09,ES,diesel,1406.02,783.0
2024-09-16,ES,diesel,1380.38,761.81
2024-09-23,ES,diesel,1367.42,751.1
2024-09-30,ES,diesel,1362.4,746.95
2024-10-07,ES,diesel,1362.42,746.97
2024-10-14,ES,diesel,1383.79,764.63
2024-10-21,ES,diesel,1392.53,771.85
2024-10-28,ES,diesel,1392.86,772.12
2024-11-04,ES,diesel,1391.46,770.97
2024-11-11,ES,diesel,1399.27,770.97
2024-11-18,ES,diesel,1406.18,783.13
2024-11-25,ES,diesel,1420.23,794.74
2024-12-02,ES,diesel,1431.08,803.71
2024-12-09,ES,diesel,1431.54,804.09
2024-12-16,ES,diesel,1432.37,804.78
2024-12-23,ES,diesel,1438.58,809.91
2024-12-30,ES,diesel,1442.69,813.31
2025-01-06,ES,diesel,1454.58,823.13
2025-01-13,ES,diesel,1471.56,837.17
2025-01-20,ES,diesel,1499.0,859.84
2025-01-27,ES,diesel,1508.66,867.83
2025-02-03,ES,diesel,1501.44,861.86
2025-02-10,ES,diesel,1499.1,859.93
2025-02-17,ES,diesel,1500.65,861.21
2025-02-24,ES,diesel,1498.61,859.52
2025-03-03,ES,diesel,1490.3,852.65
2025-03-10,ES,diesel,1472.97,838.33
2025-03-17,ES,diesel,1450.79,820.0
2025-03-24,ES,diesel,1440.12,811.18
2025-03-31,ES,diesel,1439.62,810.77
2025-04-07,ES,diesel,1440.7,811.66
2025-04-14,ES,diesel,1414.15,789.72
2025-04-21,ES,diesel,1393.5,772.65
2025-04-28,ES,diesel,1383.71,764.56
2025-05-05,ES,diesel,1377.8,759.68
2025-05-12,ES,diesel,1366.45,750.3
2025-05-19,ES,diesel,1364.91,749.02
2025-05-26,ES,diesel,1365.45,749.47
2025-06-02,ES,diesel,1361.99,746.61
2025-06-09,ES,diesel,1358.46,743.69
2025-06-16,ES,diesel,1364.44,748.64
2025-06-23,ES,diesel,1400.9,778.77
2025-06-30,ES,diesel,1425.43,799.04
2025-07-07,ES,diesel,1418.04,792.93
2025-07-14,ES,diesel,1424.43,798.21
2025-07-21,ES,diesel,1432.34,804.75
2025-07-28,ES,diesel,1435.62,807.46
2025-08-04,ES,diesel,1432.07,804.53
2025-08-11,ES,diesel,1423.99,797.85
2025-08-18,ES,diesel,1414.33,789.87
2025-08-25,ES,diesel,1407.8,784.47
2025-09-01,ES,diesel,1406.82,783.66
2025-09-08,ES,diesel,1409.05,785.5
2025-09-15,ES,diesel,1410.12,786.39
2025-09-22,ES,diesel,1411.93,787.88
2025-09-29,ES,diesel,1411.32,787.38
2025-10-06,ES,diesel,1412.7,788.5206611570248
2025-10-13,ES,diesel,1404.74333,781.9449008264463
2025-10-20,ES,diesel,1396.850614,775.4219950413224
2025-10-27,ES,diesel,1394.667415,773.6176983471073
2025-11-03,ES,diesel,1408.588141,785.1224305785124
2025-11-10,ES,diesel,1425.28,798.9173553719008
2025-11-17,ES,diesel,1443.4979270000001,813.9734933884299
2025-11-24,ES,diesel,1456.239765,824.503938016529
2025-12-01,ES,diesel,1451.40768,820.510479338843
2025-12-08,ES,diesel,1437.297681,808.8493231404959
2025-12-15,ES,diesel,1421.680954,795.9429371900826
2025-12-22,ES,diesel,1400.0178919999998,778.0395801652892
2025-12-29,ES,diesel,1387.761424,767.9102677685951
2026-01-05,ES,diesel,1385.365251,765.9299595041322
2026-01-12,ES,diesel,1383.620128,764.4877084958678
2026-01-19,ES,diesel,1387.361418,767.5796844958678
2026-01-26,ES,diesel,1395.496539,774.3029244958678
2026-02-02,ES,diesel,1403.419758,780.8510394958678
2026-02-09,ES,diesel,1412.059681,787.9914714958678
2026-02-16,ES,diesel,1416.9685499999998,792.0483884958678
2026-02-23,ES,diesel,1423.172361,797.1755044958678
2026-03-02,ES,diesel,1441.1186629999997,812.0071594958678
2026-03-09,ES,diesel,1645.466265,980.8894744958678
2026-03-16,ES,diesel,1836.787014,1139.0057964958676
2026-03-23,ES,diesel,1883.3399299999999,1233.7109667123957
2026-03-30,ES,diesel,1777.062571,1285.5114285454545
2026-04-06,ES,diesel,1813.077605,1318.2523675454545
2026-04-13,ES,diesel,1884.745988,1383.4054435454545
2026-04-20,ES,diesel,1807.678016,1313.3436505454545
2026-04-27,ES,diesel,1727.2772929999999,1240.2520835454545
2026-05-04,ES,diesel,1734.892399,1247.1749075454545
2026-05-11,ES,diesel,1717.858823,1231.6898385454544
2026-05-18,ES,diesel,1685.241681,1202.0378915454544
2026-05-25,ES,diesel,1685.989433,1202.7176665454544
2026-06-01,ES,diesel,1648.907045,1169.0064045454546
2026-06-08,ES,diesel,1615.3019909999998,1138.4563545454546
2026-06-15,ES,diesel,1592.485093,1117.7137205454544
2026-06-22,ES,diesel,1538.4773469999998,1068.6157695454544
2026-06-29,ES,diesel,1503.503084,1036.8209845454544
2026-07-06,ES,diesel,1535.028026,1042.9040159344563
2026-07-13,ES,diesel,1549.043066,1051.2008804958678
2026-07-20,ES,diesel,1622.43,1111.85
2026-07-27,ES,diesel,1722.267712,1194.3617454958676
2026-08-03,ES,diesel,1793.914818,1232.1456584958678
2026-08-10,ES,diesel,1821.570894,1226.4304914958675
2005-01-03,ES,gasoline,841.42,322.62
2005-01-10,ES,gasoline,840.6,321.89
2005-01-17,ES,gasoline,844.13,324.94
2005-01-24,ES,gasoline,852.62,332.25
2005-01-31,ES,gasoline,861.46,339.88
2005-02-07,ES,gasoline,872.58,349.46
2005-02-14,ES,gasoline,883.57,358.94
2005-02-21,ES,gasoline,884.58,359.82
2005-02-28,ES,gasoline,888.52,363.21
2005-03-07,ES,gasoline,902.43,375.19
2005-03-14,ES,gasoline,902.36,375.14
2005-03-21,ES,gasoline,902.84,375.55
2005-04-04,ES,gasoline,914.52,385.62
2005-04-11,ES,gasoline,922.63,392.59
2005-04-18,ES,gasoline,933.13,401.63
2005-04-25,ES,gasoline,943.11,410.23
2005-05-02,ES,gasoline,943.37,410.45
2005-05-09,ES,gasoline,935.08,403.32
2005-05-16,ES,gasoline,928.72,397.86
2005-05-23,ES,gasoline,930.4,399.29
2005-05-30,ES,gasoline,927.04,396.4
2005-06-06,ES,gasoline,930.51,399.38
2005-06-13,ES,gasoline,946.39,413.07
2005-06-20,ES,gasoline,965.09,429.19
2005-06-27,ES,gasoline,981.58,443.38
2005-07-04,ES,gasoline,980.95,442.84
2005-07-11,ES,gasoline,996.1,455.92
2005-07-18,ES,gasoline,1000.0,459.28
2005-07-25,ES,gasoline,999.18,458.55
2005-08-01,ES,gasoline,1008.98,467.01
2005-08-08,ES,gasoline,1016.34,473.36
2005-08-15,ES,gasoline,1016.34,473.36
2005-08-22,ES,gasoline,1034.27,488.72
2005-08-29,ES,gasoline,1045.38,498.31
2005-09-05,ES,gasoline,1099.32,544.87
2005-09-12,ES,gasoline,1092.89,539.34
2005-09-19,ES,gasoline,1073.24,522.42
2005-09-26,ES,gasoline,1074.12,523.18
2005-10-03,ES,gasoline,1064.34,514.76
2005-10-10,ES,gasoline,1064.13,514.54
2005-10-17,ES,gasoline,1051.27,503.43
2005-10-24,ES,gasoline,1033.82,488.42
2005-11-07,ES,gasoline,1005.38,463.91
2005-11-14,ES,gasoline,992.38,452.7
2005-11-21,ES,gasoline,980.77,442.71
2005-11-28,ES,gasoline,960.34,425.08
2005-12-05,ES,gasoline,957.86,423.07
2005-12-12,ES,gasoline,977.18,439.63
2005-12-19,ES,gasoline,980.34,442.34
2006-01-09,ES,gasoline,991.91,447.66
2006-01-16,ES,gasoline,1000.83,455.35
2006-01-23,ES,gasoline,1005.13,459.05
2006-01-30,ES,gasoline,1005.89,459.7
2006-02-06,ES,gasoline,1008.0,461.51
2006-02-13,ES,gasoline,1003.44,457.58
2006-02-20,ES,gasoline,982.74,439.72
2006-02-27,ES,gasoline,1000.82,455.31
2006-03-06,ES,gasoline,998.3,453.15
2006-03-13,ES,gasoline,1003.02,457.22
2006-03-20,ES,gasoline,1017.27,469.5
2006-03-27,ES,gasoline,1022.07,473.64
2006-04-03,ES,gasoline,1037.03,486.54
2006-04-10,ES,gasoline,1051.0,498.58
2006-04-24,ES,gasoline,1084.31,527.28
2006-05-01,ES,gasoline,1094.31,535.91
2006-05-08,ES,gasoline,1098.03,539.1
2006-05-15,ES,gasoline,1098.48,539.51
2006-05-22,ES,gasoline,1087.21,529.79
2006-05-29,ES,gasoline,1089.81,532.01
2006-06-05,ES,gasoline,1083.68,526.75
2006-06-12,ES,gasoline,1090.14,532.3
2006-06-19,ES,gasoline,1093.83,535.52
2006-06-26,ES,gasoline,1085.62,528.42
2006-07-03,ES,gasoline,1101.0,541.69
2006-07-10,ES,gasoline,1110.25,549.66
2006-07-17,ES,gasoline,1130.65,567.23
2006-07-24,ES,gasoline,1135.39,571.33
2006-07-31,ES,gasoline,1137.98,573.55
2006-08-07,ES,gasoline,1136.59,572.37
2006-08-14,ES,gasoline,1128.07,565.01
2006-08-21,ES,gasoline,1105.66,545.71
2006-08-28,ES,gasoline,1078.25,522.07
2006-09-04,ES,gasoline,1061.4,507.55
2006-09-11,ES,gasoline,1026.35,477.32
2006-09-18,ES,gasoline,1006.58,460.29
2006-09-25,ES,gasoline,993.3,448.72
2006-10-02,ES,gasoline,976.28,434.16
2006-10-09,ES,gasoline,969.3,428.14
2006-10-16,ES,gasoline,966.69,425.89
2006-10-23,ES,gasoline,960.53,420.66
2006-10-30,ES,gasoline,960.48,420.43
2006-11-06,ES,gasoline,950.56,411.98
2006-11-13,ES,gasoline,955.78,416.36
2006-11-20,ES,gasoline,956.38,416.86
2006-11-27,ES,gasoline,957.31,417.73
2006-12-04,ES,gasoline,958.59,418.76
2006-12-11,ES,gasoline,964.18,423.68
2006-12-18,ES,gasoline,965.44,424.88
2007-01-08,ES,gasoline,959.96,420.02
2007-01-15,ES,gasoline,949.8,411.24
2007-01-22,ES,gasoline,940.27,402.99
2007-01-29,ES,gasoline,941.6,404.17
2007-02-05,ES,gasoline,947.2,409.02
2007-02-12,ES,gasoline,956.66,417.2
2007-02-19,ES,gasoline,956.55,417.15
2007-02-26,ES,gasoline,969.17,428.01
2007-03-05,ES,gasoline,998.25,453.09
2007-03-12,ES,gasoline,1009.11,462.43
2007-03-19,ES,gasoline,1001.39,455.79
2007-03-26,ES,gasoline,1001.7,456.04
2007-04-02,ES,gasoline,1024.12,475.34
2007-04-16,ES,gasoline,1046.34,494.54
2007-04-23,ES,gasoline,1046.04,494.3
2007-04-30,ES,gasoline,1063.5,509.34
2007-05-07,ES,gasoline,1075.46,519.63
2007-05-14,ES,gasoline,1081.19,524.59
2007-05-21,ES,gasoline,1092.33,534.09
2007-05-28,ES,gasoline,1096.86,537.95
2007-06-04,ES,gasoline,1091.43,534.0
2007-06-11,ES,gasoline,1086.91,529.5
2007-06-18,ES,gasoline,1092.67,534.44
2007-06-25,ES,gasoline,1098.19,539.2
2007-07-02,ES,gasoline,1098.5,539.47
2007-07-09,ES,gasoline,1090.94,532.87
2007-07-16,ES,gasoline,1093.38,535.03
2007-07-23,ES,gasoline,1082.99,526.07
2007-07-30,ES,gasoline,1071.4,516.08
2007-08-06,ES,gasoline,1067.58,512.92
2007-08-13,ES,gasoline,1054.54,502.78
2007-08-20,ES,gasoline,1056.44,503.25
2007-08-27,ES,gasoline,1052.4,499.97
2007-09-03,ES,gasoline,1055.69,502.59
2007-09-10,ES,gasoline,1063.21,509.11
2007-09-17,ES,gasoline,1064.1,509.79
2007-09-24,ES,gasoline,1066.53,511.98
2007-10-01,ES,gasoline,1066.87,512.28
2007-10-08,ES,gasoline,1055.32,502.31
2007-10-15,ES,gasoline,1055.71,502.68
2007-10-22,ES,gasoline,1065.0,510.63
2007-10-29,ES,gasoline,1075.45,519.61
2007-11-05,ES,gasoline,1083.68,526.69
2007-11-12,ES,gasoline,1091.54,533.5
2007-11-19,ES,gasoline,1092.16,534.03
2007-11-26,ES,gasoline,1105.1,545.19
2007-12-03,ES,gasoline,1109.89,549.29
2007-12-10,ES,gasoline,1095.71,537.06
2007-12-17,ES,gasoline,1095.87,537.14
2008-01-07,ES,gasoline,1114.73,553.42
2008-01-14,ES,gasoline,1112.51,551.54
2008-01-21,ES,gasoline,1098.33,539.39
2008-01-28,ES,gasoline,1094.56,536.09
2008-02-04,ES,gasoline,1093.12,534.87
2008-02-11,ES,gasoline,1099.38,540.19
2008-02-18,ES,gasoline,1112.52,551.57
2008-02-25,ES,gasoline,1128.54,565.38
2008-03-03,ES,gasoline,1127.39,564.41
2008-03-10,ES,gasoline,1120.52,558.51
2008-03-17,ES,gasoline,1130.42,567.02
2008-03-31,ES,gasoline,1125.74,563.0
2008-04-07,ES,gasoline,1123.59,561.15
2008-04-14,ES,gasoline,1130.61,567.2
2008-04-21,ES,gasoline,1143.99,578.72
2008-04-28,ES,gasoline,1166.28,597.94
2008-05-05,ES,gasoline,1173.93,604.53
2008-05-12,ES,gasoline,1186.43,615.3
2008-05-19,ES,gasoline,1205.04,631.36
2008-05-26,ES,gasoline,1228.46,651.58
2008-06-02,ES,gasoline,1233.52,655.93
2008-06-09,ES,gasoline,1237.12,658.98
2008-06-16,ES,gasoline,1251.6,671.52
2008-06-23,ES,gasoline,1255.59,674.97
2008-06-30,ES,gasoline,1260.61,679.33
2008-07-07,ES,gasoline,1270.74,688.02
2008-07-14,ES,gasoline,1276.94,693.34
2008-07-21,ES,gasoline,1264.16,682.35
2008-07-28,ES,gasoline,1234.05,656.34
2008-08-04,ES,gasoline,1212.44,637.72
2008-08-11,ES,gasoline,1196.86,624.26
2008-08-18,ES,gasoline,1192.11,620.22
2008-08-25,ES,gasoline,1189.29,617.82
2008-09-01,ES,gasoline,1194.46,622.27
2008-09-08,ES,gasoline,1185.88,614.83
2008-09-15,ES,gasoline,1183.19,612.48
2008-09-22,ES,gasoline,1161.66,593.93
2008-09-29,ES,gasoline,1144.02,578.81
2008-10-06,ES,gasoline,1140.35,575.63
2008-10-13,ES,gasoline,1111.32,550.51
2008-10-20,ES,gasoline,1057.63,504.22
2008-10-27,ES,gasoline,1022.71,474.14
2008-11-03,ES,gasoline,990.54,446.44
2008-11-10,ES,gasoline,966.76,425.91
2008-11-17,ES,gasoline,944.14,406.42
2008-11-24,ES,gasoline,908.74,375.9
2008-12-01,ES,gasoline,901.8,369.87
2008-12-08,ES,gasoline,889.1,359.01
2008-12-15,ES,gasoline,860.94,334.75
2009-01-05,ES,gasoline,825.15,303.81
2009-01-12,ES,gasoline,867.71,340.55
2009-01-19,ES,gasoline,881.29,352.28
2009-01-26,ES,gasoline,890.63,360.31
2009-02-02,ES,gasoline,901.72,369.89
2009-02-09,ES,gasoline,913.55,380.09
2009-02-16,ES,gasoline,921.9,387.33
2009-02-23,ES,gasoline,900.89,369.2
2009-03-02,ES,gasoline,895.35,364.43
2009-03-09,ES,gasoline,918.14,384.09
2009-03-16,ES,gasoline,906.8,374.27
2009-03-23,ES,gasoline,911.46,378.28
2009-03-30,ES,gasoline,939.29,402.29
2009-04-06,ES,gasoline,942.21,404.81
2009-04-20,ES,gasoline,953.42,413.51
2009-04-27,ES,gasoline,956.17,416.85
2009-05-04,ES,gasoline,950.91,412.31
2009-05-11,ES,gasoline,969.86,428.65
2009-05-18,ES,gasoline,983.36,440.25
2009-05-25,ES,gasoline,1005.95,459.71
2009-06-01,ES,gasoline,1004.12,458.15
2009-06-08,ES,gasoline,1025.18,476.3
2009-06-15,ES,gasoline,1075.33,490.51
2009-06-22,ES,gasoline,1100.82,512.52
2009-06-29,ES,gasoline,1083.86,497.89
2009-07-06,ES,gasoline,1066.51,482.91
2009-07-13,ES,gasoline,1048.8,467.62
2009-07-20,ES,gasoline,1034.88,455.64
2009-07-27,ES,gasoline,1047.11,466.18
2009-08-03,ES,gasoline,1072.63,488.17
2009-08-10,ES,gasoline,1099.03,510.95
2009-08-17,ES,gasoline,1098.8,510.74
2009-08-24,ES,gasoline,1091.77,504.64
2009-08-31,ES,gasoline,1077.37,492.24
2009-09-07,ES,gasoline,1066.2,482.65
2009-09-14,ES,gasoline,1054.73,472.77
2009-09-21,ES,gasoline,1052.23,470.61
2009-09-28,ES,gasoline,1032.45,453.51
2009-10-05,ES,gasoline,1027.84,449.57
2009-10-12,ES,gasoline,1037.92,458.29
2009-10-19,ES,gasoline,1055.33,473.28
2009-10-26,ES,gasoline,1069.02,485.07
2009-11-02,ES,gasoline,1080.9,495.31
2009-11-09,ES,gasoline,1079.15,493.79
2009-11-16,ES,gasoline,1070.73,486.54
2009-11-23,ES,gasoline,1072.72,488.24
2009-11-30,ES,gasoline,1065.98,482.42
2009-12-07,ES,gasoline,1069.55,485.53
2009-12-14,ES,gasoline,1060.58,477.73
2009-12-21,ES,gasoline,1052.87,471.1
2010-01-04,ES,gasoline,1089.81,502.97
2010-01-11,ES,gasoline,1108.53,519.12
2010-01-18,ES,gasoline,1104.29,515.47
2010-01-25,ES,gasoline,1100.19,511.93
2010-02-01,ES,gasoline,1095.21,507.63
2010-02-08,ES,gasoline,1105.32,516.32
2010-02-15,ES,gasoline,1098.85,510.79
2010-02-22,ES,gasoline,1107.94,518.61
2010-03-01,ES,gasoline,1119.41,528.53
2010-03-08,ES,gasoline,1135.66,542.49
2010-03-15,ES,gasoline,1156.18,560.14
2010-03-22,ES,gasoline,1158.55,562.17
2010-03-29,ES,gasoline,1169.07,571.23
2010-04-12,ES,gasoline,1185.12,585.15
2010-04-19,ES,gasoline,1177.75,578.81
2010-04-26,ES,gasoline,1175.68,577.03
2010-05-03,ES,gasoline,1189.76,589.16
2010-05-10,ES,gasoline,1189.34,588.79
2010-05-17,ES,gasoline,1181.7,582.2
2010-05-24,ES,gasoline,1159.03,562.64
2010-05-31,ES,gasoline,1152.88,557.35
2010-06-07,ES,gasoline,1164.47,567.38
2010-06-14,ES,gasoline,1165.92,568.63
2010-06-21,ES,gasoline,1175.99,577.3
2010-06-28,ES,gasoline,1167.7,570.17
2010-07-05,ES,gasoline,1179.13,562.79
2010-07-12,ES,gasoline,1166.76,547.98
2010-07-19,ES,gasoline,1165.3,546.74
2010-07-26,ES,gasoline,1165.49,546.9
2010-08-02,ES,gasoline,1167.76,548.83
2010-08-09,ES,gasoline,1175.8,555.62
2010-08-16,ES,gasoline,1167.26,548.36
2010-08-23,ES,gasoline,1152.15,535.6
2010-08-30,ES,gasoline,1156.54,539.33
2010-09-06,ES,gasoline,1163.25,545.0
2010-09-13,ES,gasoline,1169.46,550.24
2010-09-20,ES,gasoline,1179.38,558.66
2010-09-27,ES,gasoline,1155.14,538.13
2010-10-04,ES,gasoline,1152.76,536.12
2010-10-11,ES,gasoline,1172.85,553.13
2010-10-18,ES,gasoline,1175.63,555.5
2010-10-25,ES,gasoline,1173.46,553.67
2010-11-08,ES,gasoline,1171.72,552.16
2010-11-15,ES,gasoline,1196.82,573.43
2010-11-22,ES,gasoline,1190.57,568.16
2010-11-29,ES,gasoline,1207.9,582.81
2010-12-06,ES,gasoline,1230.21,601.75
2010-12-13,ES,gasoline,1241.99,611.73
2010-12-20,ES,gasoline,1235.29,606.07
2011-01-03,ES,gasoline,1256.78,622.42
2011-01-10,ES,gasoline,1265.11,629.47
2011-01-17,ES,gasoline,1285.6,646.87
2011-01-24,ES,gasoline,1271.22,634.71
2011-01-31,ES,gasoline,1258.51,623.93
2011-02-07,ES,gasoline,1270.75,634.28
2011-02-14,ES,gasoline,1271.24,634.67
2011-02-21,ES,gasoline,1284.73,647.96
2011-02-28,ES,gasoline,1308.9,666.61
2011-03-07,ES,gasoline,1321.77,677.48
2011-03-14,ES,gasoline,1324.55,679.84
2011-03-21,ES,gasoline,1305.06,663.32
2011-03-28,ES,gasoline,1330.56,684.94
2011-04-04,ES,gasoline,1336.76,690.21
2011-04-11,ES,gasoline,1354.26,705.03
2011-04-18,ES,gasoline,1363.69,713.03
2011-05-02,ES,gasoline,1381.57,728.18
2011-05-09,ES,gasoline,1346.66,698.6
2011-05-16,ES,gasoline,1345.1,697.29
2011-05-23,ES,gasoline,1325.49,680.67
2011-05-30,ES,gasoline,1348.62,700.28
2011-06-06,ES,gasoline,1324.36,679.7
2011-06-13,ES,gasoline,1318.62,674.84
2011-06-20,ES,gasoline,1323.26,678.77
2011-06-27,ES,gasoline,1305.57,663.79
2011-07-04,ES,gasoline,1309.98,667.52
2011-07-11,ES,gasoline,1332.79,686.84
2011-07-18,ES,gasoline,1356.56,707.0
2011-07-25,ES,gasoline,1356.04,706.55
2011-08-01,ES,gasoline,1354.34,705.13
2011-08-08,ES,gasoline,1337.96,691.24
2011-08-22,ES,gasoline,1311.26,668.61
2011-08-29,ES,gasoline,1319.35,675.5
2011-09-05,ES,gasoline,1354.08,704.9
2011-09-12,ES,gasoline,1356.53,706.97
2011-09-19,ES,gasoline,1352.42,703.51
2011-09-26,ES,gasoline,1329.54,684.1
2011-10-03,ES,gasoline,1311.27,668.61
2011-10-10,ES,gasoline,1315.9,672.53
2011-10-17,ES,gasoline,1330.06,684.54
2011-10-24,ES,gasoline,1314.6,671.44
2011-10-31,ES,gasoline,1314.28,671.19
2011-11-07,ES,gasoline,1305.67,663.87
2011-11-14,ES,gasoline,1309.78,667.34
2011-11-21,ES,gasoline,1295.19,655.0
2011-11-28,ES,gasoline,1285.69,646.96
2011-12-05,ES,gasoline,1284.14,645.63
2011-12-12,ES,gasoline,1294.29,654.23
2011-12-19,ES,gasoline,1296.07,655.76
2012-01-09,ES,gasoline,1358.07,705.4
2012-01-16,ES,gasoline,1367.34,713.34
2012-01-23,ES,gasoline,1370.11,715.67
2012-01-30,ES,gasoline,1370.87,716.26
2012-02-06,ES,gasoline,1378.19,722.46
2012-02-13,ES,gasoline,1392.74,734.8
2012-02-20,ES,gasoline,1415.02,753.7
2012-02-27,ES,gasoline,1432.09,768.15
2012-03-05,ES,gasoline,1437.2,768.3
2012-03-12,ES,gasoline,1451.32,780.23
2012-03-19,ES,gasoline,1477.15,802.15
2012-03-26,ES,gasoline,1478.5,803.23
2012-04-02,ES,gasoline,1498.13,816.34
2012-04-16,ES,gasoline,1498.91,816.99
2012-04-23,ES,gasoline,1473.68,795.63
2012-04-30,ES,gasoline,1457.82,782.16
2012-05-07,ES,gasoline,1436.53,761.27
2012-05-14,ES,gasoline,1414.58,742.68
2012-05-21,ES,gasoline,1407.14,736.35
2012-05-28,ES,gasoline,1409.72,738.48
2012-06-04,ES,gasoline,1401.68,730.92
2012-06-11,ES,gasoline,1373.14,706.74
2012-06-18,ES,gasoline,1361.47,696.87
2012-06-25,ES,gasoline,1348.14,680.63
2012-07-02,ES,gasoline,1348.51,680.08
2012-07-09,ES,gasoline,1398.46,722.4
2012-07-16,ES,gasoline,1402.96,726.19
2012-07-23,ES,gasoline,1430.15,749.26
2012-07-30,ES,gasoline,1429.26,748.54
2012-08-06,ES,gasoline,1440.68,758.21
2012-08-13,ES,gasoline,1470.55,783.49
2012-08-20,ES,gasoline,1511.97,818.6
2012-08-27,ES,gasoline,1512.62,819.16
2012-09-03,ES,gasoline,1522.48,795.53
2012-09-10,ES,gasoline,1518.97,792.58
2012-09-17,ES,gasoline,1501.39,778.06
2012-09-24,ES,gasoline,1461.75,745.35
2012-10-01,ES,gasoline,1475.21,756.48
2012-10-08,ES,gasoline,1477.09,757.97
2012-10-15,ES,gasoline,1498.33,775.54
2012-10-22,ES,gasoline,1436.75,724.63
2012-10-29,ES,gasoline,1391.67,687.39
2012-11-05,ES,gasoline,1380.32,677.02
2012-11-12,ES,gasoline,1364.48,663.95
2012-11-19,ES,gasoline,1371.66,669.88
2012-11-26,ES,gasoline,1374.31,672.05
2012-12-03,ES,gasoline,1376.99,674.28
2012-12-10,ES,gasoline,1375.98,673.43
2012-12-17,ES,gasoline,1374.49,672.22
2013-01-07,ES,gasoline,1400.41,693.06
2013-01-14,ES,gasoline,1423.82,712.41
2013-01-21,ES,gasoline,1412.44,703.0
2013-01-28,ES,gasoline,1427.29,715.28
2013-02-04,ES,gasoline,1453.07,736.58
2013-02-11,ES,gasoline,1461.67,743.7
2013-02-18,ES,gasoline,1484.13,762.28
2013-02-25,ES,gasoline,1509.43,783.18
2013-03-04,ES,gasoline,1488.52,765.92
2013-03-11,ES,gasoline,1454.59,737.88
2013-03-18,ES,gasoline,1443.51,728.73
2013-03-25,ES,gasoline,1452.79,736.4
2013-04-08,ES,gasoline,,746.08
2013-04-15,ES,gasoline,1428.24,716.09
2013-04-22,ES,gasoline,1403.51,695.67
2013-04-29,ES,gasoline,1402.69,694.98
2013-05-06,ES,gasoline,1396.93,690.23
2013-05-13,ES,gasoline,1405.0,696.89
2013-05-20,ES,gasoline,1412.07,702.48
2013-05-27,ES,gasoline,1437.3,723.22
2013-06-03,ES,gasoline,1436.1,722.32
2013-06-10,ES,gasoline,1430.33,717.55
2013-06-17,ES,gasoline,1424.19,712.54
2013-06-24,ES,gasoline,1425.53,713.55
2013-07-01,ES,gasoline,1420.97,709.83
2013-07-08,ES,gasoline,1422.28,710.54
2013-07-15,ES,gasoline,1450.92,734.38
2013-07-22,ES,gasoline,1472.97,752.54
2013-07-29,ES,gasoline,1471.51,751.44
2013-08-05,ES,gasoline,1457.56,739.95
2013-08-12,ES,gasoline,1450.9,734.42
2013-08-19,ES,gasoline,1448.92,732.7
2013-08-26,ES,gasoline,1456.81,739.21
2013-09-02,ES,gasoline,1470.19,750.27
2013-09-09,ES,gasoline,1477.78,756.52
2013-09-16,ES,gasoline,1453.93,737.31
2013-09-23,ES,gasoline,1424.6,713.12
2013-09-30,ES,gasoline,1415.84,705.88
2013-10-07,ES,gasoline,1411.47,702.22
2013-10-14,ES,gasoline,1407.2,698.68
2013-10-21,ES,gasoline,1407.81,699.22
2013-10-28,ES,gasoline,1399.28,692.19
2013-11-04,ES,gasoline,1383.44,679.1
2013-11-11,ES,gasoline,1378.57,675.05
2013-11-18,ES,gasoline,1390.87,685.25
2013-11-25,ES,gasoline,1400.12,692.88
2013-12-02,ES,gasoline,1405.88,697.65
2013-12-09,ES,gasoline,1405.01,696.93
2013-12-16,ES,gasoline,1396.44,689.82
2014-01-06,ES,gasoline,1407.34,698.15
2014-01-13,ES,gasoline,1395.44,688.22
2014-01-20,ES,gasoline,1387.09,681.31
2014-01-27,ES,gasoline,1388.76,682.69
2014-02-03,ES,gasoline,1387.25,681.42
2014-02-10,ES,gasoline,1387.72,681.81
2014-02-17,ES,gasoline,1396.43,689.01
2014-02-24,ES,gasoline,1402.44,693.96
2014-03-03,ES,gasoline,1407.72,698.33
2014-03-10,ES,gasoline,1399.75,691.72
2014-03-17,ES,gasoline,1392.41,685.69
2014-03-24,ES,gasoline,1392.59,685.87
2014-03-31,ES,gasoline,1398.57,690.87
2014-04-07,ES,gasoline,1399.73,691.78
2014-04-14,ES,gasoline,1410.12,700.32
2014-04-28,ES,gasoline,1427.79,714.93
2014-05-05,ES,gasoline,1427.51,714.67
2014-05-12,ES,gasoline,1417.04,706.04
2014-05-19,ES,gasoline,1415.49,704.74
2014-05-26,ES,gasoline,1423.59,711.45
2014-06-02,ES,gasoline,1428.24,715.31
2014-06-09,ES,gasoline,1421.91,710.07
2014-06-16,ES,gasoline,1427.84,714.94
2014-06-23,ES,gasoline,1448.91,732.38
2014-06-30,ES,gasoline,1456.8,738.93
2014-07-07,ES,gasoline,1452.35,735.24
2014-07-14,ES,gasoline,1444.14,728.44
2014-07-21,ES,gasoline,1437.07,722.62
2014-07-28,ES,gasoline,1424.3,712.09
2014-08-04,ES,gasoline,1405.48,696.56
2014-08-11,ES,gasoline,1410.27,700.49
2014-08-18,ES,gasoline,1414.36,703.88
2014-08-25,ES,gasoline,1406.89,697.73
2014-09-01,ES,gasoline,1413.01,702.78
2014-09-08,ES,gasoline,1416.56,705.68
2014-09-15,ES,gasoline,1415.68,704.94
2014-09-22,ES,gasoline,1405.89,696.84
2014-09-29,ES,gasoline,1401.94,693.57
2014-10-06,ES,gasoline,1405.07,696.18
2014-10-13,ES,gasoline,1392.42,685.7
2014-10-20,ES,gasoline,1352.36,652.58
2014-10-27,ES,gasoline,1328.58,632.95
2014-11-03,ES,gasoline,1331.8,635.59
2014-11-10,ES,gasoline,1331.31,635.18
2014-11-17,ES,gasoline,1328.47,632.86
2014-11-24,ES,gasoline,1308.15,616.06
2014-12-01,ES,gasoline,1293.78,604.19
2014-12-08,ES,gasoline,1253.72,571.01
2014-12-15,ES,gasoline,1217.59,541.14
2015-01-05,ES,gasoline,1150.96,488.37
2015-01-12,ES,gasoline,1132.05,473.63
2015-01-19,ES,gasoline,1117.31,461.41
2015-01-26,ES,gasoline,1121.42,464.8
2015-02-02,ES,gasoline,1136.21,477.04
2015-02-09,ES,gasoline,1178.67,512.13
2015-02-16,ES,gasoline,1209.47,537.57
2015-02-23,ES,gasoline,1225.11,550.5
2015-03-02,ES,gasoline,1237.32,560.58
2015-03-09,ES,gasoline,1258.98,578.43
2015-03-16,ES,gasoline,1269.42,587.09
2015-03-23,ES,gasoline,1261.68,580.72
2015-03-30,ES,gasoline,1267.15,585.21
2015-04-13,ES,gasoline,1261.4,580.81
2015-04-20,ES,gasoline,1287.92,602.72
2015-04-27,ES,gasoline,1307.52,618.93
2015-05-04,ES,gasoline,1317.01,626.74
2015-05-11,ES,gasoline,1314.91,625.02
2015-05-18,ES,gasoline,1310.56,621.43
2015-05-25,ES,gasoline,1315.23,625.28
2015-06-01,ES,gasoline,1318.62,628.05
2015-06-08,ES,gasoline,1323.4,632.02
2015-06-15,ES,gasoline,1330.14,637.61
2015-06-22,ES,gasoline,1337.7,643.87
2015-06-29,ES,gasoline,1325.02,633.41
2015-07-06,ES,gasoline,1326.65,634.73
2015-07-13,ES,gasoline,1331.79,638.94
2015-07-20,ES,gasoline,1320.94,630.0
2015-07-27,ES,gasoline,1307.31,618.74
2015-08-03,ES,gasoline,1284.35,599.79
2015-08-10,ES,gasoline,1271.53,589.15
2015-08-17,ES,gasoline,1252.53,573.46
2015-08-24,ES,gasoline,1232.59,556.99
2015-08-31,ES,gasoline,1183.74,516.62
2015-09-07,ES,gasoline,1193.51,524.64
2015-09-14,ES,gasoline,1194.8,525.72
2015-09-21,ES,gasoline,1178.87,512.57
2015-09-28,ES,gasoline,1174.76,509.16
2015-10-05,ES,gasoline,1170.41,505.55
2015-10-12,ES,gasoline,1177.99,511.81
2015-10-19,ES,gasoline,1165.82,501.79
2015-10-26,ES,gasoline,1151.28,489.74
2015-11-02,ES,gasoline,1154.9,492.74
2015-11-09,ES,gasoline,1171.84,506.74
2015-11-16,ES,gasoline,1170.11,505.3
2015-11-23,ES,gasoline,1156.67,494.22
2015-11-30,ES,gasoline,1165.54,501.56
2015-12-07,ES,gasoline,1162.28,498.84
2015-12-14,ES,gasoline,1140.68,481.01
2016-01-04,ES,gasoline,1132.42,474.09
2016-01-11,ES,gasoline,1131.65,473.39
2016-01-18,ES,gasoline,1109.92,455.39
2016-01-25,ES,gasoline,1095.08,443.13
2016-02-01,ES,gasoline,1104.45,450.87
2016-02-08,ES,gasoline,1098.13,445.65
2016-02-15,ES,gasoline,1069.71,422.15
2016-02-22,ES,gasoline,1069.58,422.03
2016-02-29,ES,gasoline,1065.48,418.67
2016-03-07,ES,gasoline,1078.35,429.3
2016-03-14,ES,gasoline,1104.93,451.27
2016-03-21,ES,gasoline,1116.39,460.73
2016-04-04,ES,gasoline,1135.89,476.85
2016-04-11,ES,gasoline,1127.45,469.88
2016-04-18,ES,gasoline,1148.26,487.07
2016-04-25,ES,gasoline,1152.35,490.45
2016-05-02,ES,gasoline,1164.18,500.21
2016-05-09,ES,gasoline,1159.84,496.63
2016-05-16,ES,gasoline,1156.73,494.07
2016-05-23,ES,gasoline,1177.92,511.59
2016-05-30,ES,gasoline,1190.0,521.56
2016-06-06,ES,gasoline,1192.26,523.42
2016-06-13,ES,gasoline,1185.75,518.04
2016-06-20,ES,gasoline,1179.07,512.55
2016-06-27,ES,gasoline,1184.19,516.79
2016-07-04,ES,gasoline,1182.78,515.61
2016-07-11,ES,gasoline,1167.77,503.17
2016-07-18,ES,gasoline,1149.95,488.44
2016-07-25,ES,gasoline,1144.34,483.84
2016-08-01,ES,gasoline,1134.45,475.64
2016-08-08,ES,gasoline,1121.81,465.18
2016-08-15,ES,gasoline,1131.72,473.38
2016-08-22,ES,gasoline,1145.05,484.4
2016-08-29,ES,gasoline,1156.62,493.98
2016-09-05,ES,gasoline,1158.52,495.52
2016-09-12,ES,gasoline,1154.8,492.46
2016-09-19,ES,gasoline,1157.88,495.03
2016-09-26,ES,gasoline,1156.35,493.78
2016-10-03,ES,gasoline,1159.81,496.62
2016-10-10,ES,gasoline,1178.72,512.23
2016-10-17,ES,gasoline,1186.13,518.35
2016-10-24,ES,gasoline,1189.22,520.94
2016-10-31,ES,gasoline,1189.78,521.41
2016-11-07,ES,gasoline,1179.54,512.96
2016-11-14,ES,gasoline,1161.97,498.44
2016-11-21,ES,gasoline,1158.55,495.6
2016-11-28,ES,gasoline,1174.3,508.61
2016-12-05,ES,gasoline,1184.18,516.77
2016-12-12,ES,gasoline,1202.96,532.29
2016-12-19,ES,gasoline,1215.97,543.05
2017-01-02,ES,gasoline,1237.09,560.67
2017-01-09,ES,gasoline,1246.86,569.09
2017-01-16,ES,gasoline,1241.88,564.97
2017-01-23,ES,gasoline,1242.11,565.2
2017-01-30,ES,gasoline,1243.84,566.62
2017-02-06,ES,gasoline,1245.71,568.15
2017-02-13,ES,gasoline,1247.76,569.83
2017-02-20,ES,gasoline,1254.67,575.55
2017-02-27,ES,gasoline,1253.18,574.33
2017-03-06,ES,gasoline,1249.54,571.34
2017-03-13,ES,gasoline,1236.91,560.92
2017-03-20,ES,gasoline,1217.62,544.99
2017-03-27,ES,gasoline,1212.71,540.87
2017-04-03,ES,gasoline,1215.73,543.34
2017-04-10,ES,gasoline,1236.25,560.32
2017-04-24,ES,gasoline,1257.61,578.0
2017-05-01,ES,gasoline,1239.46,563.02
2017-05-08,ES,gasoline,1220.42,547.24
2017-05-15,ES,gasoline,1206.27,535.54
2017-05-22,ES,gasoline,1210.96,539.4
2017-05-29,ES,gasoline,1215.88,543.47
2017-06-05,ES,gasoline,1207.92,536.88
2017-06-12,ES,gasoline,1194.44,525.74
2017-06-19,ES,gasoline,1182.45,515.83
2017-06-26,ES,gasoline,1172.15,507.33
2017-07-03,ES,gasoline,1168.16,504.03
2017-07-10,ES,gasoline,1174.55,509.32
2017-07-17,ES,gasoline,1172.49,507.62
2017-07-24,ES,gasoline,1176.92,511.29
2017-07-31,ES,gasoline,1180.86,514.57
2017-08-07,ES,gasoline,1187.83,520.3
2017-08-14,ES,gasoline,1191.54,523.35
2017-08-21,ES,gasoline,1190.73,522.68
2017-08-28,ES,gasoline,1189.77,521.92
2017-09-04,ES,gasoline,1200.16,530.48
2017-09-11,ES,gasoline,1217.72,544.96
2017-09-18,ES,gasoline,1214.38,542.21
2017-09-25,ES,gasoline,1211.03,539.46
2017-10-02,ES,gasoline,1211.45,539.83
2017-10-09,ES,gasoline,1206.06,535.33
2017-10-16,ES,gasoline,1203.49,533.21
2017-10-23,ES,gasoline,1203.42,533.16
2017-10-30,ES,gasoline,1206.7,535.86
2017-11-06,ES,gasoline,1220.68,547.42
2017-11-13,ES,gasoline,1239.1,562.65
2017-11-20,ES,gasoline,1241.45,564.6
2017-11-27,ES,gasoline,1238.04,561.78
2017-12-04,ES,gasoline,1237.84,561.62
2017-12-11,ES,gasoline,1234.72,559.01
2017-12-18,ES,gasoline,1235.48,559.68
2018-01-01,ES,gasoline,1242.52,565.52
2018-01-08,ES,gasoline,1248.99,570.9
2018-01-15,ES,gasoline,1254.12,575.09
2018-01-22,ES,gasoline,1254.87,575.72
2018-01-29,ES,gasoline,1256.05,576.7
2018-02-05,ES,gasoline,1256.71,577.25
2018-02-12,ES,gasoline,1248.24,570.26
2018-02-19,ES,gasoline,1228.09,553.58
2018-02-26,ES,gasoline,1224.49,550.62
2018-03-05,ES,gasoline,1226.93,552.64
2018-03-12,ES,gasoline,1221.61,548.25
2018-03-19,ES,gasoline,1220.52,547.37
2018-03-26,ES,gasoline,1236.52,560.62
2018-04-09,ES,gasoline,1253.49,574.62
2018-04-16,ES,gasoline,1260.74,580.6
2018-04-23,ES,gasoline,1269.06,587.5
2018-04-30,ES,gasoline,1279.05,595.76
2018-05-07,ES,gasoline,1286.28,601.73
2018-05-14,ES,gasoline,1302.36,614.99
2018-05-21,ES,gasoline,1322.5,631.59
2018-05-28,ES,gasoline,1335.32,642.2
2018-06-04,ES,gasoline,1337.18,643.74
2018-06-11,ES,gasoline,1333.43,640.67
2018-06-18,ES,gasoline,1328.43,636.56
2018-06-25,ES,gasoline,1319.6,629.23
2018-07-02,ES,gasoline,1318.45,628.28
2018-07-09,ES,gasoline,1325.75,634.32
2018-07-16,ES,gasoline,1325.97,634.52
2018-07-23,ES,gasoline,1318.17,628.12
2018-07-30,ES,gasoline,1318.84,628.67
2018-08-06,ES,gasoline,1325.13,633.83
2018-08-13,ES,gasoline,1326.91,635.28
2018-08-20,ES,gasoline,1327.86,636.07
2018-08-27,ES,gasoline,1329.38,637.34
2018-09-03,ES,gasoline,1336.35,643.11
2018-09-10,ES,gasoline,1340.62,646.61
2018-09-17,ES,gasoline,1337.51,644.08
2018-09-24,ES,gasoline,1332.49,639.91
2018-10-01,ES,gasoline,1334.91,641.93
2018-10-08,ES,gasoline,1351.04,655.25
2018-10-15,ES,gasoline,1356.95,660.11
2018-10-22,ES,gasoline,1344.14,649.55
2018-10-29,ES,gasoline,1339.87,646.03
2018-11-05,ES,gasoline,1334.81,641.82
2018-11-12,ES,gasoline,1315.68,626.02
2018-11-19,ES,gasoline,1295.8,609.58
2018-11-26,ES,gasoline,1272.45,590.27
2018-12-03,ES,gasoline,1241.87,565.02
2018-12-10,ES,gasoline,1224.17,550.36
2018-12-17,ES,gasoline,1211.71,540.06
2019-01-07,ES,gasoline,1179.5,502.1
2019-01-14,ES,gasoline,1197.11,516.66
2019-01-21,ES,gasoline,1212.66,529.51
2019-01-28,ES,gasoline,1222.14,537.34
2019-02-04,ES,gasoline,1226.46,540.91
2019-02-11,ES,gasoline,1230.5,544.25
2019-02-18,ES,gasoline,1236.28,549.03
2019-02-25,ES,gasoline,1252.7,562.6
2019-03-04,ES,gasoline,1257.55,566.61
2019-03-11,ES,gasoline,1261.15,569.58
2019-03-18,ES,gasoline,1267.9,575.16
2019-03-25,ES,gasoline,1277.78,583.33
2019-04-01,ES,gasoline,1291.09,594.33
2019-04-08,ES,gasoline,1307.56,607.94
2019-04-15,ES,gasoline,1329.72,626.25
2019-04-29,ES,gasoline,1353.94,646.27
2019-05-06,ES,gasoline,1358.42,649.97
2019-05-13,ES,gasoline,1355.26,647.36
2019-05-20,ES,gasoline,1354.64,646.85
2019-05-27,ES,gasoline,1357.44,649.16
2019-06-03,ES,gasoline,1349.11,642.28
2019-06-10,ES,gasoline,1325.17,622.49
2019-06-17,ES,gasoline,1306.62,607.16
2019-06-24,ES,gasoline,1301.65,603.05
2019-07-01,ES,gasoline,1308.35,608.59
2019-07-08,ES,gasoline,1311.77,611.42
2019-07-15,ES,gasoline,1321.49,619.45
2019-07-22,ES,gasoline,1329.97,626.46
2019-07-29,ES,gasoline,1327.56,624.47
2019-08-05,ES,gasoline,1331.48,627.71
2019-08-12,ES,gasoline,1321.68,619.61
2019-08-19,ES,gasoline,1312.94,612.38
2019-08-26,ES,gasoline,1308.95,609.09
2019-09-02,ES,gasoline,1307.0,607.48
2019-09-09,ES,gasoline,1302.09,603.42
2019-09-16,ES,gasoline,1304.28,605.23
2019-09-23,ES,gasoline,1318.47,616.95
2019-09-30,ES,gasoline,1320.95,619.0
2019-10-07,ES,gasoline,1313.56,612.9
2019-10-14,ES,gasoline,1308.45,608.67
2019-10-21,ES,gasoline,1302.34,603.62
2019-10-28,ES,gasoline,1296.57,598.86
2019-11-04,ES,gasoline,1296.59,598.87
2019-11-11,ES,gasoline,1299.51,601.29
2019-11-18,ES,gasoline,1297.79,599.86
2019-11-25,ES,gasoline,1298.95,600.82
2019-12-02,ES,gasoline,1306.23,606.84
2019-12-09,ES,gasoline,1304.52,605.43
2019-12-16,ES,gasoline,1303.01,604.18
2020-01-06,ES,gasoline,1320.63,618.74
2020-01-13,ES,gasoline,1326.03,623.2
2020-01-20,ES,gasoline,1321.78,619.69
2020-01-27,ES,gasoline,1317.96,616.53
2020-02-03,ES,gasoline,1307.63,608.0
2020-02-10,ES,gasoline,1298.9,600.78
2020-02-17,ES,gasoline,1296.79,599.04
2020-02-24,ES,gasoline,1299.83,601.55
2020-03-02,ES,gasoline,1293.13,596.01
2020-03-09,ES,gasoline,1277.79,583.33
2020-03-16,ES,gasoline,1233.13,546.43
2020-03-23,ES,gasoline,1176.33,499.48
2020-03-30,ES,gasoline,1143.67,472.49
2020-04-06,ES,gasoline,1122.36,454.88
2020-04-20,ES,gasoline,1108.5,443.43
2020-04-27,ES,gasoline,1088.59,426.97
2020-05-04,ES,gasoline,1072.47,413.65
2020-05-11,ES,gasoline,1074.45,415.29
2020-05-18,ES,gasoline,1078.86,418.93
2020-05-25,ES,gasoline,1089.72,427.91
2020-06-01,ES,gasoline,1094.19,431.6
2020-06-08,ES,gasoline,1103.32,439.14
2020-06-15,ES,gasoline,1119.09,452.18
2020-06-22,ES,gasoline,1130.54,461.64
2020-06-29,ES,gasoline,1145.37,473.9
2020-07-06,ES,gasoline,1151.6,479.05
2020-07-13,ES,gasoline,1160.95,486.77
2020-07-20,ES,gasoline,1164.4,489.62
2020-07-27,ES,gasoline,1164.56,489.76
2020-08-03,ES,gasoline,1162.2,487.81
2020-08-10,ES,gasoline,1159.21,485.33
2020-08-17,ES,gasoline,1163.55,488.92
2020-08-24,ES,gasoline,1166.4,491.28
2020-08-31,ES,gasoline,1171.34,495.36
2020-09-07,ES,gasoline,1169.81,494.1
2020-09-14,ES,gasoline,1162.37,487.95
2020-09-21,ES,gasoline,1162.12,487.74
2020-09-28,ES,gasoline,1162.75,488.26
2020-10-05,ES,gasoline,1162.29,487.88
2020-10-12,ES,gasoline,1162.4,487.97
2020-10-19,ES,gasoline,1161.12,486.91
2020-10-26,ES,gasoline,1154.78,481.67
2020-11-02,ES,gasoline,1145.81,474.26
2020-11-09,ES,gasoline,1142.09,471.19
2020-11-16,ES,gasoline,1151.65,479.09
2020-11-23,ES,gasoline,1156.93,483.45
2020-11-30,ES,gasoline,1166.68,491.51
2020-12-07,ES,gasoline,1170.26,494.47
2020-12-14,ES,gasoline,1175.91,499.14
2020-12-21,ES,gasoline,1184.71,506.41
2021-01-11,ES,gasoline,1199.98,519.03
2021-01-18,ES,gasoline,1215.89,532.18
2021-01-25,ES,gasoline,1224.65,539.42
2021-02-01,ES,gasoline,1227.1,541.44
2021-02-08,ES,gasoline,1238.47,550.84
2021-02-15,ES,gasoline,1251.56,561.66
2021-02-22,ES,gasoline,1268.02,575.26
2021-03-01,ES,gasoline,1282.73,587.42
2021-03-08,ES,gasoline,1293.59,596.39
2021-03-15,ES,gasoline,1311.14,610.9
2021-03-22,ES,gasoline,1321.48,619.44
2021-03-29,ES,gasoline,1317.04,615.77
2021-04-12,ES,gasoline,1315.43,614.44
2021-04-19,ES,gasoline,1319.9,618.14
2021-04-26,ES,gasoline,1326.45,623.55
2021-05-03,ES,gasoline,1331.94,628.09
2021-05-10,ES,gasoline,1344.14,638.17
2021-05-17,ES,gasoline,1350.83,643.7
2021-05-24,ES,gasoline,1350.68,643.57
2021-05-31,ES,gasoline,1351.38,644.15
2021-06-07,ES,gasoline,1358.64,650.15
2021-06-14,ES,gasoline,1367.48,657.46
2021-06-21,ES,gasoline,1374.15,662.97
2021-06-28,ES,gasoline,1383.0,670.29
2021-07-05,ES,gasoline,1391.25,677.1
2021-07-12,ES,gasoline,1400.89,685.07
2021-07-19,ES,gasoline,1408.72,691.54
2021-07-26,ES,gasoline,1408.17,691.09
2021-08-02,ES,gasoline,1416.2,697.72
2021-08-09,ES,gasoline,1419.89,700.77
2021-08-16,ES,gasoline,1417.89,699.12
2021-08-23,ES,gasoline,1415.22,696.91
2021-08-30,ES,gasoline,1414.46,696.29
2021-09-06,ES,gasoline,1421.23,701.88
2021-09-13,ES,gasoline,1428.71,708.06
2021-09-20,ES,gasoline,1436.87,714.81
2021-09-27,ES,gasoline,1437.48,715.31
2021-10-04,ES,gasoline,1448.15,724.13
2021-10-11,ES,gasoline,1466.51,739.3
2021-10-18,ES,gasoline,1483.7,753.51
2021-10-25,ES,gasoline,1497.2,764.67
2021-11-01,ES,gasoline,1505.85,771.81
2021-11-08,ES,gasoline,1510.0,775.24
2021-11-15,ES,gasoline,1513.03,777.75
2021-11-22,ES,gasoline,1512.73,777.5
2021-11-29,ES,gasoline,1509.28,774.65
2021-12-06,ES,gasoline,1488.04,757.1
2021-12-13,ES,gasoline,1479.53,750.06
2021-12-20,ES,gasoline,1476.46,747.52
2022-01-03,ES,gasoline,1479.63,750.14
2022-01-10,ES,gasoline,1489.51,758.31
2022-01-17,ES,gasoline,1502.33,768.91
2022-01-24,ES,gasoline,1520.46,783.89
2022-01-31,ES,gasoline,1538.04,798.42
2022-02-07,ES,gasoline,1558.88,815.64
2022-02-14,ES,gasoline,1575.46,829.34
2022-02-21,ES,gasoline,1591.66,842.73
2022-02-28,ES,gasoline,1608.84,856.93
2022-03-07,ES,gasoline,1679.83,915.6
2022-03-14,ES,gasoline,1844.63,1051.8
2022-03-21,ES,gasoline,1813.41,1026.0
2022-03-28,ES,gasoline,1818.2,1029.95
2022-04-04,ES,gasoline,1813.01,1025.67
2022-04-11,ES,gasoline,1790.7,1007.23
2022-04-25,ES,gasoline,1817.07,1029.02
2022-05-02,ES,gasoline,1837.22,1045.67
2022-05-09,ES,gasoline,1878.26,1079.59
2022-05-16,ES,gasoline,1897.84,1095.77
2022-05-23,ES,gasoline,1940.36,1130.91
2022-05-30,ES,gasoline,1968.44,1154.12
2022-06-06,ES,gasoline,2048.58,1220.35
2022-06-13,ES,gasoline,2117.09,1276.97
2022-06-20,ES,gasoline,2141.58,1297.21
2022-06-27,ES,gasoline,2128.58,1286.47
2022-07-04,ES,gasoline,2112.93,1273.53
2022-07-11,ES,gasoline,2072.79,1240.36
2022-07-18,ES,gasoline,2026.03,1201.71
2022-07-25,ES,gasoline,1954.71,1142.77
2022-08-01,ES,gasoline,1902.56,1099.67
2022-08-08,ES,gasoline,1860.78,1065.14
2022-08-15,ES,gasoline,1797.57,1012.91
2022-08-22,ES,gasoline,1786.97,1004.14
2022-08-29,ES,gasoline,1794.16,1010.09
2022-09-05,ES,gasoline,1779.6,998.05
2022-09-12,ES,gasoline,1748.56,972.4
2022-09-19,ES,gasoline,1708.99,939.7
2022-09-26,ES,gasoline,1680.99,916.56
2022-10-03,ES,gasoline,1676.48,912.83
2022-10-10,ES,gasoline,1711.01,941.37
2022-10-17,ES,gasoline,1756.63,979.07
2022-10-24,ES,gasoline,1763.29,984.57
2022-10-31,ES,gasoline,1759.65,981.57
2022-11-07,ES,gasoline,1771.32,991.21
2022-11-14,ES,gasoline,1784.84,1002.38
2022-11-21,ES,gasoline,1764.66,985.71
2022-11-28,ES,gasoline,1730.54,957.51
2022-12-05,ES,gasoline,1688.0,922.35
2022-12-12,ES,gasoline,1642.18,884.48
2022-12-19,ES,gasoline,1590.66,841.91
2022-12-26,ES,gasoline,1565.4,821.03
2023-01-02,ES,gasoline,1583.84,836.27
2023-01-09,ES,gasoline,1616.35,863.14
2023-01-16,ES,gasoline,1619.33,865.6
2023-01-23,ES,gasoline,1636.78,880.02
2023-01-30,ES,gasoline,1660.86,899.92
2023-02-06,ES,gasoline,1655.31,895.33
2023-02-13,ES,gasoline,1633.59,877.38
2023-02-20,ES,gasoline,1636.62,879.89
2023-02-27,ES,gasoline,1632.2,876.24
2023-03-06,ES,gasoline,1635.67,879.1
2023-03-13,ES,gasoline,1644.46,886.37
2023-03-20,ES,gasoline,1635.9,879.29
2023-03-27,ES,gasoline,1627.57,872.41
2023-04-03,ES,gasoline,1631.02,875.26
2023-04-10,ES,gasoline,1640.56,883.14
2023-04-17,ES,gasoline,1651.29,892.01
2023-04-24,ES,gasoline,1641.85,884.21
2023-05-01,ES,gasoline,1622.36,868.1
2023-05-08,ES,gasoline,1599.31,849.05
2023-05-15,ES,gasoline,1579.69,832.84
2023-05-22,ES,gasoline,1576.49,830.19
2023-05-29,ES,gasoline,1584.99,837.22
2023-06-05,ES,gasoline,1588.27,839.93
2023-06-12,ES,gasoline,1594.27,844.89
2023-06-19,ES,gasoline,1596.64,846.85
2023-06-26,ES,gasoline,1598.24,848.17
2023-07-03,ES,gasoline,1591.69,842.76
2023-07-10,ES,gasoline,1593.71,844.43
2023-07-17,ES,gasoline,1602.42,851.62
2023-07-24,ES,gasoline,1615.01,862.03
2023-07-31,ES,gasoline,1650.5,891.36
2023-08-07,ES,gasoline,1680.28,915.97
2023-08-14,ES,gasoline,1692.03,925.68
2023-08-21,ES,gasoline,1709.72,940.3
2023-08-28,ES,gasoline,1721.04,949.66
2023-09-04,ES,gasoline,1731.13,958.0
2023-09-11,ES,gasoline,1735.25,961.4
2023-09-18,ES,gasoline,1751.5,974.83
2023-09-25,ES,gasoline,1759.89,981.76
2023-10-02,ES,gasoline,1751.96,975.21
2023-10-09,ES,gasoline,1719.39,948.29
2023-10-16,ES,gasoline,1679.5,915.33
2023-10-23,ES,gasoline,1662.87,901.58
2023-10-30,ES,gasoline,1652.11,892.69
2023-11-06,ES,gasoline,1646.6,888.14
2023-11-13,ES,gasoline,1619.53,865.76
2023-11-20,ES,gasoline,1600.01,849.63
2023-11-27,ES,gasoline,1585.63,837.75
2023-12-04,ES,gasoline,1572.08,826.55
2023-12-11,ES,gasoline,1557.87,814.81
2023-12-18,ES,gasoline,1536.91,797.48
2023-12-25,ES,gasoline,1531.95,793.38
2024-01-01,ES,gasoline,1534.59,795.57
2024-01-08,ES,gasoline,1535.92,796.67
2024-01-15,ES,gasoline,1535.2,796.07
2024-01-22,ES,gasoline,1537.57,798.03
2024-01-29,ES,gasoline,1546.19,805.15
2024-02-05,ES,gasoline,1560.06,816.62
2024-02-12,ES,gasoline,1572.24,826.68
2024-02-19,ES,gasoline,1598.64,848.5
2024-02-26,ES,gasoline,1605.92,854.52
2024-03-04,ES,gasoline,1609.56,857.52
2024-03-11,ES,gasoline,1614.74,861.81
2024-03-18,ES,gasoline,1616.77,863.48
2024-03-25,ES,gasoline,1635.81,879.22
2024-04-01,ES,gasoline,1645.92,887.57
2024-04-08,ES,gasoline,1660.39,899.53
2024-04-15,ES,gasoline,1676.89,913.17
2024-04-22,ES,gasoline,1686.84,921.39
2024-04-29,ES,gasoline,1687.41,921.86
2024-05-06,ES,gasoline,1685.26,920.09
2024-05-13,ES,gasoline,1671.82,908.98
2024-05-20,ES,gasoline,1657.96,897.52
2024-05-27,ES,gasoline,1648.7,889.87
2024-06-03,ES,gasoline,1640.21,882.86
2024-06-10,ES,gasoline,1623.67,869.19
2024-06-17,ES,gasoline,1615.78,862.67
2024-06-24,ES,gasoline,1616.45,863.22
2024-07-01,ES,gasoline,1621.98,867.79
2024-07-08,ES,gasoline,1626.18,871.26
2024-07-15,ES,gasoline,1624.32,869.72
2024-07-22,ES,gasoline,1617.65,864.21
2024-07-29,ES,gasoline,1611.49,859.12
2024-08-05,ES,gasoline,1603.24,772.5680596497311
2024-08-12,ES,gasoline,1589.62,841.05
2024-08-19,ES,gasoline,1583.36,835.87
2024-08-26,ES,gasoline,1565.69,821.27
2024-09-02,ES,gasoline,1551.34,809.41
2024-09-09,ES,gasoline,1530.33,792.05
2024-09-16,ES,gasoline,1502.42,768.98
2024-09-23,ES,gasoline,1487.94,757.01
2024-09-30,ES,gasoline,1482.58,752.58
2024-10-07,ES,gasoline,1481.03,751.3
2024-10-14,ES,gasoline,1495.45,763.22
2024-10-21,ES,gasoline,1505.38,771.43
2024-10-28,ES,gasoline,1507.24,772.96
2024-11-04,ES,gasoline,1504.59,770.77
2024-11-11,ES,gasoline,1504.49,770.77
2024-11-18,ES,gasoline,1504.82,770.96
2024-11-25,ES,gasoline,1510.78,775.89
2024-12-02,ES,gasoline,1514.76,779.18
2024-12-09,ES,gasoline,1513.54,778.17
2024-12-16,ES,gasoline,1515.24,779.57
2024-12-23,ES,gasoline,1520.94,784.29
2024-12-30,ES,gasoline,1525.06,787.69
2025-01-06,ES,gasoline,1536.16,796.86
2025-01-13,ES,gasoline,1551.82,809.81
2025-01-20,ES,gasoline,1571.88,826.38
2025-01-27,ES,gasoline,1579.24,832.47
2025-02-03,ES,gasoline,1573.01,827.32
2025-02-10,ES,gasoline,1571.62,826.17
2025-02-17,ES,gasoline,1573.79,827.96
2025-02-24,ES,gasoline,1570.51,825.25
2025-03-03,ES,gasoline,1558.74,815.52
2025-03-10,ES,gasoline,1540.77,800.67
2025-03-17,ES,gasoline,1517.35,781.32
2025-03-24,ES,gasoline,1508.07,773.65
2025-03-31,ES,gasoline,1511.37,776.38
2025-04-07,ES,gasoline,1517.1,781.11
2025-04-14,ES,gasoline,1496.42,764.02
2025-04-21,ES,gasoline,1479.26,749.84
2025-04-28,ES,gasoline,1470.33,742.46
2025-05-05,ES,gasoline,1464.82,737.91
2025-05-12,ES,gasoline,1454.74,729.57
2025-05-19,ES,gasoline,1455.84,730.48
2025-05-26,ES,gasoline,1458.66,732.81
2025-06-02,ES,gasoline,1458.78,732.91
2025-06-09,ES,gasoline,1457.63,731.96
2025-06-16,ES,gasoline,1463.42,736.75
2025-06-23,ES,gasoline,1488.11,757.15
2025-06-30,ES,gasoline,1501.06,767.86
2025-07-07,ES,gasoline,1492.08,760.43
2025-07-14,ES,gasoline,1491.75,760.16
2025-07-21,ES,gasoline,1491.96,760.33
2025-07-28,ES,gasoline,1489.0,757.89
2025-08-04,ES,gasoline,1486.13,755.52
2025-08-11,ES,gasoline,1483.68,753.49
2025-08-18,ES,gasoline,1479.55,750.08
2025-08-25,ES,gasoline,1477.51,748.39
2025-09-01,ES,gasoline,1477.73,748.57
2025-09-08,ES,gasoline,1480.03,750.48
2025-09-15,ES,gasoline,1482.69,752.67
2025-09-22,ES,gasoline,1484.33,754.03
2025-09-29,ES,gasoline,1482.17,752.24
2025-10-06,ES,gasoline,1481.69,751.8471900826446
2025-10-13,ES,gasoline,1473.902859,745.4115363636364
2025-10-20,ES,gasoline,1466.797737,739.5395347107439
2025-10-27,ES,gasoline,1464.8274299999998,737.9111818181817
2025-11-03,ES,gasoline,1472.103847,743.9247495867769
2025-11-10,ES,gasoline,1477.06,748.0207438016528
2025-11-17,ES,gasoline,1485.2918269999998,754.82390661157
2025-11-24,ES,gasoline,1489.2116079999998,758.0633950413222
2025-12-01,ES,gasoline,1484.4012879999998,754.0879239669421
2025-12-08,ES,gasoline,1478.969365,749.5987314049587
2025-12-15,ES,gasoline,1470.2038049999999,742.3544669421486
2025-12-22,ES,gasoline,1451.761748,727.1130975206611
2025-12-29,ES,gasoline,1440.2630359999998,717.610029752066
2026-01-05,ES,gasoline,1437.9674,715.7128099173553
2026-01-12,ES,gasoline,1436.440388,714.4508154958678
2026-01-19,ES,gasoline,1440.046993,717.4314814958678
2026-01-26,ES,gasoline,1446.4905979999999,722.7567744958678
2026-02-02,ES,gasoline,1452.326084,727.5794904958678
2026-02-09,ES,gasoline,1458.640374,732.7979124958678
2026-02-16,ES,gasoline,1464.821862,737.9065794958678
2026-02-23,ES,gasoline,1471.213927,743.1892784958678
2026-03-02,ES,gasoline,1486.554069,755.8670814958679
2026-03-09,ES,gasoline,1600.832773,850.3122914958678
2026-03-16,ES,gasoline,1708.742645,939.4940044958679
2026-03-23,ES,gasoline,1733.0373129999998,1029.8263024916164
2026-03-30,ES,gasoline,1557.6367879999998,1057.0334445454544
2026-04-06,ES,gasoline,1553.685055,1053.4409585454546
2026-04-13,ES,gasoline,1552.351502,1052.2286385454545
2026-04-20,ES,gasoline,1516.9576989999998,1020.0524535454547
2026-04-27,ES,gasoline,1503.841415,1008.1285595454544
2026-05-04,ES,gasoline,1528.212325,1030.2839315454546
2026-05-11,ES,gasoline,1541.31246,1042.1931455454546
2026-05-18,ES,gasoline,1547.5897730000002,1047.8997945454546
2026-05-25,ES,gasoline,1568.281241,1066.7102195454545
2026-06-01,ES,gasoline,1547.735228,1048.0320255454546
2026-06-08,ES,gasoline,1520.32589,1023.1144455454546
2026-06-15,ES,gasoline,1499.868239,1004.5165805454544
2026-06-22,ES,gasoline,1460.010561,968.2823285454544
2026-06-29,ES,gasoline,1437.863854,948.1489575454544
2026-07-06,ES,gasoline,1517.559048,943.2817319344563
2026-07-13,ES,gasoline,1541.620978,951.3769234958678
2026-07-20,ES,gasoline,1581.92,984.68
2026-07-27,ES,gasoline,1644.506549,1036.4063214958678
2026-08-03,ES,gasoline,1687.0427519999998,1050.1316364958677
2026-08-10,ES,gasoline,1702.8721639999999,1034.6423664958677
2005-01-03,PT,diesel,858.68,413.29
2005-01-10,PT,diesel,848.34,404.6
2005-01-17,PT,diesel,833.97,392.53
2005-01-24,PT,diesel,828.83,388.21
2005-01-31,PT,diesel,827.03,386.69
2005-02-07,PT,diesel,826.81,386.51
2005-02-14,PT,diesel,826.99,386.66
2005-02-21,PT,diesel,827.05,386.71
2005-02-28,PT,diesel,826.12,385.93
2005-03-07,PT,diesel,828.49,387.92
2005-03-14,PT,diesel,854.43,409.72
2005-03-21,PT,diesel,871.85,424.36
2005-04-04,PT,diesel,894.03,443.0
2005-04-11,PT,diesel,895.97,444.63
2005-04-18,PT,diesel,902.27,449.92
2005-04-25,PT,diesel,909.69,456.16
2005-05-02,PT,diesel,911.62,457.78
2005-05-09,PT,diesel,906.12,453.15
2005-05-16,PT,diesel,905.0,452.21
2005-05-23,PT,diesel,892.59,441.79
2005-05-30,PT,diesel,888.66,438.49
2005-06-06,PT,diesel,883.78,434.39
2005-06-13,PT,diesel,889.33,432.93
2005-06-20,PT,diesel,918.18,457.17
2005-06-27,PT,diesel,942.04,477.22
2005-07-04,PT,diesel,967.9,485.51
2005-07-11,PT,diesel,976.96,492.99
2005-07-18,PT,diesel,982.95,497.94
2005-07-25,PT,diesel,988.61,502.62
2005-08-01,PT,diesel,985.58,500.12
2005-08-08,PT,diesel,976.08,492.26
2005-08-15,PT,diesel,973.51,490.15
2005-08-22,PT,diesel,980.22,495.69
2005-08-29,PT,diesel,994.26,507.29
2005-09-05,PT,diesel,1004.45,515.71
2005-09-12,PT,diesel,1019.73,528.34
2005-09-19,PT,diesel,1031.77,538.29
2005-09-26,PT,diesel,1024.79,532.52
2005-10-03,PT,diesel,1017.14,526.2
2005-10-10,PT,diesel,1026.64,534.05
2005-10-17,PT,diesel,1032.28,538.71
2005-10-24,PT,diesel,1052.1,555.09
2005-11-07,PT,diesel,1047.53,551.31
2005-11-14,PT,diesel,1028.3,535.42
2005-11-21,PT,diesel,1001.2,513.03
2005-11-28,PT,diesel,986.46,500.85
2005-12-05,PT,diesel,982.83,497.85
2005-12-12,PT,diesel,973.42,490.07
2005-12-19,PT,diesel,972.58,489.37
2006-01-09,PT,diesel,972.97,489.72
2006-01-16,PT,diesel,981.14,496.45
2006-01-23,PT,diesel,994.34,482.36
2006-01-30,PT,diesel,1019.44,503.1
2006-02-06,PT,diesel,1021.95,505.17
2006-02-13,PT,diesel,1023.93,506.81
2006-02-20,PT,diesel,1030.17,511.97
2006-02-27,PT,diesel,1022.36,505.52
2006-03-06,PT,diesel,1023.39,506.36
2006-03-13,PT,diesel,1034.1,515.22
2006-03-20,PT,diesel,1041.2,521.08
2006-03-27,PT,diesel,1042.09,521.82
2006-04-03,PT,diesel,1042.27,521.97
2006-04-10,PT,diesel,1042.58,522.23
2006-04-24,PT,diesel,1058.07,535.03
2006-05-01,PT,diesel,1072.1,546.62
2006-05-08,PT,diesel,1086.32,558.38
2006-05-15,PT,diesel,1085.74,557.89
2006-05-22,PT,diesel,1084.56,556.92
2006-05-29,PT,diesel,1076.1,549.93
2006-06-05,PT,diesel,1076.1,549.93
2006-06-12,PT,diesel,1064.99,540.75
2006-06-19,PT,diesel,1065.63,541.28
2006-06-26,PT,diesel,1064.45,540.3
2006-07-03,PT,diesel,1064.49,540.33
2006-07-10,PT,diesel,1072.78,547.18
2006-07-17,PT,diesel,1082.57,555.28
2006-07-24,PT,diesel,1084.24,556.65
2006-07-31,PT,diesel,1092.33,563.34
2006-08-07,PT,diesel,1092.78,563.71
2006-08-14,PT,diesel,1093.35,564.19
2006-08-21,PT,diesel,1092.81,563.74
2006-08-28,PT,diesel,1093.73,564.5
2006-09-04,PT,diesel,1093.66,564.44
2006-09-11,PT,diesel,1087.03,558.96
2006-09-18,PT,diesel,1083.42,555.98
2006-09-25,PT,diesel,1056.23,533.51
2006-10-02,PT,diesel,1029.6,511.5
2006-10-09,PT,diesel,1016.55,500.72
2006-10-16,PT,diesel,1015.19,499.59
2006-10-23,PT,diesel,1007.16,492.95
2006-10-30,PT,diesel,1005.76,491.79
2006-11-06,PT,diesel,1014.76,499.23
2006-11-13,PT,diesel,1006.29,492.23
2006-11-20,PT,diesel,1005.14,491.29
2006-11-27,PT,diesel,1005.57,491.64
2006-12-04,PT,diesel,1005.84,491.86
2006-12-11,PT,diesel,1005.8,491.83
2006-12-18,PT,diesel,1005.48,491.57
2007-01-08,PT,diesel,1002.8,464.35
2007-01-15,PT,diesel,1018.52,477.34
2007-01-22,PT,diesel,1005.57,466.64
2007-01-29,PT,diesel,995.35,458.19
2007-02-05,PT,diesel,990.1,453.85
2007-02-12,PT,diesel,997.54,460.0
2007-02-19,PT,diesel,1006.59,467.48
2007-02-26,PT,diesel,1008.8,469.31
2007-03-05,PT,diesel,1013.79,473.43
2007-03-12,PT,diesel,1021.14,479.51
2007-03-19,PT,diesel,1026.78,484.17
2007-03-26,PT,diesel,1032.31,488.73
2007-04-02,PT,diesel,1031.51,488.08
2007-04-16,PT,diesel,1048.71,502.29
2007-04-23,PT,diesel,1055.36,507.78
2007-04-30,PT,diesel,1060.9,512.37
2007-05-07,PT,diesel,1054.81,507.34
2007-05-14,PT,diesel,1056.94,509.09
2007-05-21,PT,diesel,1056.22,508.5
2007-05-28,PT,diesel,1055.89,508.23
2007-06-04,PT,diesel,1060.81,512.29
2007-06-11,PT,diesel,1065.8,516.42
2007-06-18,PT,diesel,1069.89,519.8
2007-06-25,PT,diesel,1078.63,527.02
2007-07-02,PT,diesel,1083.27,530.85
2007-07-09,PT,diesel,1084.22,531.64
2007-07-16,PT,diesel,1084.32,531.72
2007-07-23,PT,diesel,1088.68,535.32
2007-07-30,PT,diesel,1089.57,536.06
2007-08-06,PT,diesel,1088.56,535.23
2007-08-13,PT,diesel,1092.66,538.62
2007-08-20,PT,diesel,1092.92,538.83
2007-08-27,PT,diesel,1088.08,534.83
2007-09-03,PT,diesel,1084.25,531.66
2007-09-10,PT,diesel,1083.78,531.27
2007-09-17,PT,diesel,1090.63,536.93
2007-09-24,PT,diesel,1101.23,545.7
2007-10-01,PT,diesel,1111.4,554.1
2007-10-08,PT,diesel,1115.06,557.13
2007-10-15,PT,diesel,1113.19,555.59
2007-10-22,PT,diesel,1114.5,556.67
2007-10-29,PT,diesel,1122.45,563.23
2007-11-05,PT,diesel,1131.9,571.05
2007-11-12,PT,diesel,1154.03,589.33
2007-11-19,PT,diesel,1179.84,610.66
2007-11-26,PT,diesel,1193.9,622.28
2007-12-03,PT,diesel,1202.19,629.13
2007-12-10,PT,diesel,1206.83,632.97
2007-12-17,PT,diesel,1200.21,627.5
2008-01-07,PT,diesel,1204.62,631.14
2008-01-14,PT,diesel,1204.77,631.26
2008-01-21,PT,diesel,1197.25,625.05
2008-01-28,PT,diesel,1179.42,610.32
2008-02-04,PT,diesel,1171.46,603.73
2008-02-11,PT,diesel,1170.41,602.87
2008-02-18,PT,diesel,1174.27,606.06
2008-02-25,PT,diesel,1201.48,628.55
2008-03-03,PT,diesel,1223.14,646.45
2008-03-10,PT,diesel,1231.33,653.21
2008-03-17,PT,diesel,1249.74,668.43
2008-03-31,PT,diesel,1255.69,673.35
2008-04-07,PT,diesel,1245.78,665.16
2008-04-14,PT,diesel,1249.19,667.98
2008-04-21,PT,diesel,1276.27,690.36
2008-04-28,PT,diesel,1289.79,701.53
2008-05-05,PT,diesel,1313.06,720.77
2008-05-12,PT,diesel,1327.09,732.36
2008-05-19,PT,diesel,1358.38,758.22
2008-05-26,PT,diesel,1392.77,786.64
2008-06-02,PT,diesel,1413.15,803.49
2008-06-09,PT,diesel,1412.7,803.11
2008-06-16,PT,diesel,1408.35,799.52
2008-06-23,PT,diesel,1420.5,809.56
2008-06-30,PT,diesel,1428.26,815.97
2008-07-07,PT,diesel,1418.93,808.26
2008-07-14,PT,diesel,1428.15,825.72
2008-07-21,PT,diesel,1425.68,823.66
2008-07-28,PT,diesel,1416.75,816.21
2008-08-04,PT,diesel,1389.05,793.13
2008-08-11,PT,diesel,1363.54,771.87
2008-08-18,PT,diesel,1327.35,741.71
2008-08-25,PT,diesel,1308.01,725.6
2008-09-01,PT,diesel,1310.2,727.42
2008-09-08,PT,diesel,1317.8,733.76
2008-09-15,PT,diesel,1304.9,723.01
2008-09-22,PT,diesel,1294.04,713.96
2008-09-29,PT,diesel,1267.45,691.8
2008-10-06,PT,diesel,1266.35,690.88
2008-10-13,PT,diesel,1268.18,692.41
2008-10-20,PT,diesel,1216.06,648.97
2008-10-27,PT,diesel,1187.44,625.12
2008-11-03,PT,diesel,1159.54,601.87
2008-11-10,PT,diesel,1148.15,592.38
2008-11-17,PT,diesel,1141.96,587.22
2008-11-24,PT,diesel,1122.36,570.89
2008-12-01,PT,diesel,1092.63,546.11
2008-12-08,PT,diesel,1070.54,527.71
2008-12-15,PT,diesel,1033.79,497.08
2009-01-05,PT,diesel,952.76,429.56
2009-01-12,PT,diesel,939.83,418.78
2009-01-19,PT,diesel,962.54,437.71
2009-01-26,PT,diesel,979.28,451.66
2009-02-02,PT,diesel,979.1,451.51
2009-02-09,PT,diesel,971.49,445.16
2009-02-16,PT,diesel,970.27,444.15
2009-02-23,PT,diesel,963.14,438.21
2009-03-02,PT,diesel,942.83,421.28
2009-03-09,PT,diesel,934.33,414.2
2009-03-16,PT,diesel,931.74,412.04
2009-03-23,PT,diesel,931.51,411.85
2009-03-30,PT,diesel,937.64,416.96
2009-04-06,PT,diesel,959.65,435.3
2009-04-20,PT,diesel,972.31,445.85
2009-04-27,PT,diesel,980.63,452.78
2009-05-04,PT,diesel,978.35,450.88
2009-05-11,PT,diesel,973.64,446.96
2009-05-18,PT,diesel,977.33,450.03
2009-05-25,PT,diesel,984.59,456.08
2009-06-01,PT,diesel,985.16,456.56
2009-06-08,PT,diesel,994.0,463.92
2009-06-15,PT,diesel,1014.0,480.59
2009-06-22,PT,diesel,1027.0,491.42
2009-06-29,PT,diesel,1039.0,501.42
2009-07-06,PT,diesel,1031.0,494.76
2009-07-13,PT,diesel,1024.0,488.92
2009-07-20,PT,diesel,1003.0,471.42
2009-07-27,PT,diesel,1000.0,468.92
2009-08-03,PT,diesel,1022.0,487.26
2009-08-10,PT,diesel,1034.0,497.26
2009-08-17,PT,diesel,1054.0,513.92
2009-08-24,PT,diesel,1056.0,515.59
2009-08-31,PT,diesel,1054.0,513.92
2009-09-07,PT,diesel,1045.0,506.42
2009-09-14,PT,diesel,1021.0,486.42
2009-09-21,PT,diesel,1014.0,480.59
2009-09-28,PT,diesel,1010.0,477.26
2009-10-05,PT,diesel,1009.0,476.42
2009-10-12,PT,diesel,1010.0,477.26
2009-10-19,PT,diesel,1015.0,481.42
2009-10-26,PT,diesel,1046.0,507.26
2009-11-02,PT,diesel,1053.0,513.09
2009-11-09,PT,diesel,1055.0,514.76
2009-11-16,PT,diesel,1053.0,513.09
2009-11-23,PT,diesel,1048.0,508.92
2009-11-30,PT,diesel,1052.0,512.26
2009-12-07,PT,diesel,1047.0,508.09
2009-12-14,PT,diesel,1050.0,510.59
2009-12-21,PT,diesel,1042.0,503.92
2010-01-04,PT,diesel,1062.0,520.59
2010-01-11,PT,diesel,1081.0,536.42
2010-01-18,PT,diesel,1091.0,544.76
2010-01-25,PT,diesel,1082.0,537.26
2010-02-01,PT,diesel,1071.0,528.09
2010-02-08,PT,diesel,1069.0,526.42
2010-02-15,PT,diesel,1072.0,528.92
2010-02-22,PT,diesel,1083.0,538.09
2010-03-01,PT,diesel,1098.0,550.59
2010-03-08,PT,diesel,1109.0,559.76
2010-03-15,PT,diesel,1120.0,568.92
2010-03-22,PT,diesel,1125.0,573.09
2010-03-29,PT,diesel,1132.0,578.92
2010-04-12,PT,diesel,1166.0,607.26
2010-04-19,PT,diesel,1170.0,610.59
2010-04-26,PT,diesel,1168.0,608.92
2010-05-03,PT,diesel,1171.0,611.42
2010-05-10,PT,diesel,1173.0,613.09
2010-05-17,PT,diesel,1173.0,613.09
2010-05-24,PT,diesel,1168.0,608.92
2010-05-31,PT,diesel,1154.0,597.26
2010-06-07,PT,diesel,1157.0,599.76
2010-06-14,PT,diesel,1170.0,610.59
2010-06-21,PT,diesel,1174.0,613.92
2010-06-28,PT,diesel,1181.0,619.76
2010-07-05,PT,diesel,1182.0,612.45
2010-07-12,PT,diesel,1167.0,600.05
2010-07-19,PT,diesel,1161.0,595.09
2010-07-26,PT,diesel,1160.0,594.27
2010-08-02,PT,diesel,1160.0,594.27
2010-08-09,PT,diesel,1170.0,602.53
2010-08-16,PT,diesel,1171.0,603.36
2010-08-23,PT,diesel,1165.0,598.4
2010-08-30,PT,diesel,1160.0,594.27
2010-09-06,PT,diesel,1156.0,590.96
2010-09-13,PT,diesel,1163.0,596.75
2010-09-20,PT,diesel,1166.0,599.23
2010-09-27,PT,diesel,1161.0,595.09
2010-10-04,PT,diesel,1156.0,590.96
2010-10-11,PT,diesel,1161.0,595.09
2010-10-18,PT,diesel,1166.0,599.23
2010-10-25,PT,diesel,1165.0,598.4
2010-11-08,PT,diesel,1167.0,600.05
2010-11-15,PT,diesel,1183.0,613.28
2010-11-22,PT,diesel,1191.0,619.89
2010-11-29,PT,diesel,1188.0,617.41
2010-12-06,PT,diesel,1208.0,633.94
2010-12-13,PT,diesel,1224.0,647.16
2010-12-20,PT,diesel,1227.0,649.64
2011-01-03,PT,diesel,1277.0,673.8
2011-01-10,PT,diesel,1293.0,686.81
2011-01-17,PT,diesel,1313.0,703.07
2011-01-24,PT,diesel,1316.0,705.51
2011-01-31,PT,diesel,1308.0,699.0
2011-02-07,PT,diesel,1334.0,720.14
2011-02-14,PT,diesel,1344.0,728.27
2011-02-21,PT,diesel,1355.0,737.22
2011-02-28,PT,diesel,1366.0,746.16
2011-03-07,PT,diesel,1394.0,768.92
2011-03-14,PT,diesel,1406.0,778.68
2011-03-21,PT,diesel,1409.0,781.12
2011-03-28,PT,diesel,1408.0,780.31
2011-04-04,PT,diesel,1407.0,779.49
2011-04-11,PT,diesel,1413.0,784.37
2011-04-18,PT,diesel,1417.0,787.62
2011-05-02,PT,diesel,1411.0,782.74
2011-05-09,PT,diesel,1386.0,762.42
2011-05-16,PT,diesel,1369.0,748.6
2011-05-23,PT,diesel,1362.0,742.91
2011-05-30,PT,diesel,1345.0,729.09
2011-06-06,PT,diesel,1352.0,734.78
2011-06-13,PT,diesel,1355.0,737.22
2011-06-20,PT,diesel,1362.0,742.91
2011-06-27,PT,diesel,1354.0,736.4
2011-07-04,PT,diesel,1340.0,725.02
2011-07-11,PT,diesel,1348.0,731.52
2011-07-18,PT,diesel,1372.0,751.04
2011-07-25,PT,diesel,1383.0,759.98
2011-08-01,PT,diesel,1379.0,756.73
2011-08-08,PT,diesel,1373.0,751.85
2011-08-22,PT,diesel,1340.0,725.02
2011-08-29,PT,diesel,1341.0,725.83
2011-09-05,PT,diesel,1358.0,739.66
2011-09-12,PT,diesel,1370.0,749.41
2011-09-19,PT,diesel,1374.0,752.66
2011-09-26,PT,diesel,1376.0,754.29
2011-10-03,PT,diesel,1374.0,752.66
2011-10-10,PT,diesel,1373.0,751.85
2011-10-17,PT,diesel,1376.0,754.29
2011-10-24,PT,diesel,1394.0,768.92
2011-10-31,PT,diesel,1401.0,774.61
2011-11-07,PT,diesel,1402.0,775.43
2011-11-14,PT,diesel,1416.0,786.81
2011-11-21,PT,diesel,1425.0,794.13
2011-11-28,PT,diesel,1413.0,784.37
2011-12-05,PT,diesel,1403.0,776.24
2011-12-12,PT,diesel,1403.0,776.24
2011-12-19,PT,diesel,1398.0,772.18
2012-01-09,PT,diesel,1448.0,810.85
2012-01-16,PT,diesel,1461.0,821.41
2012-01-23,PT,diesel,1451.0,813.28
2012-01-30,PT,diesel,1439.0,803.53
2012-02-06,PT,diesel,1426.0,792.96
2012-02-13,PT,diesel,1448.0,810.85
2012-02-20,PT,diesel,1458.0,818.98
2012-02-27,PT,diesel,1465.0,824.67
2012-03-05,PT,diesel,1466.0,825.48
2012-03-12,PT,diesel,1470.0,828.73
2012-03-19,PT,diesel,1487.0,842.55
2012-03-26,PT,diesel,1486.0,841.74
2012-04-02,PT,diesel,1479.0,836.05
2012-04-16,PT,diesel,1472.0,830.36
2012-04-23,PT,diesel,1463.0,823.04
2012-04-30,PT,diesel,1462.0,822.23
2012-05-07,PT,diesel,1461.0,821.41
2012-05-14,PT,diesel,1450.0,812.47
2012-05-21,PT,diesel,1440.0,804.34
2012-05-28,PT,diesel,1432.0,797.84
2012-06-04,PT,diesel,1425.0,792.15
2012-06-11,PT,diesel,1415.0,784.02
2012-06-18,PT,diesel,1395.0,767.76
2012-06-25,PT,diesel,1383.0,758.0
2012-07-02,PT,diesel,1375.0,751.5
2012-07-09,PT,diesel,1399.0,771.01
2012-07-16,PT,diesel,1409.0,779.14
2012-07-23,PT,diesel,1436.0,801.09
2012-07-30,PT,diesel,1441.0,805.15
2012-08-06,PT,diesel,1442.0,805.97
2012-08-13,PT,diesel,1466.0,825.48
2012-08-20,PT,diesel,1489.0,844.18
2012-08-27,PT,diesel,1497.0,850.68
2012-09-03,PT,diesel,1495.0,849.06
2012-09-10,PT,diesel,1498.0,851.5
2012-09-17,PT,diesel,1498.0,851.5
2012-09-24,PT,diesel,1472.0,830.36
2012-10-01,PT,diesel,1472.0,830.36
2012-10-08,PT,diesel,1479.0,836.05
2012-10-15,PT,diesel,1489.0,844.18
2012-10-22,PT,diesel,1479.0,836.05
2012-10-29,PT,diesel,1459.0,819.79
2012-11-05,PT,diesel,1449.0,811.66
2012-11-12,PT,diesel,1448.0,810.85
2012-11-19,PT,diesel,1447.0,810.03
2012-11-26,PT,diesel,1449.0,811.66
2012-12-03,PT,diesel,1446.0,809.22
2012-12-10,PT,diesel,1426.0,792.96
2012-12-17,PT,diesel,1409.0,779.14
2013-01-07,PT,diesel,1420.0,786.94
2013-01-14,PT,diesel,1429.0,794.26
2013-01-21,PT,diesel,1424.0,790.19
2013-01-28,PT,diesel,1423.0,789.38
2013-02-04,PT,diesel,1425.0,791.01
2013-02-11,PT,diesel,1439.0,802.39
2013-02-18,PT,diesel,1451.0,812.14
2013-02-25,PT,diesel,1457.0,817.02
2013-03-04,PT,diesel,1445.0,807.27
2013-03-11,PT,diesel,1429.0,794.26
2013-03-18,PT,diesel,1422.0,788.57
2013-03-25,PT,diesel,1413.0,781.25
2013-04-01,PT,diesel,1410.0,778.81
2013-04-08,PT,diesel,1411.0,779.62
2013-04-15,PT,diesel,1384.0,757.67
2013-04-22,PT,diesel,1351.0,730.84
2013-04-29,PT,diesel,1354.0,733.28
2013-05-06,PT,diesel,1350.0,730.03
2013-05-13,PT,diesel,1358.0,736.54
2013-05-20,PT,diesel,1365.0,742.23
2013-05-27,PT,diesel,1369.0,745.48
2013-06-03,PT,diesel,1365.0,742.23
2013-06-10,PT,diesel,1360.0,738.16
2013-06-17,PT,diesel,1355.0,734.1
2013-06-24,PT,diesel,1360.0,738.16
2013-07-01,PT,diesel,1358.0,736.54
2013-07-08,PT,diesel,1361.0,738.97
2013-07-15,PT,diesel,1380.0,754.42
2013-07-22,PT,diesel,1388.0,760.93
2013-07-29,PT,diesel,1381.0,755.23
2013-08-05,PT,diesel,1376.0,751.17
2013-08-12,PT,diesel,1373.0,748.73
2013-08-19,PT,diesel,1380.0,754.42
2013-08-26,PT,diesel,1387.0,760.11
2013-09-02,PT,diesel,1404.0,773.93
2013-09-09,PT,diesel,1411.0,779.62
2013-09-16,PT,diesel,1405.0,774.75
2013-09-23,PT,diesel,1387.0,760.11
2013-09-30,PT,diesel,1370.0,746.29
2013-10-07,PT,diesel,1366.0,743.04
2013-10-14,PT,diesel,1371.0,747.1
2013-10-21,PT,diesel,1375.0,750.36
2013-10-28,PT,diesel,1363.0,740.6
2013-11-04,PT,diesel,1359.0,737.35
2013-11-11,PT,diesel,1361.0,738.97
2013-11-18,PT,diesel,1358.0,736.54
2013-11-25,PT,diesel,1365.0,742.23
2013-12-02,PT,diesel,1378.0,752.8
2013-12-09,PT,diesel,1388.0,760.93
2013-12-16,PT,diesel,1377.0,751.98
2014-01-06,PT,diesel,1382.0,754.17
2014-01-13,PT,diesel,1368.0,742.79
2014-01-20,PT,diesel,1356.0,733.03
2014-01-27,PT,diesel,1357.0,733.84
2014-02-03,PT,diesel,1350.0,728.15
2014-02-10,PT,diesel,1350.0,728.15
2014-02-17,PT,diesel,1350.0,728.15
2014-02-24,PT,diesel,1344.0,723.27
2014-03-03,PT,diesel,1342.0,721.65
2014-03-10,PT,diesel,1337.0,717.58
2014-03-17,PT,diesel,1324.0,707.01
2014-03-24,PT,diesel,1320.0,703.76
2014-03-31,PT,diesel,1330.0,711.89
2014-04-07,PT,diesel,1331.0,712.7
2014-04-14,PT,diesel,1328.0,710.26
2014-04-28,PT,diesel,1339.0,719.21
2014-05-05,PT,diesel,1339.0,719.21
2014-05-12,PT,diesel,1331.0,712.7
2014-05-19,PT,diesel,1333.0,714.33
2014-05-26,PT,diesel,1327.0,709.45
2014-06-02,PT,diesel,1327.0,709.45
2014-06-09,PT,diesel,1320.0,703.76
2014-06-16,PT,diesel,1320.0,703.76
2014-06-23,PT,diesel,1340.0,720.02
2014-06-30,PT,diesel,1348.0,726.52
2014-07-07,PT,diesel,1340.0,720.02
2014-07-14,PT,diesel,1327.0,709.45
2014-07-21,PT,diesel,1313.0,698.07
2014-07-28,PT,diesel,1311.0,696.44
2014-08-04,PT,diesel,1313.0,698.07
2014-08-11,PT,diesel,1315.0,699.7
2014-08-18,PT,diesel,1313.0,698.07
2014-08-25,PT,diesel,1310.0,695.63
2014-09-01,PT,diesel,1310.0,695.63
2014-09-08,PT,diesel,1314.0,698.88
2014-09-15,PT,diesel,1312.0,697.26
2014-09-22,PT,diesel,1306.0,692.38
2014-09-29,PT,diesel,1298.0,685.87
2014-10-06,PT,diesel,1295.0,683.44
2014-10-13,PT,diesel,1288.0,677.74
2014-10-20,PT,diesel,1263.0,657.42
2014-10-27,PT,diesel,1248.0,645.22
2014-11-03,PT,diesel,1249.0,646.04
2014-11-10,PT,diesel,1251.0,647.66
2014-11-17,PT,diesel,1248.0,645.22
2014-11-24,PT,diesel,1231.0,631.4
2014-12-01,PT,diesel,1212.0,615.96
2014-12-08,PT,diesel,1188.0,596.44
2014-12-15,PT,diesel,1152.0,567.18
2015-01-05,PT,diesel,1152.0,534.58
2015-01-12,PT,diesel,1143.0,527.26
2015-01-19,PT,diesel,1129.0,515.88
2015-01-26,PT,diesel,1127.0,514.25
2015-02-02,PT,diesel,1140.0,524.82
2015-02-09,PT,diesel,1174.0,552.46
2015-02-16,PT,diesel,1208.0,580.1
2015-02-23,PT,diesel,1220.0,589.86
2015-03-02,PT,diesel,1225.0,593.92
2015-03-09,PT,diesel,1231.0,598.8
2015-03-16,PT,diesel,1233.0,600.43
2015-03-23,PT,diesel,1223.0,592.3
2015-03-30,PT,diesel,1218.0,588.23
2015-04-13,PT,diesel,1218.0,588.23
2015-04-20,PT,diesel,1227.0,595.55
2015-04-27,PT,diesel,1242.0,607.75
2015-05-04,PT,diesel,1244.0,609.37
2015-05-11,PT,diesel,1250.0,614.25
2015-05-18,PT,diesel,1249.0,613.44
2015-05-25,PT,diesel,1248.0,612.62
2015-06-01,PT,diesel,1245.0,610.19
2015-06-08,PT,diesel,1238.0,604.49
2015-06-15,PT,diesel,1256.0,619.13
2015-06-22,PT,diesel,1254.0,617.5
2015-06-29,PT,diesel,1255.0,618.32
2015-07-06,PT,diesel,1253.0,616.69
2015-07-13,PT,diesel,1233.0,600.43
2015-07-20,PT,diesel,1226.0,594.74
2015-07-27,PT,diesel,1220.0,589.86
2015-08-03,PT,diesel,1204.0,576.85
2015-08-10,PT,diesel,1186.0,562.22
2015-08-17,PT,diesel,1178.0,555.71
2015-08-24,PT,diesel,1171.0,550.02
2015-08-31,PT,diesel,1145.0,528.88
2015-09-07,PT,diesel,1181.0,558.15
2015-09-14,PT,diesel,1165.0,545.14
2015-09-21,PT,diesel,1156.0,537.83
2015-09-28,PT,diesel,1157.0,538.64
2015-10-05,PT,diesel,1157.0,538.64
2015-10-12,PT,diesel,1164.0,544.33
2015-10-19,PT,diesel,1151.0,533.76
2015-10-26,PT,diesel,1137.5,522.79
2015-11-02,PT,diesel,1144.0,528.07
2015-11-09,PT,diesel,1158.5,539.86
2015-11-16,PT,diesel,1157.5,539.05
2015-11-23,PT,diesel,1144.5,528.48
2015-11-30,PT,diesel,1144.0,528.07
2015-12-07,PT,diesel,1133.0,519.13
2015-12-14,PT,diesel,1093.0,486.61
2016-01-04,PT,diesel,1061.5,457.09
2016-01-11,PT,diesel,1056.0,452.62
2016-01-18,PT,diesel,1036.0,436.36
2016-01-25,PT,diesel,1011.5,416.44
2016-02-01,PT,diesel,1008.0,413.59
2016-02-08,PT,diesel,1017.0,420.91
2016-02-15,PT,diesel,1046.5,384.89
2016-02-22,PT,diesel,1058.0,394.24
2016-02-29,PT,diesel,1086.0,417.01
2016-03-07,PT,diesel,1096.0,425.14
2016-03-14,PT,diesel,1114.0,439.77
2016-03-21,PT,diesel,1128.0,451.15
2016-04-04,PT,diesel,1130.0,452.78
2016-04-11,PT,diesel,1118.5,443.43
2016-04-18,PT,diesel,1130.0,452.78
2016-04-25,PT,diesel,1135.0,456.84
2016-05-02,PT,diesel,1123.0,447.09
2016-05-09,PT,diesel,1128.0,451.15
2016-05-16,PT,diesel,1115.0,450.58
2016-05-23,PT,diesel,1139.0,470.1
2016-05-30,PT,diesel,1157.0,484.73
2016-06-06,PT,diesel,1163.0,489.61
2016-06-13,PT,diesel,1163.0,489.61
2016-06-20,PT,diesel,1161.0,487.98
2016-06-27,PT,diesel,1158.0,485.54
2016-07-04,PT,diesel,1156.0,483.92
2016-07-11,PT,diesel,1151.0,479.85
2016-07-18,PT,diesel,1139.0,470.1
2016-07-25,PT,diesel,1132.0,464.41
2016-08-01,PT,diesel,1125.0,458.71
2016-08-08,PT,diesel,1107.0,444.08
2016-08-15,PT,diesel,1112.0,448.15
2016-08-22,PT,diesel,1137.0,468.47
2016-08-29,PT,diesel,1147.0,476.6
2016-09-05,PT,diesel,1147.0,476.6
2016-09-12,PT,diesel,1136.0,467.66
2016-09-19,PT,diesel,1136.0,467.66
2016-09-26,PT,diesel,1135.0,466.84
2016-10-03,PT,diesel,1141.0,471.72
2016-10-10,PT,diesel,1166.0,492.05
2016-10-17,PT,diesel,1182.0,505.06
2016-10-24,PT,diesel,1187.0,509.12
2016-10-31,PT,diesel,1189.0,510.75
2016-11-07,PT,diesel,1176.0,500.18
2016-11-14,PT,diesel,1159.0,486.36
2016-11-21,PT,diesel,1142.0,482.54
2016-11-28,PT,diesel,1166.0,502.05
2016-12-05,PT,diesel,1176.0,510.18
2016-12-12,PT,diesel,1189.0,520.75
2016-12-19,PT,diesel,1202.0,531.32
2017-01-02,PT,diesel,1255.0,553.97
2017-01-09,PT,diesel,1278.0,572.66
2017-01-16,PT,diesel,1289.0,581.61
2017-01-23,PT,diesel,1287.0,579.98
2017-01-30,PT,diesel,1263.0,560.47
2017-02-06,PT,diesel,1266.0,562.91
2017-02-13,PT,diesel,1274.0,569.41
2017-02-20,PT,diesel,1274.0,569.41
2017-02-27,PT,diesel,1274.0,569.41
2017-03-06,PT,diesel,1277.0,571.85
2017-03-13,PT,diesel,1269.0,565.35
2017-03-20,PT,diesel,1246.0,546.65
2017-03-27,PT,diesel,1233.0,536.08
2017-04-03,PT,diesel,1234.0,536.89
2017-04-10,PT,diesel,1243.0,544.21
2017-04-24,PT,diesel,1257.0,555.59
2017-05-01,PT,diesel,1242.0,543.4
2017-05-08,PT,diesel,1216.0,522.26
2017-05-15,PT,diesel,1207.0,514.94
2017-05-22,PT,diesel,1215.0,521.44
2017-05-29,PT,diesel,1225.0,529.57
2017-06-05,PT,diesel,1217.0,523.07
2017-06-12,PT,diesel,1190.0,501.12
2017-06-19,PT,diesel,1186.0,497.87
2017-06-26,PT,diesel,1182.0,494.62
2017-07-03,PT,diesel,1180.0,492.99
2017-07-10,PT,diesel,1196.0,506.0
2017-07-17,PT,diesel,1197.0,506.81
2017-07-24,PT,diesel,1198.0,507.62
2017-07-31,PT,diesel,1201.0,510.06
2017-08-07,PT,diesel,1212.0,519.01
2017-08-14,PT,diesel,1216.0,522.26
2017-08-21,PT,diesel,1212.0,519.01
2017-08-28,PT,diesel,1209.0,516.57
2017-09-04,PT,diesel,1216.0,522.26
2017-09-11,PT,diesel,1231.0,534.45
2017-09-18,PT,diesel,1234.0,536.89
2017-09-25,PT,diesel,1238.0,540.14
2017-10-02,PT,diesel,1255.0,553.97
2017-10-09,PT,diesel,1250.0,549.9
2017-10-16,PT,diesel,1248.0,548.27
2017-10-23,PT,diesel,1251.0,550.71
2017-10-30,PT,diesel,1255.0,553.97
2017-11-06,PT,diesel,1266.0,562.91
2017-11-13,PT,diesel,1283.0,576.73
2017-11-20,PT,diesel,1279.0,573.48
2017-11-27,PT,diesel,1280.0,574.29
2017-12-04,PT,diesel,1281.0,575.1
2017-12-11,PT,diesel,1278.0,572.66
2017-12-18,PT,diesel,1281.0,575.1
2018-01-01,PT,diesel,1321.0,602.88
2018-01-08,PT,diesel,1335.0,614.27
2018-01-15,PT,diesel,1342.0,619.96
2018-01-22,PT,diesel,1322.0,603.7
2018-01-29,PT,diesel,1320.0,602.07
2018-02-05,PT,diesel,1311.0,594.75
2018-02-12,PT,diesel,1297.0,583.37
2018-02-19,PT,diesel,1277.0,567.11
2018-02-26,PT,diesel,1263.0,555.73
2018-03-05,PT,diesel,1263.0,555.73
2018-03-12,PT,diesel,1262.0,554.92
2018-03-19,PT,diesel,1255.0,549.23
2018-03-26,PT,diesel,1275.0,565.49
2018-04-09,PT,diesel,1289.0,576.87
2018-04-16,PT,diesel,1302.0,587.44
2018-04-23,PT,diesel,1308.0,592.31
2018-04-30,PT,diesel,1325.0,606.14
2018-05-07,PT,diesel,1330.0,610.2
2018-05-14,PT,diesel,1348.0,624.83
2018-05-21,PT,diesel,1361.0,635.4
2018-05-28,PT,diesel,1383.0,653.29
2018-06-04,PT,diesel,1382.0,652.48
2018-06-11,PT,diesel,1364.0,637.84
2018-06-18,PT,diesel,1361.0,635.4
2018-06-25,PT,diesel,1359.0,633.78
2018-07-02,PT,diesel,1358.0,632.97
2018-07-09,PT,diesel,1361.0,635.4
2018-07-16,PT,diesel,1362.0,636.22
2018-07-23,PT,diesel,1349.0,625.65
2018-07-30,PT,diesel,1358.0,632.97
2018-08-06,PT,diesel,1360.0,634.59
2018-08-13,PT,diesel,1359.0,633.78
2018-08-20,PT,diesel,1360.0,634.59
2018-08-27,PT,diesel,1364.0,637.84
2018-09-03,PT,diesel,1379.0,650.04
2018-09-10,PT,diesel,1383.0,653.29
2018-09-17,PT,diesel,1385.0,654.92
2018-09-24,PT,diesel,1384.0,654.1
2018-10-01,PT,diesel,1398.0,665.49
2018-10-08,PT,diesel,1430.0,691.5
2018-10-15,PT,diesel,1435.0,695.57
2018-10-22,PT,diesel,1426.0,688.25
2018-10-29,PT,diesel,1418.0,681.75
2018-11-05,PT,diesel,1419.0,682.56
2018-11-12,PT,diesel,1404.0,670.36
2018-11-19,PT,diesel,1391.0,659.79
2018-11-26,PT,diesel,1364.0,637.84
2018-12-03,PT,diesel,1331.0,611.01
2018-12-10,PT,diesel,1314.0,597.19
2018-12-17,PT,diesel,1310.0,593.94
2019-01-07,PT,diesel,1302.0,572.86
2019-01-14,PT,diesel,1328.0,593.99
2019-01-21,PT,diesel,1337.0,601.31
2019-01-28,PT,diesel,1345.0,607.82
2019-02-04,PT,diesel,1348.0,610.25
2019-02-11,PT,diesel,1352.0,613.51
2019-02-18,PT,diesel,1361.0,620.82
2019-02-25,PT,diesel,1386.0,641.15
2019-03-04,PT,diesel,1392.0,646.03
2019-03-11,PT,diesel,1394.0,647.65
2019-03-18,PT,diesel,1394.0,647.65
2019-03-25,PT,diesel,1390.0,644.4
2019-04-01,PT,diesel,1369.0,627.33
2019-04-08,PT,diesel,1374.0,631.39
2019-04-15,PT,diesel,1383.0,638.71
2019-04-29,PT,diesel,1392.0,646.03
2019-05-06,PT,diesel,1396.0,649.28
2019-05-13,PT,diesel,1392.0,646.03
2019-05-20,PT,diesel,1397.0,650.09
2019-05-27,PT,diesel,1396.0,649.28
2019-06-03,PT,diesel,1374.0,631.39
2019-06-10,PT,diesel,1339.0,602.94
2019-06-17,PT,diesel,1323.0,589.93
2019-06-24,PT,diesel,1327.0,593.18
2019-07-01,PT,diesel,1338.0,602.12
2019-07-08,PT,diesel,1341.0,604.56
2019-07-15,PT,diesel,1346.0,608.63
2019-07-22,PT,diesel,1350.0,611.88
2019-07-29,PT,diesel,1350.0,611.88
2019-08-05,PT,diesel,1354.0,615.13
2019-08-12,PT,diesel,1341.0,604.56
2019-08-19,PT,diesel,1329.0,594.81
2019-08-26,PT,diesel,1334.0,598.87
2019-09-02,PT,diesel,1335.0,599.69
2019-09-09,PT,diesel,1342.0,605.38
2019-09-16,PT,diesel,1360.0,620.01
2019-09-23,PT,diesel,1383.0,638.71
2019-09-30,PT,diesel,1382.0,637.9
2019-10-07,PT,diesel,1372.0,629.77
2019-10-14,PT,diesel,1364.0,623.26
2019-10-21,PT,diesel,1365.0,624.08
2019-10-28,PT,diesel,1363.0,622.45
2019-11-04,PT,diesel,1365.0,624.08
2019-11-11,PT,diesel,1365.0,624.08
2019-11-18,PT,diesel,1367.0,625.7
2019-11-25,PT,diesel,1364.0,623.26
2019-12-02,PT,diesel,1366.0,624.89
2019-12-09,PT,diesel,1368.0,626.52
2019-12-16,PT,diesel,1369.0,627.33
2020-01-06,PT,diesel,1421.0,669.6
2020-01-13,PT,diesel,1423.0,671.23
2020-01-20,PT,diesel,1406.0,657.41
2020-01-27,PT,diesel,1387.0,641.96
2020-02-03,PT,diesel,1387.0,641.96
2020-02-10,PT,diesel,1373.0,630.58
2020-02-17,PT,diesel,1370.0,601.22
2020-02-24,PT,diesel,1366.0,597.97
2020-03-02,PT,diesel,1353.0,587.4
2020-03-09,PT,diesel,1328.0,567.07
2020-03-16,PT,diesel,1275.0,523.99
2020-03-23,PT,diesel,1233.0,489.84
2020-03-30,PT,diesel,1226.0,484.15
2020-04-06,PT,diesel,1229.0,486.59
2020-04-20,PT,diesel,1211.0,471.95
2020-04-27,PT,diesel,1154.0,425.61
2020-05-04,PT,diesel,1126.0,402.85
2020-05-11,PT,diesel,1129.0,405.29
2020-05-18,PT,diesel,1139.0,413.42
2020-05-25,PT,diesel,1163.0,432.93
2020-06-01,PT,diesel,1169.0,437.81
2020-06-08,PT,diesel,1172.0,440.25
2020-06-15,PT,diesel,1184.0,450.0
2020-06-22,PT,diesel,1195.0,458.94
2020-06-29,PT,diesel,1204.0,466.26
2020-07-06,PT,diesel,1209.0,470.33
2020-07-13,PT,diesel,1235.0,491.47
2020-07-20,PT,diesel,1238.0,493.9
2020-07-27,PT,diesel,1238.0,493.9
2020-08-03,PT,diesel,1236.0,492.28
2020-08-10,PT,diesel,1236.0,492.28
2020-08-17,PT,diesel,1236.0,492.28
2020-08-24,PT,diesel,1241.0,496.34
2020-08-31,PT,diesel,1240.0,495.53
2020-09-07,PT,diesel,1223.0,481.71
2020-09-14,PT,diesel,1220.0,479.27
2020-09-21,PT,diesel,1211.0,471.95
2020-09-28,PT,diesel,1198.0,461.38
2020-10-05,PT,diesel,1198.0,461.38
2020-10-12,PT,diesel,1203.0,465.45
2020-10-19,PT,diesel,1207.0,468.7
2020-10-26,PT,diesel,1207.0,468.7
2020-11-02,PT,diesel,1201.0,463.82
2020-11-09,PT,diesel,1197.0,460.57
2020-11-16,PT,diesel,1211.0,471.95
2020-11-23,PT,diesel,1217.0,476.83
2020-11-30,PT,diesel,1231.0,488.21
2020-12-07,PT,diesel,1239.0,494.72
2020-12-14,PT,diesel,1254.0,506.91
2020-12-21,PT,diesel,1262.0,513.42
2021-01-11,PT,diesel,1278.0,525.67
2021-01-18,PT,diesel,1298.0,541.93
2021-01-25,PT,diesel,1303.0,546.0
2021-02-01,PT,diesel,1291.0,536.24
2021-02-08,PT,diesel,1304.0,546.81
2021-02-15,PT,diesel,1323.0,562.26
2021-02-22,PT,diesel,1344.0,579.33
2021-03-01,PT,diesel,1355.0,588.28
2021-03-08,PT,diesel,1360.0,592.34
2021-03-15,PT,diesel,1368.0,598.85
2021-03-22,PT,diesel,1369.0,599.66
2021-03-29,PT,diesel,1358.0,590.72
2021-04-12,PT,diesel,1357.0,589.9
2021-04-19,PT,diesel,1361.0,593.15
2021-04-26,PT,diesel,1367.0,598.03
2021-05-03,PT,diesel,1373.0,602.91
2021-05-10,PT,diesel,1390.0,616.73
2021-05-17,PT,diesel,1396.0,621.61
2021-05-24,PT,diesel,1394.0,619.98
2021-05-31,PT,diesel,1394.0,619.98
2021-06-07,PT,diesel,1410.0,632.99
2021-06-14,PT,diesel,1420.0,641.12
2021-06-21,PT,diesel,1430.0,649.25
2021-06-28,PT,diesel,1448.0,663.89
2021-07-05,PT,diesel,1453.0,667.95
2021-07-12,PT,diesel,1455.0,669.58
2021-07-19,PT,diesel,1459.0,672.83
2021-07-26,PT,diesel,1450.0,665.51
2021-08-02,PT,diesel,1452.0,667.14
2021-08-09,PT,diesel,1449.0,664.7
2021-08-16,PT,diesel,1442.0,659.01
2021-08-23,PT,diesel,1433.0,651.69
2021-08-30,PT,diesel,1484.0,693.15
2021-09-06,PT,diesel,1454.0,668.76
2021-09-13,PT,diesel,1458.0,672.02
2021-09-20,PT,diesel,1467.0,679.33
2021-09-27,PT,diesel,1480.0,689.9
2021-10-04,PT,diesel,1502.0,707.79
2021-10-11,PT,diesel,1513.0,716.73
2021-10-18,PT,diesel,1536.0,745.43
2021-10-25,PT,diesel,1538.0,747.06
2021-11-01,PT,diesel,1542.0,750.31
2021-11-08,PT,diesel,1540.0,748.68
2021-11-15,PT,diesel,1541.0,749.5
2021-11-22,PT,diesel,1532.0,742.18
2021-11-29,PT,diesel,1527.0,738.11
2021-12-06,PT,diesel,1498.0,714.54
2021-12-13,PT,diesel,1499.0,715.35
2021-12-20,PT,diesel,1503.0,718.6
2022-01-03,PT,diesel,1513.0,726.73
2022-01-10,PT,diesel,1541.0,749.5
2022-01-17,PT,diesel,1551.0,757.63
2022-01-24,PT,diesel,1591.0,790.15
2022-01-31,PT,diesel,1621.0,814.54
2022-02-07,PT,diesel,1638.0,819.11
2022-02-14,PT,diesel,1648.0,836.49
2022-02-21,PT,diesel,1656.0,842.99
2022-02-28,PT,diesel,1675.0,858.44
2022-03-07,PT,diesel,1812.0,969.82
2022-03-14,PT,diesel,1979.0,1129.91
2022-03-21,PT,diesel,1847.0,1022.6
2022-03-28,PT,diesel,1995.0,1155.77
2022-04-04,PT,diesel,1927.0,1100.49
2022-04-11,PT,diesel,1864.0,1049.27
2022-04-25,PT,diesel,1926.0,1099.67
2022-05-02,PT,diesel,1840.0,1145.15
2022-05-09,PT,diesel,1840.0,1157.36
2022-05-16,PT,diesel,1797.0,1122.41
2022-05-23,PT,diesel,1765.0,1096.39
2022-05-30,PT,diesel,1789.0,1115.9
2022-06-06,PT,diesel,1893.0,1202.98
2022-06-13,PT,diesel,2024.0,1309.49
2022-06-20,PT,diesel,2080.0,1358.06
2022-06-27,PT,diesel,2066.0,1346.67
2022-07-04,PT,diesel,1993.0,1287.33
2022-07-11,PT,diesel,1923.0,1230.41
2022-07-18,PT,diesel,1955.0,1256.43
2022-07-25,PT,diesel,1857.0,1176.76
2022-08-01,PT,diesel,1830.0,1154.8
2022-08-08,PT,diesel,1746.0,1086.51
2022-08-15,PT,diesel,1729.0,1072.69
2022-08-22,PT,diesel,1771.0,1106.84
2022-08-29,PT,diesel,1865.0,1183.26
2022-09-05,PT,diesel,1829.0,1153.99
2022-09-12,PT,diesel,1823.0,1149.11
2022-09-19,PT,diesel,1760.0,1097.89
2022-09-26,PT,diesel,1737.0,1079.2
2022-10-03,PT,diesel,1752.0,1090.71
2022-10-10,PT,diesel,1856.0,1175.26
2022-10-17,PT,diesel,1954.0,1254.94
2022-10-24,PT,diesel,1953.0,1254.12
2022-10-31,PT,diesel,1941.0,1244.37
2022-11-07,PT,diesel,1879.0,1224.85
2022-11-14,PT,diesel,1797.0,1158.19
2022-11-21,PT,diesel,1701.0,1080.14
2022-11-28,PT,diesel,1644.0,1033.8
2022-12-05,PT,diesel,1643.0,993.61
2022-12-12,PT,diesel,1563.0,928.57
2022-12-19,PT,diesel,1608.0,965.16
2022-12-26,PT,diesel,1607.0,964.34
2023-01-02,PT,diesel,1634.0,973.28
2023-01-09,PT,diesel,1599.0,944.82
2023-01-16,PT,diesel,1611.0,954.58
2023-01-23,PT,diesel,1634.0,973.28
2023-01-30,PT,diesel,1650.0,986.28
2023-02-06,PT,diesel,1580.0,929.37
2023-02-13,PT,diesel,1533.0,891.16
2023-02-20,PT,diesel,1539.0,896.04
2023-02-27,PT,diesel,1521.0,881.41
2023-03-06,PT,diesel,1566.0,902.5
2023-03-13,PT,diesel,1552.0,891.12
2023-03-20,PT,diesel,1515.0,861.04
2023-03-27,PT,diesel,1507.0,854.53
2023-04-03,PT,diesel,1494.0,843.96
2023-04-10,PT,diesel,1498.0,847.22
2023-04-17,PT,diesel,1490.0,830.71
2023-04-24,PT,diesel,1473.0,816.89
2023-05-01,PT,diesel,1454.0,779.37
2023-05-08,PT,diesel,1405.0,739.54
2023-05-15,PT,diesel,1425.0,755.8
2023-05-22,PT,diesel,1439.0,767.18
2023-05-29,PT,diesel,1444.0,771.24
2023-06-05,PT,diesel,1439.0,747.18
2023-06-12,PT,diesel,1480.0,780.51
2023-06-19,PT,diesel,1482.0,782.14
2023-06-26,PT,diesel,1499.0,795.96
2023-07-03,PT,diesel,1484.0,763.76
2023-07-10,PT,diesel,1519.0,792.22
2023-07-17,PT,diesel,1535.0,805.23
2023-07-24,PT,diesel,1539.0,808.48
2023-07-31,PT,diesel,1626.0,859.21
2023-08-07,PT,diesel,1688.0,909.62
2023-08-14,PT,diesel,1706.0,924.25
2023-08-21,PT,diesel,1703.0,921.81
2023-08-28,PT,diesel,1724.0,938.89
2023-09-04,PT,diesel,1720.0,935.63
2023-09-11,PT,diesel,1752.0,961.65
2023-09-18,PT,diesel,1805.0,1004.74
2023-09-25,PT,diesel,1805.0,1024.74
2023-10-02,PT,diesel,1782.0,1006.04
2023-10-09,PT,diesel,1744.0,975.15
2023-10-16,PT,diesel,1711.0,948.32
2023-10-23,PT,diesel,1726.0,960.51
2023-10-30,PT,diesel,1706.0,944.25
2023-11-06,PT,diesel,1692.0,932.87
2023-11-13,PT,diesel,1649.0,897.91
2023-11-20,PT,diesel,1631.0,883.28
2023-11-27,PT,diesel,1627.0,880.02
2023-12-04,PT,diesel,1607.0,863.76
2023-12-11,PT,diesel,1576.0,838.56
2023-12-18,PT,diesel,1554.0,820.67
2023-12-25,PT,diesel,1574.0,836.93
2024-01-01,PT,diesel,1567.0,831.24
2024-01-08,PT,diesel,1552.0,819.05
2024-01-15,PT,diesel,1561.0,826.37
2024-01-22,PT,diesel,1579.0,841.0
2024-01-29,PT,diesel,1604.0,861.33
2024-02-05,PT,diesel,1626.0,879.21
2024-02-12,PT,diesel,1647.0,896.28
2024-02-19,PT,diesel,1664.0,910.11
2024-02-26,PT,diesel,1640.0,890.59
2024-03-04,PT,diesel,1630.0,882.46
2024-03-11,PT,diesel,1616.0,871.08
2024-03-18,PT,diesel,1613.0,868.64
2024-03-25,PT,diesel,1630.0,882.46
2024-04-01,PT,diesel,1620.0,874.33
2024-04-08,PT,diesel,1644.0,893.85
2024-04-15,PT,diesel,1632.0,884.09
2024-04-22,PT,diesel,1608.0,864.58
2024-04-29,PT,diesel,1591.0,850.76
2024-05-06,PT,diesel,1570.0,833.68
2024-05-13,PT,diesel,1565.0,829.62
2024-05-20,PT,diesel,1553.0,819.86
2024-05-27,PT,diesel,1552.0,819.05
2024-06-03,PT,diesel,1551.0,818.24
2024-06-10,PT,diesel,1523.0,795.47
2024-06-17,PT,diesel,1551.0,818.24
2024-06-24,PT,diesel,1585.0,845.88
2024-07-01,PT,diesel,1594.0,853.19
2024-07-08,PT,diesel,1604.0,861.33
2024-07-15,PT,diesel,1583.0,844.25
2024-07-22,PT,diesel,1565.0,829.62
2024-07-29,PT,diesel,1553.0,819.86
2024-08-05,PT,diesel,1544.0,812.54
2024-08-12,PT,diesel,1525.0,797.1
2024-08-19,PT,diesel,1530.0,801.16
2024-08-26,PT,diesel,1531.0,771.98
2024-09-02,PT,diesel,1530.0,771.16
2024-09-09,PT,diesel,1526.0,752.91
2024-09-16,PT,diesel,1535.0,743.97
2024-09-23,PT,diesel,1536.0,744.78
2024-09-30,PT,diesel,1542.0,749.66
2024-10-07,PT,diesel,1557.0,761.85
2024-10-14,PT,diesel,1583.0,782.99
2024-10-21,PT,diesel,1563.0,766.73
2024-10-28,PT,diesel,1565.0,768.36
2024-11-04,PT,diesel,1558.0,762.67
2024-11-11,PT,diesel,1580.0,780.55
2024-11-18,PT,diesel,1581.0,781.37
2024-11-25,PT,diesel,1601.0,797.63
2024-12-02,PT,diesel,1601.0,797.63
2024-12-09,PT,diesel,1591.0,789.5
2024-12-16,PT,diesel,1596.0,793.56
2024-12-23,PT,diesel,1609.0,804.13
2024-12-30,PT,diesel,1611.0,805.76
2025-01-06,PT,diesel,1633.0,823.64
2025-01-13,PT,diesel,1640.0,829.33
2025-01-20,PT,diesel,1687.0,867.54
2025-01-27,PT,diesel,1669.0,852.91
2025-02-03,PT,diesel,1645.0,833.4
2025-02-10,PT,diesel,1646.0,834.21
2025-02-17,PT,diesel,1659.0,844.78
2025-02-24,PT,diesel,1664.0,848.85
2025-03-03,PT,diesel,1641.0,830.15
2025-03-10,PT,diesel,1606.0,801.69
2025-03-17,PT,diesel,1584.0,783.8
2025-03-24,PT,diesel,1581.0,781.37
2025-03-31,PT,diesel,1598.0,795.19
2025-04-07,PT,diesel,1587.0,786.24
2025-04-14,PT,diesel,1529.0,739.09
2025-04-21,PT,diesel,1519.0,730.96
2025-04-28,PT,diesel,1532.0,741.53
2025-05-05,PT,diesel,1513.0,726.08
2025-05-12,PT,diesel,1503.0,717.95
2025-05-19,PT,diesel,1531.0,740.72
2025-05-26,PT,diesel,1522.0,733.4
2025-06-02,PT,diesel,1514.0,726.89
2025-06-09,PT,diesel,1518.0,730.15
2025-06-16,PT,diesel,1535.0,743.97
2025-06-23,PT,diesel,1602.0,798.44
2025-06-30,PT,diesel,1577.0,778.11
2025-07-07,PT,diesel,1573.0,774.86
2025-07-14,PT,diesel,1604.0,800.07
2025-07-21,PT,diesel,1599.0,796.0
2025-07-28,PT,diesel,1593.0,791.12
2025-08-04,PT,diesel,1588.0,787.06
2025-08-11,PT,diesel,1559.0,763.48
2025-08-18,PT,diesel,1540.0,748.03
2025-08-25,PT,diesel,1545.0,752.1
2025-09-01,PT,diesel,1548.0,754.54
2025-09-08,PT,diesel,1565.0,768.36
2025-09-15,PT,diesel,1561.0,765.11
2025-09-22,PT,diesel,1568.0,770.8
2025-09-29,PT,diesel,1572.0,774.05
2025-10-06,PT,diesel,1553.0,758.6016260162601
2025-10-13,PT,diesel,1543.0,750.4715447154472
2025-10-20,PT,diesel,1527.0,737.4634146341464
2025-10-27,PT,diesel,1542.0,749.6585365853658
2025-11-03,PT,diesel,1584.0,783.8048780487804
2025-11-10,PT,diesel,1604.0,800.0650406504064
2025-11-17,PT,diesel,1609.0,804.130081300813
2025-11-24,PT,diesel,1632.0,822.829268292683
2025-12-01,PT,diesel,1604.0,775.6750406504066
2025-12-08,PT,diesel,1579.0,755.349837398374
2025-12-15,PT,diesel,1552.0,733.398617886179
2025-12-22,PT,diesel,1525.0,711.4473983739838
2025-12-29,PT,diesel,1526.0,712.260406504065
2026-01-05,PT,diesel,1534.0,712.21
2026-01-12,PT,diesel,1537.0,714.6529240239593
2026-01-19,PT,diesel,1556.0,730.100078495504
2026-01-26,PT,diesel,1573.0,743.9212167068862
2026-02-02,PT,diesel,1585.0,753.6773142678618
2026-02-09,PT,diesel,1586.0,754.4903223979431
2026-02-16,PT,diesel,1582.0,751.238289877618
2026-02-23,PT,diesel,1600.0,765.8724362190812
2026-03-02,PT,diesel,1630.0,790.2626801215204
2026-03-09,PT,diesel,1817.0,977.8252004467236
2026-03-16,PT,diesel,1915.0,1071.9399971946912
2026-03-23,PT,diesel,2046.0,1204.7040622353416
2026-03-30,PT,diesel,2072.0,1225.8422736174552
2026-04-06,PT,diesel,2131.0,1281.009753292252
2026-04-13,PT,diesel,2083.0,1241.9853630483497
2026-04-20,PT,diesel,1980.0,1143.2055256499757
2026-04-27,PT,diesel,1958.0,1116.939346788187
2026-05-04,PT,diesel,2028.0,1189.319915893878
2026-05-11,PT,diesel,1968.0,1125.839428089
2026-05-18,PT,diesel,1954.0,1114.187314267862
2026-05-25,PT,diesel,1958.0,1120.489346788187
2026-06-01,PT,diesel,1872.0,1031.4306476011952
2026-06-08,PT,diesel,1883.0,1047.4037370320893
2026-06-15,PT,diesel,1857.0,1018.2255256499757
2026-06-22,PT,diesel,1779.0,936.2608915036342
2026-06-29,PT,diesel,1767.0,926.5047939426586
2026-07-06,PT,diesel,1795.0,954.749021584935
2026-07-13,PT,diesel,1848.0,1009.8484524792439
2026-07-20,PT,diesel,1960.0,1118.6853630483497
2026-07-27,PT,diesel,2026.0,1187.4638996337153
2026-08-03,PT,diesel,2049.0,1209.6730866255853
2026-08-10,PT,diesel,1975.0,1129.910484999569
2005-01-03,PT,gasoline,1007.99,324.45
2005-01-10,PT,gasoline,1000.6,318.24
2005-01-17,PT,gasoline,996.45,314.75
2005-01-24,PT,gasoline,997.04,315.25
2005-01-31,PT,gasoline,1013.81,329.34
2005-02-07,PT,gasoline,1022.03,336.25
2005-02-14,PT,gasoline,1039.35,350.8
2005-02-21,PT,gasoline,1043.76,354.51
2005-02-28,PT,gasoline,1046.01,356.4
2005-03-07,PT,gasoline,1044.63,355.24
2005-03-14,PT,gasoline,1047.6,357.74
2005-03-21,PT,gasoline,1055.01,363.96
2005-04-04,PT,gasoline,1069.69,376.3
2005-04-11,PT,gasoline,1086.14,390.12
2005-04-18,PT,gasoline,1101.7,403.2
2005-04-25,PT,gasoline,1115.1,414.46
2005-05-02,PT,gasoline,1110.53,410.61
2005-05-09,PT,gasoline,1106.88,407.55
2005-05-16,PT,gasoline,1108.53,408.94
2005-05-23,PT,gasoline,1096.81,399.09
2005-05-30,PT,gasoline,1094.51,397.16
2005-06-06,PT,gasoline,1093.68,396.46
2005-06-13,PT,gasoline,1098.27,389.96
2005-06-20,PT,gasoline,1120.66,408.78
2005-06-27,PT,gasoline,1137.65,423.06
2005-07-04,PT,gasoline,1159.3,425.15
2005-07-11,PT,gasoline,1182.72,444.5
2005-07-18,PT,gasoline,1195.18,454.81
2005-07-25,PT,gasoline,1207.95,465.36
2005-08-01,PT,gasoline,1213.32,469.79
2005-08-08,PT,gasoline,1209.14,466.34
2005-08-15,PT,gasoline,1212.23,468.89
2005-08-22,PT,gasoline,1221.02,476.16
2005-08-29,PT,gasoline,1231.36,484.7
2005-09-05,PT,gasoline,1239.05,491.06
2005-09-12,PT,gasoline,1269.26,516.02
2005-09-19,PT,gasoline,1289.94,533.12
2005-09-26,PT,gasoline,1285.38,529.35
2005-10-03,PT,gasoline,1277.28,522.65
2005-10-10,PT,gasoline,1286.79,530.51
2005-10-17,PT,gasoline,1290.77,533.8
2005-10-24,PT,gasoline,1290.99,533.99
2005-11-07,PT,gasoline,1244.26,495.36
2005-11-14,PT,gasoline,1218.94,474.44
2005-11-21,PT,gasoline,1204.45,462.46
2005-11-28,PT,gasoline,1192.34,452.45
2005-12-05,PT,gasoline,1189.56,450.15
2005-12-12,PT,gasoline,1178.74,441.22
2005-12-19,PT,gasoline,1178.19,440.76
2006-01-09,PT,gasoline,1178.91,441.43
2006-01-16,PT,gasoline,1195.53,455.09
2006-01-23,PT,gasoline,1231.18,459.55
2006-01-30,PT,gasoline,1246.43,472.16
2006-02-06,PT,gasoline,1248.51,473.88
2006-02-13,PT,gasoline,1249.87,475.0
2006-02-20,PT,gasoline,1239.66,466.57
2006-02-27,PT,gasoline,1228.02,456.94
2006-03-06,PT,gasoline,1227.23,456.29
2006-03-13,PT,gasoline,1226.41,455.61
2006-03-20,PT,gasoline,1225.73,455.05
2006-03-27,PT,gasoline,1240.68,467.4
2006-04-03,PT,gasoline,1258.58,482.19
2006-04-10,PT,gasoline,1265.88,488.23
2006-04-24,PT,gasoline,1317.31,530.74
2006-05-01,PT,gasoline,1335.76,545.98
2006-05-08,PT,gasoline,1349.08,556.99
2006-05-15,PT,gasoline,1345.85,554.32
2006-05-22,PT,gasoline,1345.55,554.07
2006-05-29,PT,gasoline,1344.19,552.95
2006-06-05,PT,gasoline,1333.7,544.28
2006-06-12,PT,gasoline,1330.75,541.84
2006-06-19,PT,gasoline,1338.87,548.55
2006-06-26,PT,gasoline,1339.08,548.73
2006-07-03,PT,gasoline,1339.21,548.84
2006-07-10,PT,gasoline,1342.81,551.81
2006-07-17,PT,gasoline,1358.18,564.51
2006-07-24,PT,gasoline,1376.25,579.45
2006-07-31,PT,gasoline,1383.78,585.67
2006-08-07,PT,gasoline,1384.23,586.04
2006-08-14,PT,gasoline,1384.3,586.1
2006-08-21,PT,gasoline,1378.71,581.48
2006-08-28,PT,gasoline,1365.26,570.37
2006-09-04,PT,gasoline,1348.13,556.21
2006-09-11,PT,gasoline,1329.97,541.2
2006-09-18,PT,gasoline,1300.06,516.48
2006-09-25,PT,gasoline,1259.14,482.66
2006-10-02,PT,gasoline,1232.89,460.97
2006-10-09,PT,gasoline,1224.96,454.41
2006-10-16,PT,gasoline,1223.98,453.6
2006-10-23,PT,gasoline,1215.7,446.76
2006-10-30,PT,gasoline,1214.47,445.75
2006-11-06,PT,gasoline,1215.38,446.5
2006-11-13,PT,gasoline,1206.48,439.14
2006-11-20,PT,gasoline,1205.31,438.17
2006-11-27,PT,gasoline,1205.65,438.45
2006-12-04,PT,gasoline,1206.07,438.8
2006-12-11,PT,gasoline,1209.94,442.0
2006-12-18,PT,gasoline,1213.16,444.66
2007-01-08,PT,gasoline,1221.5,426.55
2007-01-15,PT,gasoline,1239.08,441.08
2007-01-22,PT,gasoline,1225.27,429.67
2007-01-29,PT,gasoline,1212.53,419.14
2007-02-05,PT,gasoline,1206.34,414.02
2007-02-12,PT,gasoline,1213.59,420.02
2007-02-19,PT,gasoline,1220.89,426.05
2007-02-26,PT,gasoline,1227.42,431.45
2007-03-05,PT,gasoline,1242.93,444.26
2007-03-12,PT,gasoline,1260.92,459.13
2007-03-19,PT,gasoline,1276.4,471.92
2007-03-26,PT,gasoline,1289.1,482.42
2007-04-02,PT,gasoline,1289.46,482.72
2007-04-16,PT,gasoline,1312.49,501.75
2007-04-23,PT,gasoline,1323.33,510.71
2007-04-30,PT,gasoline,1333.64,519.23
2007-05-07,PT,gasoline,1345.05,528.66
2007-05-14,PT,gasoline,1363.82,544.18
2007-05-21,PT,gasoline,1372.36,551.24
2007-05-28,PT,gasoline,1374.03,552.61
2007-06-04,PT,gasoline,1380.43,557.9
2007-06-11,PT,gasoline,1381.74,558.98
2007-06-18,PT,gasoline,1371.55,550.56
2007-06-25,PT,gasoline,1365.63,545.67
2007-07-02,PT,gasoline,1367.02,546.82
2007-07-09,PT,gasoline,1368.84,548.32
2007-07-16,PT,gasoline,1367.41,547.14
2007-07-23,PT,gasoline,1368.89,548.36
2007-07-30,PT,gasoline,1363.08,543.56
2007-08-06,PT,gasoline,1344.92,528.55
2007-08-13,PT,gasoline,1335.65,520.89
2007-08-20,PT,gasoline,1331.36,517.35
2007-08-27,PT,gasoline,1325.42,512.43
2007-09-03,PT,gasoline,1320.41,508.3
2007-09-10,PT,gasoline,1319.33,507.4
2007-09-17,PT,gasoline,1328.88,515.3
2007-09-24,PT,gasoline,1330.8,516.88
2007-10-01,PT,gasoline,1327.51,514.17
2007-10-08,PT,gasoline,1325.47,512.48
2007-10-15,PT,gasoline,1321.19,508.94
2007-10-22,PT,gasoline,1314.94,503.78
2007-10-29,PT,gasoline,1322.08,509.68
2007-11-05,PT,gasoline,1329.55,515.85
2007-11-12,PT,gasoline,1347.52,530.7
2007-11-19,PT,gasoline,1367.12,546.9
2007-11-26,PT,gasoline,1378.13,556.0
2007-12-03,PT,gasoline,1378.46,556.27
2007-12-10,PT,gasoline,1375.02,553.43
2007-12-17,PT,gasoline,1365.0,545.15
2008-01-07,PT,gasoline,1387.66,563.88
2008-01-14,PT,gasoline,1397.83,572.28
2008-01-21,PT,gasoline,1392.29,567.71
2008-01-28,PT,gasoline,1370.95,550.07
2008-02-04,PT,gasoline,1359.66,540.74
2008-02-11,PT,gasoline,1356.91,538.46
2008-02-18,PT,gasoline,1356.87,538.43
2008-02-25,PT,gasoline,1381.39,558.69
2008-03-03,PT,gasoline,1401.94,575.67
2008-03-10,PT,gasoline,1401.63,575.42
2008-03-17,PT,gasoline,1393.98,569.1
2008-03-31,PT,gasoline,1382.01,559.02
2008-04-07,PT,gasoline,1389.51,565.4
2008-04-14,PT,gasoline,1398.76,573.05
2008-04-21,PT,gasoline,1401.02,574.92
2008-04-28,PT,gasoline,1415.74,587.08
2008-05-05,PT,gasoline,1434.93,602.94
2008-05-12,PT,gasoline,1436.36,604.12
2008-05-19,PT,gasoline,1461.3,624.74
2008-05-26,PT,gasoline,1473.85,635.11
2008-06-02,PT,gasoline,1488.93,647.57
2008-06-09,PT,gasoline,1489.89,648.36
2008-06-16,PT,gasoline,1495.82,653.26
2008-06-23,PT,gasoline,1507.7,663.08
2008-06-30,PT,gasoline,1518.25,671.81
2008-07-07,PT,gasoline,1517.2,670.94
2008-07-14,PT,gasoline,1524.51,687.48
2008-07-21,PT,gasoline,1522.67,685.94
2008-07-28,PT,gasoline,1510.33,675.66
2008-08-04,PT,gasoline,1477.41,648.22
2008-08-11,PT,gasoline,1468.8,641.05
2008-08-18,PT,gasoline,1454.15,628.84
2008-08-25,PT,gasoline,1451.82,626.9
2008-09-01,PT,gasoline,1456.23,630.57
2008-09-08,PT,gasoline,1467.2,639.72
2008-09-15,PT,gasoline,1455.02,629.57
2008-09-22,PT,gasoline,1453.89,628.63
2008-09-29,PT,gasoline,1404.21,587.23
2008-10-06,PT,gasoline,1397.91,581.98
2008-10-13,PT,gasoline,1394.5,579.13
2008-10-20,PT,gasoline,1353.94,545.33
2008-10-27,PT,gasoline,1313.14,511.33
2008-11-03,PT,gasoline,1274.33,478.99
2008-11-10,PT,gasoline,1254.52,462.48
2008-11-17,PT,gasoline,1230.49,442.46
2008-11-24,PT,gasoline,1203.27,419.77
2008-12-01,PT,gasoline,1165.3,388.13
2008-12-08,PT,gasoline,1146.54,372.5
2008-12-15,PT,gasoline,1129.24,358.08
2009-01-05,PT,gasoline,1073.85,311.92
2009-01-12,PT,gasoline,1053.64,295.08
2009-01-19,PT,gasoline,1091.87,326.94
2009-01-26,PT,gasoline,1109.2,341.38
2009-02-02,PT,gasoline,1117.25,348.09
2009-02-09,PT,gasoline,1141.46,368.27
2009-02-16,PT,gasoline,1145.18,371.37
2009-02-23,PT,gasoline,1170.37,392.36
2009-03-02,PT,gasoline,1155.11,379.64
2009-03-09,PT,gasoline,1149.55,375.01
2009-03-16,PT,gasoline,1156.24,380.58
2009-03-23,PT,gasoline,1158.47,382.44
2009-03-30,PT,gasoline,1164.46,387.43
2009-04-06,PT,gasoline,1182.27,402.27
2009-04-20,PT,gasoline,1194.4,412.38
2009-04-27,PT,gasoline,1200.56,417.52
2009-05-04,PT,gasoline,1206.29,422.29
2009-05-11,PT,gasoline,1208.74,424.33
2009-05-18,PT,gasoline,1227.44,439.92
2009-05-25,PT,gasoline,1252.26,460.6
2009-06-01,PT,gasoline,1273.87,478.61
2009-06-08,PT,gasoline,1280.0,483.72
2009-06-15,PT,gasoline,1294.0,495.38
2009-06-22,PT,gasoline,1310.0,508.72
2009-06-29,PT,gasoline,1319.0,516.22
2009-07-06,PT,gasoline,1291.0,492.88
2009-07-13,PT,gasoline,1277.0,481.22
2009-07-20,PT,gasoline,1257.0,464.55
2009-07-27,PT,gasoline,1256.0,463.72
2009-08-03,PT,gasoline,1272.0,477.05
2009-08-10,PT,gasoline,1334.0,528.72
2009-08-17,PT,gasoline,1317.0,514.55
2009-08-24,PT,gasoline,1319.0,516.22
2009-08-31,PT,gasoline,1311.0,509.55
2009-09-07,PT,gasoline,1300.0,500.38
2009-09-14,PT,gasoline,1280.0,483.72
2009-09-21,PT,gasoline,1267.0,472.88
2009-09-28,PT,gasoline,1261.0,467.88
2009-10-05,PT,gasoline,1252.0,460.38
2009-10-12,PT,gasoline,1249.0,457.88
2009-10-19,PT,gasoline,1257.0,464.55
2009-10-26,PT,gasoline,1277.0,481.22
2009-11-02,PT,gasoline,1289.0,491.22
2009-11-09,PT,gasoline,1297.0,497.88
2009-11-16,PT,gasoline,1294.0,495.38
2009-11-23,PT,gasoline,1289.0,491.22
2009-11-30,PT,gasoline,1294.0,495.38
2009-12-07,PT,gasoline,1289.0,491.22
2009-12-14,PT,gasoline,1288.0,490.38
2009-12-21,PT,gasoline,1277.0,481.22
2010-01-04,PT,gasoline,1302.0,502.05
2010-01-11,PT,gasoline,1320.0,517.05
2010-01-18,PT,gasoline,1331.0,526.22
2010-01-25,PT,gasoline,1326.0,522.05
2010-02-01,PT,gasoline,1310.0,508.72
2010-02-08,PT,gasoline,1311.0,509.55
2010-02-15,PT,gasoline,1313.0,511.22
2010-02-22,PT,gasoline,1319.0,516.22
2010-03-01,PT,gasoline,1336.0,530.38
2010-03-08,PT,gasoline,1348.0,540.38
2010-03-15,PT,gasoline,1368.0,557.05
2010-03-22,PT,gasoline,1376.0,563.72
2010-03-29,PT,gasoline,1382.0,568.72
2010-04-12,PT,gasoline,1402.0,585.38
2010-04-19,PT,gasoline,1404.0,587.05
2010-04-26,PT,gasoline,1398.0,582.05
2010-05-03,PT,gasoline,1404.0,587.05
2010-05-10,PT,gasoline,1406.0,588.72
2010-05-17,PT,gasoline,1403.0,586.22
2010-05-24,PT,gasoline,1395.0,579.55
2010-05-31,PT,gasoline,1374.0,562.05
2010-06-07,PT,gasoline,1372.0,560.38
2010-06-14,PT,gasoline,1383.0,569.55
2010-06-21,PT,gasoline,1392.0,577.05
2010-06-28,PT,gasoline,1396.0,580.38
2010-07-05,PT,gasoline,1401.0,574.9
2010-07-12,PT,gasoline,1382.0,559.2
2010-07-19,PT,gasoline,1368.0,547.63
2010-07-26,PT,gasoline,1368.0,547.63
2010-08-02,PT,gasoline,1367.0,546.8
2010-08-09,PT,gasoline,1376.0,554.24
2010-08-16,PT,gasoline,1382.0,559.2
2010-08-23,PT,gasoline,1369.0,548.45
2010-08-30,PT,gasoline,1361.0,541.84
2010-09-06,PT,gasoline,1361.0,541.84
2010-09-13,PT,gasoline,1370.0,549.28
2010-09-20,PT,gasoline,1373.0,551.76
2010-09-27,PT,gasoline,1364.0,544.32
2010-10-04,PT,gasoline,1350.0,532.75
2010-10-11,PT,gasoline,1359.0,540.19
2010-10-18,PT,gasoline,1367.0,546.8
2010-10-25,PT,gasoline,1368.0,547.63
2010-11-08,PT,gasoline,1367.0,546.8
2010-11-15,PT,gasoline,1379.0,556.72
2010-11-22,PT,gasoline,1385.0,561.68
2010-11-29,PT,gasoline,1392.0,567.46
2010-12-06,PT,gasoline,1421.0,591.43
2010-12-13,PT,gasoline,1441.0,607.96
2010-12-20,PT,gasoline,1444.0,610.44
2011-01-03,PT,gasoline,1480.0,620.3
2011-01-10,PT,gasoline,1486.0,625.18
2011-01-17,PT,gasoline,1502.0,638.19
2011-01-24,PT,gasoline,1503.0,639.0
2011-01-31,PT,gasoline,1489.0,627.62
2011-02-07,PT,gasoline,1486.0,625.18
2011-02-14,PT,gasoline,1488.0,626.81
2011-02-21,PT,gasoline,1497.0,634.12
2011-02-28,PT,gasoline,1514.0,647.94
2011-03-07,PT,gasoline,1549.0,676.4
2011-03-14,PT,gasoline,1558.0,683.72
2011-03-21,PT,gasoline,1547.0,674.77
2011-03-28,PT,gasoline,1547.0,674.77
2011-04-04,PT,gasoline,1563.0,687.78
2011-04-11,PT,gasoline,1577.0,699.16
2011-04-18,PT,gasoline,1593.0,712.17
2011-05-02,PT,gasoline,1606.0,722.74
2011-05-09,PT,gasoline,1606.0,722.74
2011-05-16,PT,gasoline,1600.0,717.86
2011-05-23,PT,gasoline,1575.0,697.54
2011-05-30,PT,gasoline,1560.0,685.34
2011-06-06,PT,gasoline,1562.0,686.97
2011-06-13,PT,gasoline,1561.0,686.16
2011-06-20,PT,gasoline,1554.0,680.46
2011-06-27,PT,gasoline,1542.0,670.71
2011-07-04,PT,gasoline,1528.0,659.33
2011-07-11,PT,gasoline,1544.0,672.33
2011-07-18,PT,gasoline,1575.0,697.54
2011-07-25,PT,gasoline,1587.0,707.29
2011-08-01,PT,gasoline,1581.0,702.42
2011-08-08,PT,gasoline,1577.0,699.16
2011-08-22,PT,gasoline,1535.0,665.02
2011-08-29,PT,gasoline,1537.0,666.64
2011-09-05,PT,gasoline,1562.0,686.97
2011-09-12,PT,gasoline,1581.0,702.42
2011-09-19,PT,gasoline,1581.0,702.42
2011-09-26,PT,gasoline,1568.0,691.85
2011-10-03,PT,gasoline,1551.0,678.03
2011-10-10,PT,gasoline,1536.0,665.83
2011-10-17,PT,gasoline,1543.0,671.52
2011-10-24,PT,gasoline,1548.0,675.59
2011-10-31,PT,gasoline,1540.0,669.08
2011-11-07,PT,gasoline,1536.0,665.83
2011-11-14,PT,gasoline,1540.0,669.08
2011-11-21,PT,gasoline,1529.0,660.14
2011-11-28,PT,gasoline,1514.0,647.94
2011-12-05,PT,gasoline,1516.0,649.57
2011-12-12,PT,gasoline,1521.0,653.64
2011-12-19,PT,gasoline,1527.0,658.51
2012-01-09,PT,gasoline,1590.0,708.26
2012-01-16,PT,gasoline,1603.0,718.83
2012-01-23,PT,gasoline,1603.0,718.83
2012-01-30,PT,gasoline,1600.0,716.39
2012-02-06,PT,gasoline,1600.0,716.39
2012-02-13,PT,gasoline,1619.0,731.84
2012-02-20,PT,gasoline,1636.0,745.66
2012-02-27,PT,gasoline,1652.0,758.67
2012-03-05,PT,gasoline,1657.0,762.73
2012-03-12,PT,gasoline,1668.0,771.68
2012-03-19,PT,gasoline,1694.0,792.82
2012-03-26,PT,gasoline,1704.0,800.95
2012-04-02,PT,gasoline,1714.0,809.08
2012-04-16,PT,gasoline,1731.0,822.9
2012-04-23,PT,gasoline,1715.0,809.89
2012-04-30,PT,gasoline,1688.0,787.94
2012-05-07,PT,gasoline,1666.0,770.05
2012-05-14,PT,gasoline,1651.0,757.86
2012-05-21,PT,gasoline,1636.0,745.66
2012-05-28,PT,gasoline,1637.0,746.47
2012-06-04,PT,gasoline,1638.0,747.29
2012-06-11,PT,gasoline,1625.0,736.72
2012-06-18,PT,gasoline,1601.0,717.21
2012-06-25,PT,gasoline,1588.0,706.64
2012-07-02,PT,gasoline,1582.0,701.76
2012-07-09,PT,gasoline,1606.0,721.27
2012-07-16,PT,gasoline,1613.0,726.96
2012-07-23,PT,gasoline,1640.0,748.91
2012-07-30,PT,gasoline,1642.0,750.54
2012-08-06,PT,gasoline,1647.0,754.6
2012-08-13,PT,gasoline,1670.0,773.3
2012-08-20,PT,gasoline,1701.0,798.51
2012-08-27,PT,gasoline,1710.0,805.82
2012-09-03,PT,gasoline,1708.0,804.2
2012-09-10,PT,gasoline,1722.0,815.58
2012-09-17,PT,gasoline,1717.0,811.51
2012-09-24,PT,gasoline,1667.0,770.86
2012-10-01,PT,gasoline,1668.0,771.68
2012-10-08,PT,gasoline,1676.0,778.18
2012-10-15,PT,gasoline,1685.0,785.5
2012-10-22,PT,gasoline,1648.0,755.42
2012-10-29,PT,gasoline,1600.0,716.39
2012-11-05,PT,gasoline,1584.0,703.38
2012-11-12,PT,gasoline,1586.0,705.01
2012-11-19,PT,gasoline,1597.0,713.95
2012-11-26,PT,gasoline,1605.0,720.46
2012-12-03,PT,gasoline,1596.0,713.14
2012-12-10,PT,gasoline,1580.0,700.13
2012-12-17,PT,gasoline,1571.0,692.82
2013-01-07,PT,gasoline,1584.0,702.53
2013-01-14,PT,gasoline,1599.0,714.73
2013-01-21,PT,gasoline,1592.0,709.04
2013-01-28,PT,gasoline,1592.0,709.04
2013-02-04,PT,gasoline,1617.0,729.36
2013-02-11,PT,gasoline,1630.0,739.93
2013-02-18,PT,gasoline,1641.0,748.88
2013-02-25,PT,gasoline,1653.0,758.63
2013-03-04,PT,gasoline,1639.0,747.25
2013-03-11,PT,gasoline,1617.0,729.36
2013-03-18,PT,gasoline,1603.0,717.98
2013-03-25,PT,gasoline,1608.0,722.05
2013-04-01,PT,gasoline,1630.0,739.93
2013-04-08,PT,gasoline,1636.0,744.81
2013-04-15,PT,gasoline,1591.0,708.23
2013-04-22,PT,gasoline,1561.0,683.84
2013-04-29,PT,gasoline,1557.0,680.58
2013-05-06,PT,gasoline,1554.0,678.14
2013-05-13,PT,gasoline,1557.0,680.58
2013-05-20,PT,gasoline,1572.0,692.78
2013-05-27,PT,gasoline,1581.0,700.1
2013-06-03,PT,gasoline,1582.0,700.91
2013-06-10,PT,gasoline,1580.0,699.28
2013-06-17,PT,gasoline,1573.0,693.59
2013-06-24,PT,gasoline,1569.0,690.34
2013-07-01,PT,gasoline,1564.0,686.27
2013-07-08,PT,gasoline,1566.0,687.9
2013-07-15,PT,gasoline,1591.0,708.23
2013-07-22,PT,gasoline,1612.0,725.3
2013-07-29,PT,gasoline,1607.0,721.23
2013-08-05,PT,gasoline,1595.0,711.48
2013-08-12,PT,gasoline,1590.0,707.41
2013-08-19,PT,gasoline,1591.0,708.23
2013-08-26,PT,gasoline,1597.0,713.1
2013-09-02,PT,gasoline,1611.0,724.49
2013-09-09,PT,gasoline,1616.0,728.55
2013-09-16,PT,gasoline,1592.0,709.04
2013-09-23,PT,gasoline,1564.0,686.27
2013-09-30,PT,gasoline,1539.0,665.95
2013-10-07,PT,gasoline,1532.0,660.26
2013-10-14,PT,gasoline,1529.0,657.82
2013-10-21,PT,gasoline,1535.0,662.7
2013-10-28,PT,gasoline,1531.0,659.45
2013-11-04,PT,gasoline,1520.0,650.5
2013-11-11,PT,gasoline,1513.0,644.81
2013-11-18,PT,gasoline,1525.0,654.57
2013-11-25,PT,gasoline,1537.0,664.32
2013-12-02,PT,gasoline,1537.0,664.32
2013-12-09,PT,gasoline,1550.0,674.89
2013-12-16,PT,gasoline,1541.0,667.58
2014-01-06,PT,gasoline,1551.0,675.03
2014-01-13,PT,gasoline,1544.0,669.33
2014-01-20,PT,gasoline,1533.0,660.39
2014-01-27,PT,gasoline,1530.0,657.95
2014-02-03,PT,gasoline,1534.0,661.2
2014-02-10,PT,gasoline,1534.0,661.2
2014-02-17,PT,gasoline,1541.0,666.9
2014-02-24,PT,gasoline,1549.0,673.4
2014-03-03,PT,gasoline,1553.0,676.65
2014-03-10,PT,gasoline,1548.0,672.59
2014-03-17,PT,gasoline,1541.0,666.9
2014-03-24,PT,gasoline,1544.0,669.33
2014-03-31,PT,gasoline,1551.0,675.03
2014-04-07,PT,gasoline,1551.0,675.03
2014-04-14,PT,gasoline,1559.0,681.53
2014-04-28,PT,gasoline,1580.0,698.6
2014-05-05,PT,gasoline,1581.0,699.42
2014-05-12,PT,gasoline,1564.0,685.59
2014-05-19,PT,gasoline,1563.0,684.78
2014-05-26,PT,gasoline,1562.0,683.97
2014-06-02,PT,gasoline,1568.0,688.85
2014-06-09,PT,gasoline,1560.0,682.34
2014-06-16,PT,gasoline,1572.0,692.1
2014-06-23,PT,gasoline,1594.0,709.98
2014-06-30,PT,gasoline,1602.0,716.49
2014-07-07,PT,gasoline,1600.0,714.86
2014-07-14,PT,gasoline,1593.0,709.17
2014-07-21,PT,gasoline,1576.0,695.35
2014-07-28,PT,gasoline,1560.0,682.34
2014-08-04,PT,gasoline,1556.0,679.09
2014-08-11,PT,gasoline,1547.0,671.77
2014-08-18,PT,gasoline,1538.0,664.46
2014-08-25,PT,gasoline,1537.0,663.64
2014-09-01,PT,gasoline,1544.0,669.33
2014-09-08,PT,gasoline,1551.0,675.03
2014-09-15,PT,gasoline,1550.0,674.21
2014-09-22,PT,gasoline,1539.0,665.27
2014-09-29,PT,gasoline,1530.0,657.95
2014-10-06,PT,gasoline,1531.0,658.77
2014-10-13,PT,gasoline,1529.0,657.14
2014-10-20,PT,gasoline,1485.0,621.37
2014-10-27,PT,gasoline,1459.0,600.23
2014-11-03,PT,gasoline,1453.0,595.35
2014-11-10,PT,gasoline,1456.0,597.79
2014-11-17,PT,gasoline,1456.0,597.79
2014-11-24,PT,gasoline,1446.0,589.66
2014-12-01,PT,gasoline,1426.0,573.4
2014-12-08,PT,gasoline,1386.0,540.88
2014-12-15,PT,gasoline,1336.0,500.23
2015-01-05,PT,gasoline,1327.0,461.35
2015-01-12,PT,gasoline,1312.0,449.16
2015-01-19,PT,gasoline,1305.0,443.47
2015-01-26,PT,gasoline,1305.0,443.47
2015-02-02,PT,gasoline,1323.0,458.1
2015-02-09,PT,gasoline,1363.0,490.62
2015-02-16,PT,gasoline,1402.0,522.33
2015-02-23,PT,gasoline,1411.0,529.64
2015-03-02,PT,gasoline,1413.0,531.27
2015-03-09,PT,gasoline,1430.0,545.09
2015-03-16,PT,gasoline,1448.0,559.73
2015-03-23,PT,gasoline,1459.0,568.67
2015-03-30,PT,gasoline,1461.0,570.29
2015-04-13,PT,gasoline,1479.0,584.93
2015-04-20,PT,gasoline,1485.0,589.81
2015-04-27,PT,gasoline,1500.0,602.0
2015-05-04,PT,gasoline,1507.0,607.69
2015-05-11,PT,gasoline,1505.0,606.07
2015-05-18,PT,gasoline,1502.0,603.63
2015-05-25,PT,gasoline,1508.0,608.51
2015-06-01,PT,gasoline,1510.0,610.13
2015-06-08,PT,gasoline,1513.0,612.57
2015-06-15,PT,gasoline,1537.0,632.08
2015-06-22,PT,gasoline,1542.0,636.15
2015-06-29,PT,gasoline,1537.0,632.08
2015-07-06,PT,gasoline,1539.0,633.71
2015-07-13,PT,gasoline,1555.0,646.72
2015-07-20,PT,gasoline,1544.0,637.77
2015-07-27,PT,gasoline,1529.0,625.58
2015-08-03,PT,gasoline,1515.0,614.2
2015-08-10,PT,gasoline,1502.0,603.63
2015-08-17,PT,gasoline,1476.0,582.49
2015-08-24,PT,gasoline,1449.0,560.54
2015-08-31,PT,gasoline,1406.0,525.58
2015-09-07,PT,gasoline,1422.0,538.59
2015-09-14,PT,gasoline,1406.0,525.58
2015-09-21,PT,gasoline,1391.0,513.38
2015-09-28,PT,gasoline,1384.0,507.69
2015-10-05,PT,gasoline,1375.0,500.38
2015-10-12,PT,gasoline,1384.0,507.69
2015-10-19,PT,gasoline,1373.0,498.75
2015-10-26,PT,gasoline,1354.0,483.3
2015-11-02,PT,gasoline,1363.0,490.62
2015-11-09,PT,gasoline,1381.5,505.66
2015-11-16,PT,gasoline,1384.5,508.1
2015-11-23,PT,gasoline,1366.5,493.47
2015-11-30,PT,gasoline,1372.0,497.94
2015-12-07,PT,gasoline,1364.0,491.43
2015-12-14,PT,gasoline,1344.5,475.58
2016-01-04,PT,gasoline,1337.0,465.89
2016-01-11,PT,gasoline,1339.0,467.52
2016-01-18,PT,gasoline,1316.0,448.82
2016-01-25,PT,gasoline,1296.0,432.56
2016-02-01,PT,gasoline,1288.5,426.46
2016-02-08,PT,gasoline,1285.0,423.62
2016-02-15,PT,gasoline,1306.5,381.1
2016-02-22,PT,gasoline,1307.0,381.5
2016-02-29,PT,gasoline,1323.0,394.51
2016-03-07,PT,gasoline,1327.0,397.76
2016-03-14,PT,gasoline,1348.0,414.83
2016-03-21,PT,gasoline,1369.0,431.91
2016-04-04,PT,gasoline,1399.5,456.7
2016-04-11,PT,gasoline,1403.5,459.96
2016-04-18,PT,gasoline,1414.5,468.9
2016-04-25,PT,gasoline,1421.0,474.18
2016-05-02,PT,gasoline,1400.0,457.11
2016-05-09,PT,gasoline,1398.0,455.49
2016-05-16,PT,gasoline,1380.0,450.85
2016-05-23,PT,gasoline,1403.0,469.55
2016-05-30,PT,gasoline,1417.0,480.93
2016-06-06,PT,gasoline,1422.0,485.0
2016-06-13,PT,gasoline,1418.0,481.75
2016-06-20,PT,gasoline,1406.0,471.99
2016-06-27,PT,gasoline,1408.0,473.62
2016-07-04,PT,gasoline,1410.0,475.24
2016-07-11,PT,gasoline,1391.0,459.79
2016-07-18,PT,gasoline,1374.0,445.97
2016-07-25,PT,gasoline,1368.0,441.1
2016-08-01,PT,gasoline,1363.0,437.03
2016-08-08,PT,gasoline,1353.0,428.9
2016-08-15,PT,gasoline,1355.0,430.53
2016-08-22,PT,gasoline,1371.0,443.53
2016-08-29,PT,gasoline,1382.0,452.48
2016-09-05,PT,gasoline,1379.0,450.04
2016-09-12,PT,gasoline,1370.0,442.72
2016-09-19,PT,gasoline,1375.0,446.79
2016-09-26,PT,gasoline,1373.0,445.16
2016-10-03,PT,gasoline,1374.0,445.97
2016-10-10,PT,gasoline,1397.0,464.67
2016-10-17,PT,gasoline,1404.0,470.36
2016-10-24,PT,gasoline,1408.0,473.62
2016-10-31,PT,gasoline,1408.0,473.62
2016-11-07,PT,gasoline,1397.0,464.67
2016-11-14,PT,gasoline,1379.0,450.04
2016-11-21,PT,gasoline,1371.0,443.53
2016-11-28,PT,gasoline,1394.0,462.23
2016-12-05,PT,gasoline,1406.0,471.99
2016-12-12,PT,gasoline,1420.0,483.37
2016-12-19,PT,gasoline,1433.0,493.94
2017-01-02,PT,gasoline,1463.0,537.92
2017-01-09,PT,gasoline,1468.0,541.99
2017-01-16,PT,gasoline,1483.0,554.18
2017-01-23,PT,gasoline,1498.0,566.38
2017-01-30,PT,gasoline,1490.0,559.87
2017-02-06,PT,gasoline,1493.0,562.31
2017-02-13,PT,gasoline,1495.0,563.94
2017-02-20,PT,gasoline,1498.0,566.38
2017-02-27,PT,gasoline,1498.0,566.38
2017-03-06,PT,gasoline,1492.0,561.5
2017-03-13,PT,gasoline,1482.0,553.37
2017-03-20,PT,gasoline,1460.0,535.48
2017-03-27,PT,gasoline,1448.0,525.73
2017-04-03,PT,gasoline,1461.0,536.29
2017-04-10,PT,gasoline,1479.0,550.93
2017-04-24,PT,gasoline,1489.0,559.06
2017-05-01,PT,gasoline,1471.0,544.42
2017-05-08,PT,gasoline,1446.0,524.1
2017-05-15,PT,gasoline,1436.0,515.97
2017-05-22,PT,gasoline,1449.0,526.54
2017-05-29,PT,gasoline,1454.0,530.6
2017-06-05,PT,gasoline,1453.0,529.79
2017-06-12,PT,gasoline,1437.0,516.78
2017-06-19,PT,gasoline,1428.0,509.47
2017-06-26,PT,gasoline,1420.0,502.96
2017-07-03,PT,gasoline,1414.0,498.08
2017-07-10,PT,gasoline,1420.0,502.96
2017-07-17,PT,gasoline,1421.0,503.77
2017-07-24,PT,gasoline,1425.0,507.03
2017-07-31,PT,gasoline,1424.0,506.21
2017-08-07,PT,gasoline,1432.0,512.72
2017-08-14,PT,gasoline,1438.0,517.6
2017-08-21,PT,gasoline,1436.0,515.97
2017-08-28,PT,gasoline,1435.0,515.16
2017-09-04,PT,gasoline,1458.0,533.86
2017-09-11,PT,gasoline,1471.0,544.42
2017-09-18,PT,gasoline,1462.0,537.11
2017-09-25,PT,gasoline,1458.0,533.86
2017-10-02,PT,gasoline,1452.0,528.98
2017-10-09,PT,gasoline,1446.0,524.1
2017-10-16,PT,gasoline,1446.0,524.1
2017-10-23,PT,gasoline,1447.0,524.91
2017-10-30,PT,gasoline,1455.0,531.42
2017-11-06,PT,gasoline,1481.0,552.56
2017-11-13,PT,gasoline,1511.0,576.95
2017-11-20,PT,gasoline,1503.0,570.44
2017-11-27,PT,gasoline,1493.0,562.31
2017-12-04,PT,gasoline,1490.0,559.87
2017-12-11,PT,gasoline,1485.0,555.81
2017-12-18,PT,gasoline,1482.0,553.37
2018-01-01,PT,gasoline,1510.0,568.44
2018-01-08,PT,gasoline,1523.0,579.01
2018-01-15,PT,gasoline,1534.0,587.95
2018-01-22,PT,gasoline,1517.0,574.13
2018-01-29,PT,gasoline,1517.0,574.13
2018-02-05,PT,gasoline,1516.0,573.32
2018-02-12,PT,gasoline,1505.0,564.38
2018-02-19,PT,gasoline,1486.0,548.93
2018-02-26,PT,gasoline,1466.0,532.67
2018-03-05,PT,gasoline,1463.0,530.23
2018-03-12,PT,gasoline,1460.0,527.79
2018-03-19,PT,gasoline,1457.0,525.35
2018-03-26,PT,gasoline,1491.0,553.0
2018-04-09,PT,gasoline,1509.0,567.63
2018-04-16,PT,gasoline,1514.0,571.69
2018-04-23,PT,gasoline,1521.0,577.39
2018-04-30,PT,gasoline,1540.0,592.83
2018-05-07,PT,gasoline,1547.0,598.52
2018-05-14,PT,gasoline,1564.0,612.34
2018-05-21,PT,gasoline,1578.0,623.73
2018-05-28,PT,gasoline,1601.0,642.43
2018-06-04,PT,gasoline,1599.0,640.8
2018-06-11,PT,gasoline,1583.0,627.79
2018-06-18,PT,gasoline,1577.0,622.91
2018-06-25,PT,gasoline,1573.0,619.66
2018-07-02,PT,gasoline,1574.0,620.47
2018-07-09,PT,gasoline,1579.0,624.54
2018-07-16,PT,gasoline,1581.0,626.17
2018-07-23,PT,gasoline,1572.0,618.85
2018-07-30,PT,gasoline,1585.0,629.42
2018-08-06,PT,gasoline,1597.0,639.17
2018-08-13,PT,gasoline,1596.0,638.36
2018-08-20,PT,gasoline,1592.0,635.11
2018-08-27,PT,gasoline,1595.0,637.55
2018-09-03,PT,gasoline,1606.0,646.49
2018-09-10,PT,gasoline,1604.0,644.87
2018-09-17,PT,gasoline,1596.0,638.36
2018-09-24,PT,gasoline,1587.0,631.04
2018-10-01,PT,gasoline,1587.0,631.04
2018-10-08,PT,gasoline,1605.0,645.68
2018-10-15,PT,gasoline,1598.0,639.99
2018-10-22,PT,gasoline,1574.0,620.47
2018-10-29,PT,gasoline,1562.0,610.72
2018-11-05,PT,gasoline,1553.0,603.4
2018-11-12,PT,gasoline,1532.0,586.33
2018-11-19,PT,gasoline,1511.0,569.26
2018-11-26,PT,gasoline,1481.0,544.87
2018-12-03,PT,gasoline,1448.0,518.04
2018-12-10,PT,gasoline,1435.0,507.47
2018-12-17,PT,gasoline,1435.0,507.47
2019-01-07,PT,gasoline,1403.0,498.07
2019-01-14,PT,gasoline,1418.0,510.27
2019-01-21,PT,gasoline,1411.0,504.57
2019-01-28,PT,gasoline,1413.0,506.2
2019-02-04,PT,gasoline,1412.0,505.39
2019-02-11,PT,gasoline,1415.0,507.83
2019-02-18,PT,gasoline,1426.0,516.77
2019-02-25,PT,gasoline,1452.0,537.91
2019-03-04,PT,gasoline,1455.0,540.35
2019-03-11,PT,gasoline,1458.0,542.79
2019-03-18,PT,gasoline,1471.0,553.35
2019-03-25,PT,gasoline,1486.0,565.55
2019-04-01,PT,gasoline,1504.0,580.18
2019-04-08,PT,gasoline,1526.0,598.07
2019-04-15,PT,gasoline,1546.0,614.33
2019-04-29,PT,gasoline,1564.0,628.96
2019-05-06,PT,gasoline,1573.0,636.28
2019-05-13,PT,gasoline,1563.0,628.15
2019-05-20,PT,gasoline,1571.0,634.66
2019-05-27,PT,gasoline,1581.0,642.79
2019-06-03,PT,gasoline,1570.0,633.84
2019-06-10,PT,gasoline,1524.0,596.44
2019-06-17,PT,gasoline,1492.0,570.43
2019-06-24,PT,gasoline,1488.0,567.18
2019-07-01,PT,gasoline,1497.0,574.49
2019-07-08,PT,gasoline,1506.0,581.81
2019-07-15,PT,gasoline,1521.0,594.01
2019-07-22,PT,gasoline,1525.0,597.26
2019-07-29,PT,gasoline,1516.0,589.94
2019-08-05,PT,gasoline,1520.0,593.19
2019-08-12,PT,gasoline,1505.0,581.0
2019-08-19,PT,gasoline,1489.0,567.99
2019-08-26,PT,gasoline,1487.0,566.36
2019-09-02,PT,gasoline,1482.0,562.3
2019-09-09,PT,gasoline,1480.0,560.67
2019-09-16,PT,gasoline,1477.0,558.23
2019-09-23,PT,gasoline,1502.0,578.56
2019-09-30,PT,gasoline,1500.0,576.93
2019-10-07,PT,gasoline,1493.0,571.24
2019-10-14,PT,gasoline,1487.0,566.36
2019-10-21,PT,gasoline,1475.0,556.61
2019-10-28,PT,gasoline,1474.0,555.79
2019-11-04,PT,gasoline,1482.0,562.3
2019-11-11,PT,gasoline,1497.0,574.49
2019-11-18,PT,gasoline,1495.0,572.87
2019-11-25,PT,gasoline,1487.0,566.36
2019-12-02,PT,gasoline,1490.0,568.8
2019-12-09,PT,gasoline,1485.0,564.74
2019-12-16,PT,gasoline,1481.0,561.49
2020-01-06,PT,gasoline,1534.0,604.57
2020-01-13,PT,gasoline,1535.0,605.39
2020-01-20,PT,gasoline,1530.0,601.32
2020-01-27,PT,gasoline,1522.0,594.82
2020-02-03,PT,gasoline,1510.0,585.06
2020-02-10,PT,gasoline,1497.0,574.49
2020-02-17,PT,gasoline,1500.0,552.22
2020-02-24,PT,gasoline,1508.0,558.73
2020-03-02,PT,gasoline,1497.0,549.78
2020-03-09,PT,gasoline,1466.0,524.58
2020-03-16,PT,gasoline,1397.0,468.48
2020-03-23,PT,gasoline,1317.0,403.44
2020-03-30,PT,gasoline,1260.0,357.1
2020-04-06,PT,gasoline,1260.0,357.1
2020-04-20,PT,gasoline,1258.0,355.47
2020-04-27,PT,gasoline,1245.0,344.91
2020-05-04,PT,gasoline,1237.0,338.4
2020-05-11,PT,gasoline,1260.0,357.1
2020-05-18,PT,gasoline,1286.0,378.24
2020-05-25,PT,gasoline,1321.0,406.69
2020-06-01,PT,gasoline,1330.0,414.01
2020-06-08,PT,gasoline,1336.0,418.89
2020-06-15,PT,gasoline,1349.0,429.46
2020-06-22,PT,gasoline,1365.0,442.47
2020-06-29,PT,gasoline,1378.0,453.04
2020-07-06,PT,gasoline,1385.0,458.73
2020-07-13,PT,gasoline,1401.0,471.73
2020-07-20,PT,gasoline,1400.0,470.92
2020-07-27,PT,gasoline,1395.0,466.86
2020-08-03,PT,gasoline,1391.0,463.6
2020-08-10,PT,gasoline,1390.0,462.79
2020-08-17,PT,gasoline,1391.0,463.6
2020-08-24,PT,gasoline,1394.0,466.04
2020-08-31,PT,gasoline,1399.0,470.11
2020-09-07,PT,gasoline,1400.0,470.92
2020-09-14,PT,gasoline,1388.0,461.17
2020-09-21,PT,gasoline,1384.0,457.91
2020-09-28,PT,gasoline,1382.0,456.29
2020-10-05,PT,gasoline,1383.0,457.1
2020-10-12,PT,gasoline,1391.0,463.6
2020-10-19,PT,gasoline,1394.0,466.04
2020-10-26,PT,gasoline,1386.0,459.54
2020-11-02,PT,gasoline,1374.0,449.78
2020-11-09,PT,gasoline,1365.0,442.47
2020-11-16,PT,gasoline,1377.0,452.22
2020-11-23,PT,gasoline,1380.0,454.66
2020-11-30,PT,gasoline,1389.0,461.98
2020-12-07,PT,gasoline,1394.0,466.04
2020-12-14,PT,gasoline,1399.0,470.11
2020-12-21,PT,gasoline,1405.0,474.99
2021-01-11,PT,gasoline,1436.0,499.5
2021-01-18,PT,gasoline,1455.0,514.95
2021-01-25,PT,gasoline,1460.0,519.01
2021-02-01,PT,gasoline,1463.0,521.45
2021-02-08,PT,gasoline,1478.0,533.65
2021-02-15,PT,gasoline,1492.0,545.03
2021-02-22,PT,gasoline,1508.0,558.04
2021-03-01,PT,gasoline,1527.0,573.48
2021-03-08,PT,gasoline,1543.0,586.49
2021-03-15,PT,gasoline,1560.0,600.31
2021-03-22,PT,gasoline,1565.0,604.38
2021-03-29,PT,gasoline,1563.0,602.75
2021-04-12,PT,gasoline,1574.0,611.69
2021-04-19,PT,gasoline,1576.0,613.32
2021-04-26,PT,gasoline,1587.0,622.26
2021-05-03,PT,gasoline,1582.0,618.2
2021-05-10,PT,gasoline,1600.0,632.83
2021-05-17,PT,gasoline,1605.0,636.9
2021-05-24,PT,gasoline,1598.0,631.21
2021-05-31,PT,gasoline,1600.0,632.83
2021-06-07,PT,gasoline,1614.0,644.22
2021-06-14,PT,gasoline,1620.0,649.09
2021-06-21,PT,gasoline,1631.0,658.04
2021-06-28,PT,gasoline,1652.0,675.11
2021-07-05,PT,gasoline,1665.0,685.68
2021-07-12,PT,gasoline,1671.0,690.56
2021-07-19,PT,gasoline,1676.0,694.62
2021-07-26,PT,gasoline,1668.0,688.12
2021-08-02,PT,gasoline,1677.0,695.43
2021-08-09,PT,gasoline,1681.0,698.69
2021-08-16,PT,gasoline,1677.0,695.43
2021-08-23,PT,gasoline,1657.0,679.17
2021-08-30,PT,gasoline,1659.0,680.8
2021-09-06,PT,gasoline,1672.0,691.37
2021-09-13,PT,gasoline,1675.0,693.81
2021-09-20,PT,gasoline,1673.0,692.18
2021-09-27,PT,gasoline,1670.0,689.74
2021-10-04,PT,gasoline,1695.0,710.07
2021-10-11,PT,gasoline,1710.0,722.26
2021-10-18,PT,gasoline,1724.0,753.65
2021-10-25,PT,gasoline,1723.0,752.83
2021-11-01,PT,gasoline,1733.0,760.96
2021-11-08,PT,gasoline,1737.0,764.22
2021-11-15,PT,gasoline,1729.0,757.71
2021-11-22,PT,gasoline,1718.0,748.77
2021-11-29,PT,gasoline,1699.0,733.32
2021-12-06,PT,gasoline,1659.0,700.8
2021-12-13,PT,gasoline,1661.0,702.43
2021-12-20,PT,gasoline,1664.0,704.87
2022-01-03,PT,gasoline,1693.0,728.44
2022-01-10,PT,gasoline,1701.0,734.95
2022-01-17,PT,gasoline,1705.0,738.2
2022-01-24,PT,gasoline,1736.0,763.4
2022-01-31,PT,gasoline,1758.0,781.29
2022-02-07,PT,gasoline,1783.0,801.61
2022-02-14,PT,gasoline,1801.0,816.25
2022-02-21,PT,gasoline,1813.0,826.0
2022-02-28,PT,gasoline,1832.0,841.45
2022-03-07,PT,gasoline,1917.0,910.56
2022-03-14,PT,gasoline,2028.0,1017.52
2022-03-21,PT,gasoline,1927.0,935.41
2022-03-28,PT,gasoline,2027.0,1016.71
2022-04-04,PT,gasoline,1989.0,985.81
2022-04-11,PT,gasoline,1948.0,952.48
2022-04-25,PT,gasoline,1975.0,974.43
2022-05-02,PT,gasoline,1878.0,1021.71
2022-05-09,PT,gasoline,1915.0,1071.87
2022-05-16,PT,gasoline,1952.0,1101.95
2022-05-23,PT,gasoline,2016.0,1166.19
2022-05-30,PT,gasoline,2055.0,1202.63
2022-06-06,PT,gasoline,2171.0,1300.93
2022-06-13,PT,gasoline,2170.0,1300.12
2022-06-20,PT,gasoline,2121.0,1269.91
2022-06-27,PT,gasoline,2101.0,1250.73
2022-07-04,PT,gasoline,2084.0,1236.91
2022-07-11,PT,gasoline,2019.0,1184.06
2022-07-18,PT,gasoline,1908.0,1093.82
2022-07-25,PT,gasoline,1895.0,1083.25
2022-08-01,PT,gasoline,1889.0,1078.37
2022-08-08,PT,gasoline,1805.0,1010.08
2022-08-15,PT,gasoline,1787.0,995.45
2022-08-22,PT,gasoline,1777.0,987.32
2022-08-29,PT,gasoline,1781.0,990.57
2022-09-05,PT,gasoline,1719.0,940.16
2022-09-12,PT,gasoline,1703.0,927.15
2022-09-19,PT,gasoline,1695.0,920.65
2022-09-26,PT,gasoline,1688.0,914.96
2022-10-03,PT,gasoline,1701.0,881.07
2022-10-10,PT,gasoline,1825.0,981.88
2022-10-17,PT,gasoline,1886.0,1031.47
2022-10-24,PT,gasoline,1835.0,990.01
2022-10-31,PT,gasoline,1817.0,975.38
2022-11-07,PT,gasoline,1823.0,991.56
2022-11-14,PT,gasoline,1785.0,960.67
2022-11-21,PT,gasoline,1703.0,894.0
2022-11-28,PT,gasoline,1648.0,849.29
2022-12-05,PT,gasoline,1652.0,828.88
2022-12-12,PT,gasoline,1593.0,780.91
2022-12-19,PT,gasoline,1582.0,771.97
2022-12-26,PT,gasoline,1600.0,786.6
2023-01-02,PT,gasoline,1670.0,831.74
2023-01-09,PT,gasoline,1661.0,824.43
2023-01-16,PT,gasoline,1672.0,833.37
2023-01-23,PT,gasoline,1705.0,860.2
2023-01-30,PT,gasoline,1739.0,887.84
2023-02-06,PT,gasoline,1689.0,866.26
2023-02-13,PT,gasoline,1668.0,849.19
2023-02-20,PT,gasoline,1674.0,854.07
2023-02-27,PT,gasoline,1668.0,849.19
2023-03-06,PT,gasoline,1683.0,854.12
2023-03-13,PT,gasoline,1688.0,858.19
2023-03-20,PT,gasoline,1657.0,832.98
2023-03-27,PT,gasoline,1667.0,841.11
2023-04-03,PT,gasoline,1693.0,862.25
2023-04-10,PT,gasoline,1707.0,873.63
2023-04-17,PT,gasoline,1714.0,879.33
2023-04-24,PT,gasoline,1673.0,845.99
2023-05-01,PT,gasoline,1659.0,815.72
2023-05-08,PT,gasoline,1613.0,778.32
2023-05-15,PT,gasoline,1637.0,797.83
2023-05-22,PT,gasoline,1654.0,811.66
2023-05-29,PT,gasoline,1678.0,831.17
2023-06-05,PT,gasoline,1664.0,801.43
2023-06-12,PT,gasoline,1702.0,832.32
2023-06-19,PT,gasoline,1685.0,818.5
2023-06-26,PT,gasoline,1672.0,807.93
2023-07-03,PT,gasoline,1648.0,770.07
2023-07-10,PT,gasoline,1681.0,796.9
2023-07-17,PT,gasoline,1697.0,809.9
2023-07-24,PT,gasoline,1719.0,827.79
2023-07-31,PT,gasoline,1809.0,882.6
2023-08-07,PT,gasoline,1823.0,893.98
2023-08-14,PT,gasoline,1827.0,897.24
2023-08-21,PT,gasoline,1855.0,920.0
2023-08-28,PT,gasoline,1872.0,933.82
2023-09-04,PT,gasoline,1872.0,933.82
2023-09-11,PT,gasoline,1859.0,923.25
2023-09-18,PT,gasoline,1857.0,921.63
2023-09-25,PT,gasoline,1865.0,938.13
2023-10-02,PT,gasoline,1853.0,928.37
2023-10-09,PT,gasoline,1798.0,883.66
2023-10-16,PT,gasoline,1760.0,852.76
2023-10-23,PT,gasoline,1774.0,864.15
2023-10-30,PT,gasoline,1768.0,859.27
2023-11-06,PT,gasoline,1764.0,856.02
2023-11-13,PT,gasoline,1739.0,835.69
2023-11-20,PT,gasoline,1703.0,806.42
2023-11-27,PT,gasoline,1680.0,787.72
2023-12-04,PT,gasoline,1667.0,777.15
2023-12-11,PT,gasoline,1642.0,756.83
2023-12-18,PT,gasoline,1628.0,745.45
2023-12-25,PT,gasoline,1641.0,756.02
2024-01-01,PT,gasoline,1643.0,757.64
2024-01-08,PT,gasoline,1644.0,758.46
2024-01-15,PT,gasoline,1645.0,759.27
2024-01-22,PT,gasoline,1663.0,773.9
2024-01-29,PT,gasoline,1686.0,792.6
2024-02-05,PT,gasoline,1696.0,800.73
2024-02-12,PT,gasoline,1706.0,808.86
2024-02-19,PT,gasoline,1733.0,830.81
2024-02-26,PT,gasoline,1727.0,825.94
2024-03-04,PT,gasoline,1734.0,831.63
2024-03-11,PT,gasoline,1732.0,830.0
2024-03-18,PT,gasoline,1741.0,837.32
2024-03-25,PT,gasoline,1776.0,865.77
2024-04-01,PT,gasoline,1796.0,882.03
2024-04-08,PT,gasoline,1810.0,893.41
2024-04-15,PT,gasoline,1810.0,893.41
2024-04-22,PT,gasoline,1821.0,902.36
2024-04-29,PT,gasoline,1808.0,891.79
2024-05-06,PT,gasoline,1786.0,873.9
2024-05-13,PT,gasoline,1756.0,849.51
2024-05-20,PT,gasoline,1749.0,843.82
2024-05-27,PT,gasoline,1745.0,840.57
2024-06-03,PT,gasoline,1733.0,830.81
2024-06-10,PT,gasoline,1702.0,805.61
2024-06-17,PT,gasoline,1708.0,810.49
2024-06-24,PT,gasoline,1726.0,825.12
2024-07-01,PT,gasoline,1737.0,834.07
2024-07-08,PT,gasoline,1751.0,845.45
2024-07-15,PT,gasoline,1737.0,834.07
2024-07-22,PT,gasoline,1726.0,825.12
2024-07-29,PT,gasoline,1713.0,814.55
2024-08-05,PT,gasoline,1713.0,814.55
2024-08-12,PT,gasoline,1687.0,793.41
2024-08-19,PT,gasoline,1689.0,795.04
2024-08-26,PT,gasoline,1683.0,762.62
2024-09-02,PT,gasoline,1670.0,752.05
2024-09-09,PT,gasoline,1642.0,715.52
2024-09-16,PT,gasoline,1651.0,707.92
2024-09-23,PT,gasoline,1662.0,716.86
2024-09-30,PT,gasoline,1659.0,714.42
2024-10-07,PT,gasoline,1679.0,730.68
2024-10-14,PT,gasoline,1707.0,753.44
2024-10-21,PT,gasoline,1706.0,752.63
2024-10-28,PT,gasoline,1712.0,757.51
2024-11-04,PT,gasoline,1681.0,732.31
2024-11-11,PT,gasoline,1690.0,739.62
2024-11-18,PT,gasoline,1695.0,743.69
2024-11-25,PT,gasoline,1715.0,759.95
2024-12-02,PT,gasoline,1704.0,751.01
2024-12-09,PT,gasoline,1699.0,746.94
2024-12-16,PT,gasoline,1713.0,758.32
2024-12-23,PT,gasoline,1718.0,762.39
2024-12-30,PT,gasoline,1719.0,763.2
2025-01-06,PT,gasoline,1746.0,785.15
2025-01-13,PT,gasoline,1750.0,788.4
2025-01-20,PT,gasoline,1776.0,809.54
2025-01-27,PT,gasoline,1770.0,804.66
2025-02-03,PT,gasoline,1763.0,798.97
2025-02-10,PT,gasoline,1772.0,806.29
2025-02-17,PT,gasoline,1773.0,807.1
2025-02-24,PT,gasoline,1762.0,798.16
2025-03-03,PT,gasoline,1740.0,780.27
2025-03-10,PT,gasoline,1699.0,746.94
2025-03-17,PT,gasoline,1690.0,739.62
2025-03-24,PT,gasoline,1708.0,754.26
2025-03-31,PT,gasoline,1745.0,784.34
2025-04-07,PT,gasoline,1744.0,783.53
2025-04-14,PT,gasoline,1681.0,732.31
2025-04-21,PT,gasoline,1674.0,726.62
2025-04-28,PT,gasoline,1687.0,737.18
2025-05-05,PT,gasoline,1667.0,720.92
2025-05-12,PT,gasoline,1666.0,720.11
2025-05-19,PT,gasoline,1691.0,740.44
2025-05-26,PT,gasoline,1684.0,734.75
2025-06-02,PT,gasoline,1676.0,728.24
2025-06-09,PT,gasoline,1679.0,730.68
2025-06-16,PT,gasoline,1693.0,742.06
2025-06-23,PT,gasoline,1715.0,759.95
2025-06-30,PT,gasoline,1694.0,742.88
2025-07-07,PT,gasoline,1675.0,727.43
2025-07-14,PT,gasoline,1690.0,739.62
2025-07-21,PT,gasoline,1689.0,738.81
2025-07-28,PT,gasoline,1681.0,732.31
2025-08-04,PT,gasoline,1704.0,751.01
2025-08-11,PT,gasoline,1696.0,744.5
2025-08-18,PT,gasoline,1692.0,741.25
2025-08-25,PT,gasoline,1697.0,745.31
2025-09-01,PT,gasoline,1698.0,746.13
2025-09-08,PT,gasoline,1711.0,756.7
2025-09-15,PT,gasoline,1710.0,755.88
2025-09-22,PT,gasoline,1716.0,760.76
2025-09-29,PT,gasoline,1707.0,753.44
2025-10-06,PT,gasoline,1701.0,748.5668292682926
2025-10-13,PT,gasoline,1698.0,746.1278048780488
2025-10-20,PT,gasoline,1697.0,745.3147967479674
2025-10-27,PT,gasoline,1686.0,736.3717073170732
2025-11-03,PT,gasoline,1703.0,750.1928455284553
2025-11-10,PT,gasoline,1706.0,752.6318699186992
2025-11-17,PT,gasoline,1732.0,773.770081300813
2025-11-24,PT,gasoline,1723.0,766.4530081300813
2025-12-01,PT,gasoline,1709.0,738.810894308943
2025-12-08,PT,gasoline,1700.0,731.4938211382114
2025-12-15,PT,gasoline,1679.0,714.4206504065041
2025-12-22,PT,gasoline,1651.0,691.6564227642277
2025-12-29,PT,gasoline,1654.0,694.0954471544715
2026-01-05,PT,gasoline,1656.0,689.71
2026-01-12,PT,gasoline,1659.0,692.1527058178781
2026-01-19,PT,gasoline,1663.0,695.4047383382033
2026-01-26,PT,gasoline,1665.0,697.0307545983659
2026-02-02,PT,gasoline,1665.0,697.0307545983659
2026-02-09,PT,gasoline,1674.0,704.3478277690976
2026-02-16,PT,gasoline,1684.0,712.4779090699107
2026-02-23,PT,gasoline,1686.0,714.1039253300733
2026-03-02,PT,gasoline,1703.0,727.9250635414553
2026-03-09,PT,gasoline,1776.0,787.2746570373903
2026-03-16,PT,gasoline,1849.0,873.6142505333253
2026-03-23,PT,gasoline,1922.0,947.0538440292601
2026-03-30,PT,gasoline,1917.0,942.9888033788536
2026-04-06,PT,gasoline,1938.0,964.821974110561
2026-04-13,PT,gasoline,1911.0,942.8707545983658
2026-04-20,PT,gasoline,1899.0,933.1146570373902
2026-04-27,PT,gasoline,1927.0,955.8788846796667
2026-05-04,PT,gasoline,1990.0,1013.2283968747886
2026-05-11,PT,gasoline,1979.0,1002.1153074438944
2026-05-18,PT,gasoline,2009.0,1033.9555513463333
2026-05-25,PT,gasoline,2023.0,1048.4876651674717
2026-06-01,PT,gasoline,1937.0,960.3489659804798
2026-06-08,PT,gasoline,1918.0,944.691811508935
2026-06-15,PT,gasoline,1919.0,944.8148196390164
2026-06-22,PT,gasoline,1882.0,904.6635188260082
2026-06-29,PT,gasoline,1876.0,899.7854700455202
2026-07-06,PT,gasoline,1898.0,921.591648907309
2026-07-13,PT,gasoline,1913.0,939.1667708585285
2026-07-20,PT,gasoline,1972.0,993.0442505333252
2026-07-27,PT,gasoline,1990.0,1016.2583968747887
2026-08-03,PT,gasoline,1982.0,1007.1743318341382
2026-08-10,PT,gasoline,1896.0,920.2256326471464
