date,country,product,price_with_tax_eur_per_1000l,price_without_tax_eur_per_1000l
2005-01-03,BE,diesel,891.0,403.45
2005-01-10,BE,diesel,853.0,372.05
2005-01-17,BE,diesel,853.67,372.6
2005-01-24,BE,diesel,855.0,373.7
2005-01-31,BE,diesel,871.33,387.2
2005-02-07,BE,diesel,863.0,372.81
2005-02-14,BE,diesel,861.0,371.16
2005-02-21,BE,diesel,875.0,382.73
2005-02-28,BE,diesel,902.67,405.6
2005-03-07,BE,diesel,898.67,402.29
2005-03-14,BE,diesel,917.67,417.99
2005-03-21,BE,diesel,928.0,426.53
2005-04-04,BE,diesel,960.0,452.98
2005-04-11,BE,diesel,986.0,474.47
2005-04-18,BE,diesel,972.67,453.15
2005-04-25,BE,diesel,967.0,440.56
2005-05-02,BE,diesel,986.0,456.27
2005-05-09,BE,diesel,984.33,454.89
2005-05-16,BE,diesel,984.33,454.89
2005-05-23,BE,diesel,947.0,414.74
2005-05-30,BE,diesel,950.67,417.77
2005-06-06,BE,diesel,1016.0,471.76
2005-06-13,BE,diesel,1022.67,477.27
2005-06-20,BE,diesel,1022.0,476.72
2005-06-27,BE,diesel,1047.33,497.66
2005-07-04,BE,diesel,1039.67,491.32
2005-07-11,BE,diesel,1072.0,520.64
2005-07-18,BE,diesel,1047.5,500.39
2005-07-25,BE,diesel,1034.38,489.55
2005-08-01,BE,diesel,1010.8,470.06
2005-08-08,BE,diesel,1018.6,476.51
2005-08-15,BE,diesel,1018.6,476.51
2005-08-22,BE,diesel,1076.87,529.86
2005-08-29,BE,diesel,1085.63,537.11
2005-09-05,BE,diesel,1108.53,563.83
2005-09-12,BE,diesel,1075.67,536.67
2005-09-19,BE,diesel,1049.0,516.93
2005-09-26,BE,diesel,1085.0,552.29
2005-10-03,BE,diesel,1100.0,564.68
2005-10-10,BE,diesel,1112.67,578.25
2005-10-17,BE,diesel,1116.9,581.75
2005-10-24,BE,diesel,1081.37,552.38
2005-11-07,BE,diesel,1054.47,530.15
2005-11-14,BE,diesel,1036.83,515.58
2005-11-21,BE,diesel,992.27,478.75
2005-11-28,BE,diesel,994.43,480.54
2005-12-05,BE,diesel,984.43,472.27
2005-12-12,BE,diesel,997.8,483.32
2005-12-19,BE,diesel,994.27,480.4
2006-01-09,BE,diesel,1021.43,502.85
2006-01-16,BE,diesel,1029.13,509.21
2006-01-23,BE,diesel,1018.37,500.32
2006-01-30,BE,diesel,1027.13,507.56
2006-02-06,BE,diesel,1020.37,501.97
2006-02-13,BE,diesel,1015.25,497.74
2006-02-20,BE,diesel,1003.77,488.25
2006-02-27,BE,diesel,993.27,479.57
2006-03-06,BE,diesel,999.7,484.89
2006-03-13,BE,diesel,1030.3,510.18
2006-03-20,BE,diesel,990.17,477.01
2006-03-27,BE,diesel,1013.4,496.21
2006-04-03,BE,diesel,1051.13,527.4
2006-04-10,BE,diesel,1060.37,535.93
2006-04-24,BE,diesel,1063.8,542.56
2006-05-01,BE,diesel,1063.8,546.76
2006-05-08,BE,diesel,1038.13,525.55
2006-05-15,BE,diesel,1056.03,541.55
2006-05-22,BE,diesel,1063.0,547.3
2006-05-29,BE,diesel,1040.67,528.85
2006-06-05,BE,diesel,1040.67,530.55
2006-06-12,BE,diesel,1074.9,558.84
2006-06-19,BE,diesel,1042.3,531.9
2006-06-26,BE,diesel,1028.08,520.14
2006-07-03,BE,diesel,1054.03,544.39
2006-07-10,BE,diesel,1051.0,541.89
2006-07-17,BE,diesel,1066.67,554.83
2006-07-24,BE,diesel,1081.63,570.2
2006-07-31,BE,diesel,1052.37,546.02
2006-08-07,BE,diesel,1036.13,532.6
2006-08-14,BE,diesel,1036.13,532.6
2006-08-21,BE,diesel,1035.82,532.34
2006-08-28,BE,diesel,1061.93,559.62
2006-09-04,BE,diesel,1047.3,547.53
2006-09-11,BE,diesel,1024.1,528.35
2006-09-18,BE,diesel,991.0,501.0
2006-09-25,BE,diesel,997.67,506.51
2006-10-02,BE,diesel,981.9,493.48
2006-10-09,BE,diesel,966.97,481.14
2006-10-16,BE,diesel,983.13,494.5
2006-10-23,BE,diesel,996.13,505.24
2006-10-30,BE,diesel,993.57,503.12
2006-11-06,BE,diesel,984.53,485.47
2006-11-13,BE,diesel,945.0,452.79
2006-11-20,BE,diesel,974.0,476.76
2006-11-27,BE,diesel,992.0,491.64
2006-12-04,BE,diesel,972.0,475.11
2006-12-11,BE,diesel,978.0,480.07
2006-12-18,BE,diesel,982.75,483.99
2007-01-08,BE,diesel,946.27,453.84
2007-01-15,BE,diesel,927.1,438.0
2007-01-22,BE,diesel,918.37,430.78
2007-01-29,BE,diesel,915.47,428.39
2007-02-05,BE,diesel,929.83,440.26
2007-02-12,BE,diesel,952.93,459.35
2007-02-19,BE,diesel,937.5,446.59
2007-02-26,BE,diesel,944.5,452.38
2007-03-05,BE,diesel,973.17,473.16
2007-03-12,BE,diesel,985.4,483.27
2007-03-19,BE,diesel,965.13,466.52
2007-03-26,BE,diesel,963.7,465.33
2007-04-02,BE,diesel,987.23,484.78
2007-04-16,BE,diesel,1002.73,497.59
2007-04-23,BE,diesel,994.23,490.57
2007-04-30,BE,diesel,994.23,490.57
2007-05-07,BE,diesel,990.04,487.1
2007-05-14,BE,diesel,995.25,491.41
2007-05-21,BE,diesel,1000.58,495.81
2007-05-28,BE,diesel,1000.58,495.81
2007-06-04,BE,diesel,1003.0,497.81
2007-06-11,BE,diesel,985.6,483.43
2007-06-18,BE,diesel,1013.65,506.61
2007-06-25,BE,diesel,1032.14,521.89
2007-07-02,BE,diesel,1040.62,528.9
2007-07-09,BE,diesel,1022.92,514.28
2007-07-16,BE,diesel,1036.58,525.56
2007-07-23,BE,diesel,1036.32,525.35
2007-07-30,BE,diesel,1016.86,509.27
2007-08-06,BE,diesel,1039.18,527.71
2007-08-13,BE,diesel,1026.4,517.15
2007-08-20,BE,diesel,1026.13,516.93
2007-08-27,BE,diesel,1017.7,509.96
2007-09-03,BE,diesel,1014.4,507.23
2007-09-10,BE,diesel,1048.13,535.11
2007-09-17,BE,diesel,1073.7,556.24
2007-09-24,BE,diesel,1080.23,561.64
2007-10-01,BE,diesel,1088.3,566.02
2007-10-08,BE,diesel,1072.83,553.23
2007-10-15,BE,diesel,1071.83,552.41
2007-10-22,BE,diesel,1110.93,584.72
2007-10-29,BE,diesel,1100.97,576.49
2007-11-05,BE,diesel,1104.67,579.54
2007-11-12,BE,diesel,1174.23,637.04
2007-11-19,BE,diesel,1203.4,661.14
2007-11-26,BE,diesel,1209.6,666.27
2007-12-03,BE,diesel,1213.53,669.52
2007-12-10,BE,diesel,1090.38,583.24
2007-12-17,BE,diesel,1082.13,576.43
2008-01-07,BE,diesel,1111.37,600.59
2008-01-14,BE,diesel,1079.8,574.15
2008-01-21,BE,diesel,1095.27,587.28
2008-01-28,BE,diesel,1082.5,576.73
2008-02-04,BE,diesel,1083.17,577.28
2008-02-11,BE,diesel,1096.07,587.95
2008-02-18,BE,diesel,1127.7,614.09
2008-02-25,BE,diesel,1157.57,638.77
2008-03-03,BE,diesel,1154.53,636.27
2008-03-10,BE,diesel,1192.83,667.92
2008-03-17,BE,diesel,1217.0,687.89
2008-03-31,BE,diesel,1177.0,654.83
2008-04-07,BE,diesel,1186.0,662.27
2008-04-14,BE,diesel,1201.33,674.94
2008-04-21,BE,diesel,1214.43,685.77
2008-04-28,BE,diesel,1249.13,714.45
2008-05-05,BE,diesel,1267.03,729.24
2008-05-12,BE,diesel,1267.03,729.24
2008-05-19,BE,diesel,1330.33,781.55
2008-05-26,BE,diesel,1361.43,807.26
2008-06-02,BE,diesel,1389.13,830.15
2008-06-09,BE,diesel,1370.37,814.64
2008-06-16,BE,diesel,1379.8,822.44
2008-06-23,BE,diesel,1347.27,795.55
2008-06-30,BE,diesel,1379.43,822.13
2008-07-07,BE,diesel,1390.47,831.25
2008-07-14,BE,diesel,1392.17,832.66
2008-07-21,BE,diesel,1392.17,832.66
2008-07-28,BE,diesel,1356.07,802.82
2008-08-04,BE,diesel,1317.03,770.56
2008-08-11,BE,diesel,1275.75,736.44
2008-08-18,BE,diesel,1247.27,712.9
2008-08-25,BE,diesel,1255.58,719.77
2008-09-01,BE,diesel,1219.52,689.97
2008-09-08,BE,diesel,1239.9,706.82
2008-09-15,BE,diesel,1219.98,690.35
2008-09-22,BE,diesel,1203.99,677.14
2008-09-29,BE,diesel,1210.28,682.34
2008-10-06,BE,diesel,1205.26,678.19
2008-10-13,BE,diesel,1207.24,679.83
2008-10-20,BE,diesel,1156.1,637.56
2008-10-27,BE,diesel,1105.4,595.66
2008-11-03,BE,diesel,1082.08,576.39
2008-11-10,BE,diesel,1082.08,576.39
2008-11-17,BE,diesel,1052.82,552.21
2008-11-24,BE,diesel,1045.3,545.99
2008-12-01,BE,diesel,1023.1,527.65
2008-12-08,BE,diesel,1011.81,518.32
2008-12-15,BE,diesel,965.0,479.63
2009-01-05,BE,diesel,896.16,422.74
2009-01-12,BE,diesel,922.63,430.51
2009-01-19,BE,diesel,908.73,419.03
2009-01-26,BE,diesel,894.35,398.44
2009-02-02,BE,diesel,911.67,412.76
2009-02-09,BE,diesel,937.53,434.13
2009-02-16,BE,diesel,933.7,425.16
2009-02-23,BE,diesel,930.2,415.87
2009-03-02,BE,diesel,906.9,396.61
2009-03-09,BE,diesel,924.2,410.91
2009-03-16,BE,diesel,923.6,410.42
2009-03-23,BE,diesel,922.0,409.09
2009-03-30,BE,diesel,930.0,415.71
2009-04-06,BE,diesel,959.0,439.67
2009-04-20,BE,diesel,942.0,425.62
2009-04-27,BE,diesel,927.0,413.23
2009-05-04,BE,diesel,913.0,401.66
2009-05-11,BE,diesel,944.0,427.28
2009-05-18,BE,diesel,954.0,435.54
2009-05-25,BE,diesel,938.0,422.32
2009-06-01,BE,diesel,938.0,422.32
2009-06-08,BE,diesel,970.0,448.76
2009-06-15,BE,diesel,960.0,440.5
2009-06-22,BE,diesel,980.0,457.03
2009-06-29,BE,diesel,980.0,457.03
2009-07-06,BE,diesel,957.0,438.02
2009-07-13,BE,diesel,922.6,409.59
2009-07-20,BE,diesel,922.6,409.59
2009-07-27,BE,diesel,965.0,444.63
2009-08-03,BE,diesel,977.0,454.55
2009-08-10,BE,diesel,973.0,451.24
2009-08-17,BE,diesel,1023.0,492.56
2009-08-24,BE,diesel,1011.0,482.65
2009-08-31,BE,diesel,1008.0,480.17
2009-09-07,BE,diesel,984.0,460.33
2009-09-14,BE,diesel,976.0,453.72
2009-09-21,BE,diesel,950.75,432.85
2009-09-28,BE,diesel,920.95,408.23
2009-10-05,BE,diesel,960.0,440.5
2009-10-12,BE,diesel,948.0,430.58
2009-10-19,BE,diesel,945.0,428.1
2009-10-26,BE,diesel,964.0,443.8
2009-11-02,BE,diesel,964.0,443.8
2009-11-09,BE,diesel,978.0,455.37
2009-11-16,BE,diesel,971.0,449.59
2009-11-23,BE,diesel,941.0,424.8
2009-11-30,BE,diesel,971.0,449.59
2009-12-07,BE,diesel,973.0,451.24
2009-12-14,BE,diesel,988.0,463.64
2009-12-21,BE,diesel,968.0,447.11
2010-01-04,BE,diesel,985.0,461.16
2010-01-11,BE,diesel,1034.0,501.66
2010-01-18,BE,diesel,1013.0,484.3
2010-01-25,BE,diesel,993.0,459.07
2010-02-01,BE,diesel,980.0,443.73
2010-02-08,BE,diesel,980.0,443.73
2010-02-15,BE,diesel,995.0,456.12
2010-02-22,BE,diesel,1040.0,493.31
2010-03-01,BE,diesel,1070.0,518.11
2010-03-08,BE,diesel,1040.0,493.31
2010-03-15,BE,diesel,1112.0,552.82
2010-03-22,BE,diesel,1097.0,540.42
2010-03-29,BE,diesel,1116.0,556.12
2010-04-12,BE,diesel,1164.0,595.79
2010-04-19,BE,diesel,1171.0,594.98
2010-04-26,BE,diesel,1149.0,576.8
2010-05-03,BE,diesel,1193.0,613.16
2010-05-10,BE,diesel,1193.0,613.16
2010-05-17,BE,diesel,1187.0,608.2
2010-05-24,BE,diesel,1187.0,603.6
2010-05-31,BE,diesel,1134.0,544.3
2010-06-07,BE,diesel,1195.0,594.71
2010-06-14,BE,diesel,1187.0,588.1
2010-06-21,BE,diesel,1205.0,602.98
2010-06-28,BE,diesel,1203.0,601.32
2010-07-05,BE,diesel,1196.0,595.54
2010-07-12,BE,diesel,1203.0,601.32
2010-07-19,BE,diesel,1203.0,601.32
2010-07-26,BE,diesel,1147.0,555.04
2010-08-02,BE,diesel,1164.0,569.09
2010-08-09,BE,diesel,1190.0,590.58
2010-08-16,BE,diesel,1170.0,574.05
2010-08-23,BE,diesel,1173.0,576.53
2010-08-30,BE,diesel,1176.0,579.01
2010-09-06,BE,diesel,1167.2,571.74
2010-09-13,BE,diesel,1152.6,559.67
2010-09-20,BE,diesel,1179.4,581.82
2010-09-27,BE,diesel,1163.8,568.93
2010-10-04,BE,diesel,1159.9,565.71
2010-10-11,BE,diesel,1185.9,587.19
2010-10-18,BE,diesel,1188.0,588.93
2010-10-25,BE,diesel,1176.2,579.18
2010-11-08,BE,diesel,1178.8,581.32
2010-11-15,BE,diesel,1178.8,581.32
2010-11-22,BE,diesel,1172.7,576.28
2010-11-29,BE,diesel,1205.6,603.47
2010-12-06,BE,diesel,1203.4,601.66
2010-12-13,BE,diesel,1220.5,615.79
2010-12-20,BE,diesel,1239.9,631.82
2011-01-03,BE,diesel,1246.8,637.52
2011-01-10,BE,diesel,1262.2,638.65
2011-01-17,BE,diesel,1320.3,686.67
2011-01-24,BE,diesel,1281.4,654.52
2011-01-31,BE,diesel,1291.0,656.25
2011-02-07,BE,diesel,1302.2,665.51
2011-02-14,BE,diesel,1318.4,678.9
2011-02-21,BE,diesel,1306.7,669.23
2011-02-28,BE,diesel,1340.9,697.49
2011-03-07,BE,diesel,1338.8,695.76
2011-03-14,BE,diesel,1419.4,762.37
2011-03-21,BE,diesel,1369.8,721.38
2011-03-28,BE,diesel,1372.8,723.86
2011-04-04,BE,diesel,1365.9,718.15
2011-04-11,BE,diesel,1379.2,729.14
2011-04-18,BE,diesel,1422.4,764.85
2011-05-02,BE,diesel,1403.1,743.1
2011-05-09,BE,diesel,1379.4,709.41
2011-05-16,BE,diesel,1357.1,688.68
2011-05-23,BE,diesel,1371.3,700.42
2011-05-30,BE,diesel,1332.5,668.35
2011-06-06,BE,diesel,1360.3,691.32
2011-06-13,BE,diesel,1360.3,691.32
2011-06-20,BE,diesel,1408.0,730.75
2011-06-27,BE,diesel,1387.5,713.8
2011-07-04,BE,diesel,1341.5,675.79
2011-07-11,BE,diesel,1350.7,683.39
2011-07-18,BE,diesel,1395.7,720.58
2011-07-25,BE,diesel,1407.6,730.42
2011-08-01,BE,diesel,1472.0,783.64
2011-08-08,BE,diesel,1389.0,715.04
2011-08-22,BE,diesel,1359.7,690.83
2011-08-29,BE,diesel,1365.2,695.37
2011-09-05,BE,diesel,1374.6,703.14
2011-09-12,BE,diesel,1361.6,692.4
2011-09-19,BE,diesel,1417.2,738.35
2011-09-26,BE,diesel,1381.8,709.09
2011-10-03,BE,diesel,1410.6,732.9
2011-10-10,BE,diesel,1372.5,701.41
2011-10-17,BE,diesel,1436.8,754.55
2011-10-24,BE,diesel,1443.1,759.75
2011-10-31,BE,diesel,1443.1,759.75
2011-11-07,BE,diesel,1411.0,733.23
2011-11-14,BE,diesel,1411.0,735.63
2011-11-21,BE,diesel,1472.7,789.42
2011-11-28,BE,diesel,1384.9,716.86
2011-12-05,BE,diesel,1429.5,753.71
2011-12-12,BE,diesel,1402.1,731.07
2011-12-19,BE,diesel,1427.3,751.9
2012-01-09,BE,diesel,1432.2,755.95
2012-01-16,BE,diesel,1498.4,810.66
2012-01-23,BE,diesel,1469.8,787.02
2012-01-30,BE,diesel,1424.6,749.67
2012-02-06,BE,diesel,1431.6,755.45
2012-02-13,BE,diesel,1461.6,780.24
2012-02-20,BE,diesel,1503.7,815.04
2012-02-27,BE,diesel,1510.2,820.41
2012-03-05,BE,diesel,1496.7,809.25
2012-03-12,BE,diesel,1450.9,771.4
2012-03-19,BE,diesel,1501.8,813.47
2012-03-26,BE,diesel,1463.1,781.48
2012-04-02,BE,diesel,1458.4,777.6
2012-04-16,BE,diesel,1487.3,801.48
2012-04-23,BE,diesel,1454.2,774.13
2012-04-30,BE,diesel,1454.2,774.13
2012-05-07,BE,diesel,1451.6,771.98
2012-05-14,BE,diesel,1485.1,799.67
2012-05-21,BE,diesel,1437.2,760.08
2012-05-28,BE,diesel,1437.2,760.08
2012-06-04,BE,diesel,1399.1,728.59
2012-06-11,BE,diesel,1393.6,724.05
2012-06-18,BE,diesel,1438.1,760.82
2012-06-25,BE,diesel,1385.8,717.6
2012-07-02,BE,diesel,1365.0,700.41
2012-07-09,BE,diesel,1443.4,765.2
2012-07-16,BE,diesel,1453.3,773.38
2012-07-23,BE,diesel,1456.6,776.11
2012-07-30,BE,diesel,1485.4,799.91
2012-08-06,BE,diesel,1479.1,794.71
2012-08-13,BE,diesel,1507.0,817.76
2012-08-20,BE,diesel,1507.6,818.26
2012-08-27,BE,diesel,1505.4,816.44
2012-09-03,BE,diesel,1521.2,829.5
2012-09-10,BE,diesel,1504.4,815.62
2012-09-17,BE,diesel,1494.9,807.76
2012-09-24,BE,diesel,1477.3,793.22
2012-10-01,BE,diesel,1492.6,805.86
2012-10-08,BE,diesel,1505.4,816.44
2012-10-15,BE,diesel,1527.9,835.04
2012-10-22,BE,diesel,1470.2,787.35
2012-10-29,BE,diesel,1464.0,782.23
2012-11-05,BE,diesel,1489.8,803.55
2012-11-12,BE,diesel,1489.8,803.55
2012-11-19,BE,diesel,1476.2,792.31
2012-11-26,BE,diesel,1451.7,772.06
2012-12-03,BE,diesel,1415.1,741.81
2012-12-10,BE,diesel,1455.2,774.95
2012-12-17,BE,diesel,1402.2,731.15
2013-01-07,BE,diesel,1421.7,747.27
2013-01-14,BE,diesel,1423.9,749.09
2013-01-21,BE,diesel,1439.8,762.23
2013-01-28,BE,diesel,1436.1,759.17
2013-02-04,BE,diesel,1434.0,757.43
2013-02-11,BE,diesel,1411.5,738.84
2013-02-18,BE,diesel,1427.0,751.65
2013-02-25,BE,diesel,1435.0,758.26
2013-03-04,BE,diesel,1473.0,789.67
2013-03-11,BE,diesel,1463.11,781.49
2013-03-18,BE,diesel,1398.5,728.1
2013-03-25,BE,diesel,1398.6,728.18
2013-04-08,BE,diesel,1438.1,760.82
2013-04-15,BE,diesel,1393.8,724.21
2013-04-22,BE,diesel,1348.4,686.69
2013-04-29,BE,diesel,1431.0,754.95
2013-05-06,BE,diesel,1334.6,675.29
2013-05-13,BE,diesel,1365.3,700.66
2013-05-20,BE,diesel,1365.3,700.66
2013-05-27,BE,diesel,1365.3,700.66
2013-06-03,BE,diesel,1368.3,703.14
2013-06-10,BE,diesel,1364.6,700.08
2013-06-17,BE,diesel,1384.8,716.77
2013-06-24,BE,diesel,1412.3,739.5
2013-07-01,BE,diesel,1397.8,727.52
2013-07-08,BE,diesel,1393.4,723.88
2013-07-15,BE,diesel,1416.8,743.22
2013-07-22,BE,diesel,1453.5,773.55
2013-07-29,BE,diesel,1409.6,737.27
2013-08-05,BE,diesel,1409.6,737.27
2013-08-12,BE,diesel,1445.8,767.19
2013-08-19,BE,diesel,1388.9,720.16
2013-08-26,BE,diesel,1404.6,733.14
2013-09-02,BE,diesel,1463.6,781.9
2013-09-09,BE,diesel,1447.7,768.76
2013-09-16,BE,diesel,1440.5,762.81
2013-09-23,BE,diesel,1358.9,695.37
2013-09-30,BE,diesel,1416.4,742.89
2013-10-07,BE,diesel,1372.5,706.61
2013-10-14,BE,diesel,1388.8,720.08
2013-10-21,BE,diesel,1367.5,702.48
2013-10-28,BE,diesel,1353.0,690.49
2013-11-04,BE,diesel,1369.68,704.28
2013-11-11,BE,diesel,1369.68,704.28
2013-11-18,BE,diesel,1403.6,732.31
2013-11-25,BE,diesel,1369.1,703.8
2013-12-02,BE,diesel,1391.9,722.64
2013-12-09,BE,diesel,1408.8,736.61
2013-12-16,BE,diesel,1360.6,696.77
2014-01-06,BE,diesel,1385.2,717.1
2014-01-13,BE,diesel,1349.9,687.93
2014-01-20,BE,diesel,1333.8,674.62
2014-01-27,BE,diesel,1367.9,702.81
2014-02-03,BE,diesel,1366.8,701.9
2014-02-10,BE,diesel,1395.3,725.45
2014-02-17,BE,diesel,1360.9,697.02
2014-02-24,BE,diesel,1388.6,719.91
2014-03-03,BE,diesel,1330.9,672.23
2014-03-10,BE,diesel,1391.9,722.64
2014-03-17,BE,diesel,1365.1,700.49
2014-03-24,BE,diesel,1352.7,690.24
2014-03-31,BE,diesel,1307.8,653.14
2014-04-07,BE,diesel,1369.4,704.05
2014-04-14,BE,diesel,1348.07,686.42
2014-04-28,BE,diesel,1362.1,698.01
2014-05-05,BE,diesel,1413.9,740.82
2014-05-12,BE,diesel,1351.3,689.09
2014-05-19,BE,diesel,1393.5,723.96
2014-05-26,BE,diesel,1401.0,730.16
2014-06-02,BE,diesel,1379.6,712.48
2014-06-09,BE,diesel,1379.6,712.48
2014-06-16,BE,diesel,1392.5,723.14
2014-06-23,BE,diesel,1388.1,719.5
2014-06-30,BE,diesel,1429.9,754.05
2014-07-07,BE,diesel,1377.5,710.74
2014-07-14,BE,diesel,1378.9,711.9
2014-07-21,BE,diesel,1378.9,711.9
2014-07-28,BE,diesel,1310.6,655.45
2014-08-04,BE,diesel,1361.5,697.52
2014-08-11,BE,diesel,1387.1,718.67
2014-08-18,BE,diesel,1368.6,703.38
2014-08-25,BE,diesel,1352.4,690.0
2014-09-01,BE,diesel,1402.5,731.4
2014-09-08,BE,diesel,1357.2,693.96
2014-09-15,BE,diesel,1401.9,730.91
2014-09-22,BE,diesel,1355.7,692.72
2014-09-29,BE,diesel,1339.65,679.46
2014-10-06,BE,diesel,1303.6,649.67
2014-10-13,BE,diesel,1333.6,674.46
2014-10-20,BE,diesel,1299.8,646.52
2014-10-27,BE,diesel,1295.25,642.76
2014-11-03,BE,diesel,1299.6,646.36
2014-11-10,BE,diesel,1299.6,646.36
2014-11-17,BE,diesel,1309.9,654.87
2014-11-24,BE,diesel,1256.2,610.49
2014-12-01,BE,diesel,1198.2,562.56
2014-12-08,BE,diesel,1245.1,601.32
2014-12-15,BE,diesel,1245.1,601.32
2015-01-05,BE,diesel,1245.1,601.32
2015-01-12,BE,diesel,1155.4,526.04
2015-01-19,BE,diesel,1126.0,501.74
2015-01-26,BE,diesel,1070.3,455.71
2015-02-02,BE,diesel,1097.7,478.35
2015-02-09,BE,diesel,1165.4,534.3
2015-02-16,BE,diesel,1172.4,540.09
2015-02-23,BE,diesel,1204.1,566.28
2015-03-02,BE,diesel,1227.2,585.37
2015-03-09,BE,diesel,1205.8,567.69
2015-03-16,BE,diesel,1211.4,572.32
2015-03-23,BE,diesel,1138.6,512.15
2015-03-30,BE,diesel,1212.9,573.56
2015-04-13,BE,diesel,1187.48,552.55
2015-04-20,BE,diesel,1185.9,551.24
2015-04-27,BE,diesel,1237.2,593.64
2015-05-04,BE,diesel,1228.9,586.78
2015-05-11,BE,diesel,1249.9,604.14
2015-05-18,BE,diesel,1202.6,565.04
2015-05-25,BE,diesel,1214.0,574.47
2015-06-01,BE,diesel,1202.7,565.13
2015-06-08,BE,diesel,1235.0,591.82
2015-06-15,BE,diesel,1206.0,567.85
2015-06-22,BE,diesel,1204.0,566.2
2015-06-29,BE,diesel,1194.8,558.6
2015-07-06,BE,diesel,1170.0,538.1
2015-07-13,BE,diesel,1227.6,585.71
2015-07-20,BE,diesel,1227.6,585.71
2015-07-27,BE,diesel,1174.4,541.74
2015-08-03,BE,diesel,1142.0,514.96
2015-08-10,BE,diesel,1149.5,521.16
2015-08-17,BE,diesel,1109.5,488.1
2015-08-24,BE,diesel,1102.5,482.32
2015-08-31,BE,diesel,1148.0,519.92
2015-09-07,BE,diesel,1116.8,494.14
2015-09-14,BE,diesel,1137.5,511.24
2015-09-21,BE,diesel,1109.07,487.75
2015-09-28,BE,diesel,1123.41,499.6
2015-10-05,BE,diesel,1139.5,512.9
2015-10-12,BE,diesel,1110.56,488.98
2015-10-19,BE,diesel,1084.9,467.77
2015-10-26,BE,diesel,1084.9,467.77
2015-11-02,BE,diesel,1084.9,467.77
2015-11-09,BE,diesel,1078.71,459.96
2015-11-16,BE,diesel,1118.3,492.67
2015-11-23,BE,diesel,1099.8,470.79
2015-11-30,BE,diesel,1091.8,464.17
2015-12-07,BE,diesel,1094.3,452.54
2015-12-14,BE,diesel,1041.1,395.58
2016-01-04,BE,diesel,1003.7,364.67
2016-01-11,BE,diesel,1064.2,414.67
2016-01-18,BE,diesel,977.4,342.94
2016-01-25,BE,diesel,970.4,337.15
2016-02-01,BE,diesel,990.2,353.52
2016-02-08,BE,diesel,1004.8,365.58
2016-02-15,BE,diesel,965.7,333.27
2016-02-22,BE,diesel,1011.0,370.71
2016-02-29,BE,diesel,1020.3,378.39
2016-03-07,BE,diesel,1026.8,383.77
2016-03-14,BE,diesel,1051.1,403.85
2016-03-21,BE,diesel,1058.6,410.05
2016-04-04,BE,diesel,1034.44,390.08
2016-04-11,BE,diesel,1038.3,393.27
2016-04-18,BE,diesel,1068.4,418.15
2016-04-25,BE,diesel,1050.6,403.43
2016-05-02,BE,diesel,1088.6,434.84
2016-05-09,BE,diesel,1079.4,427.24
2016-05-16,BE,diesel,1097.8,442.44
2016-05-23,BE,diesel,1083.9,430.96
2016-05-30,BE,diesel,1128.4,467.73
2016-06-06,BE,diesel,1158.4,492.53
2016-06-13,BE,diesel,1128.2,467.57
2016-06-20,BE,diesel,1150.1,485.67
2016-06-27,BE,diesel,1119.0,459.96
2016-07-04,BE,diesel,1150.85,486.29
2016-07-11,BE,diesel,1120.14,455.11
2016-07-18,BE,diesel,1155.0,475.62
2016-07-25,BE,diesel,1136.4,460.24
2016-08-01,BE,diesel,1092.7,416.63
2016-08-08,BE,diesel,1100.9,412.91
2016-08-15,BE,diesel,1126.32,433.92
2016-08-22,BE,diesel,1119.5,428.29
2016-08-29,BE,diesel,1144.7,449.11
2016-09-05,BE,diesel,1160.5,462.17
2016-09-12,BE,diesel,1147.3,451.26
2016-09-19,BE,diesel,1129.9,436.88
2016-09-26,BE,diesel,1146.4,450.52
2016-10-03,BE,diesel,1132.8,439.28
2016-10-10,BE,diesel,1132.8,439.28
2016-10-17,BE,diesel,1223.5,514.24
2016-10-24,BE,diesel,1195.7,491.26
2016-10-31,BE,diesel,1194.82,490.53
2016-11-07,BE,diesel,1150.5,453.91
2016-11-14,BE,diesel,1155.8,458.29
2016-11-21,BE,diesel,1153.7,456.55
2016-11-28,BE,diesel,1176.3,475.23
2016-12-05,BE,diesel,1176.5,475.39
2016-12-12,BE,diesel,1211.0,503.91
2016-12-19,BE,diesel,1230.9,520.35
2017-01-02,BE,diesel,1253.75,528.51
2017-01-09,BE,diesel,1282.6,552.35
2017-01-16,BE,diesel,1234.9,507.53
2017-01-23,BE,diesel,1258.8,527.28
2017-01-30,BE,diesel,1285.8,549.59
2017-02-06,BE,diesel,1268.7,535.46
2017-02-13,BE,diesel,1238.8,510.75
2017-02-20,BE,diesel,1251.5,521.25
2017-02-27,BE,diesel,1232.7,505.71
2017-03-06,BE,diesel,1256.1,525.05
2017-03-13,BE,diesel,1262.5,530.34
2017-03-20,BE,diesel,1244.9,503.39
2017-03-27,BE,diesel,1214.4,473.67
2017-04-03,BE,diesel,1263.5,514.24
2017-04-10,BE,diesel,1262.9,513.75
2017-04-24,BE,diesel,1300.6,544.91
2017-05-01,BE,diesel,1260.1,511.43
2017-05-08,BE,diesel,1291.7,537.55
2017-05-15,BE,diesel,1225.4,482.76
2017-05-22,BE,diesel,1264.6,515.15
2017-05-29,BE,diesel,1264.6,515.15
2017-06-05,BE,diesel,1264.6,515.15
2017-06-12,BE,diesel,1202.7,464.0
2017-06-19,BE,diesel,1179.8,445.07
2017-06-26,BE,diesel,1186.8,450.86
2017-07-03,BE,diesel,1196.46,458.84
2017-07-10,BE,diesel,1227.44,484.44
2017-07-17,BE,diesel,1198.25,460.32
2017-07-24,BE,diesel,1216.08,475.05
2017-07-31,BE,diesel,1196.5,458.87
2017-08-07,BE,diesel,1236.5,491.93
2017-08-14,BE,diesel,1249.6,502.76
2017-08-21,BE,diesel,1208.2,468.54
2017-08-28,BE,diesel,1209.7,469.78
2017-09-04,BE,diesel,1224.6,482.1
2017-09-11,BE,diesel,1228.2,485.07
2017-09-18,BE,diesel,1209.9,469.95
2017-09-25,BE,diesel,1236.5,491.93
2017-10-02,BE,diesel,1271.9,521.19
2017-10-09,BE,diesel,1275.9,524.49
2017-10-16,BE,diesel,1245.2,499.12
2017-10-23,BE,diesel,1273.3,522.34
2017-10-30,BE,diesel,1276.1,524.66
2017-11-06,BE,diesel,1279.3,527.3
2017-11-13,BE,diesel,1291.3,537.22
2017-11-20,BE,diesel,1316.8,558.29
2017-11-27,BE,diesel,1309.3,552.1
2017-12-04,BE,diesel,1294.5,539.86
2017-12-11,BE,diesel,1249.1,502.34
2017-12-18,BE,diesel,1279.0,527.05
2018-01-01,BE,diesel,1301.7,537.34
2018-01-08,BE,diesel,1320.0,552.46
2018-01-15,BE,diesel,1300.7,536.51
2018-01-22,BE,diesel,1297.5,533.86
2018-01-29,BE,diesel,1303.7,538.99
2018-02-05,BE,diesel,1309.9,544.11
2018-02-12,BE,diesel,1310.7,537.67
2018-02-19,BE,diesel,1288.0,504.41
2018-02-26,BE,diesel,1340.2,547.55
2018-03-05,BE,diesel,1292.6,508.21
2018-03-12,BE,diesel,1262.6,477.62
2018-03-19,BE,diesel,1291.5,501.51
2018-03-26,BE,diesel,1318.8,524.07
2018-04-09,BE,diesel,1355.3,554.23
2018-04-16,BE,diesel,1365.52,562.68
2018-04-23,BE,diesel,1357.1,555.72
2018-04-30,BE,diesel,1373.4,569.19
2018-05-07,BE,diesel,1421.6,609.03
2018-05-14,BE,diesel,1403.1,593.74
2018-05-21,BE,diesel,1432.1,617.7
2018-05-28,BE,diesel,1436.0,620.93
2018-06-04,BE,diesel,1479.4,656.79
2018-06-11,BE,diesel,1411.2,592.53
2018-06-18,BE,diesel,1439.9,612.55
2018-06-25,BE,diesel,1435.7,601.18
2018-07-02,BE,diesel,1490.1,646.14
2018-07-09,BE,diesel,1453.67,616.03
2018-07-16,BE,diesel,1445.71,604.85
2018-07-23,BE,diesel,1440.43,590.28
2018-07-30,BE,diesel,1439.2,589.26
2018-08-06,BE,diesel,1459.8,606.29
2018-08-13,BE,diesel,1436.4,586.95
2018-08-20,BE,diesel,1461.8,607.94
2018-08-27,BE,diesel,1479.2,622.32
2018-09-03,BE,diesel,1476.7,620.25
2018-09-10,BE,diesel,1563.3,691.82
2018-09-17,BE,diesel,1500.9,640.25
2018-09-24,BE,diesel,1491.4,632.4
2018-10-01,BE,diesel,1468.8,613.72
2018-10-08,BE,diesel,1534.7,668.19
2018-10-15,BE,diesel,1533.8,667.44
2018-10-22,BE,diesel,1516.4,653.06
2018-10-29,BE,diesel,1536.4,669.59
2018-11-05,BE,diesel,1573.4,700.17
2018-11-12,BE,diesel,1556.62,686.3
2018-11-19,BE,diesel,1502.2,641.33
2018-11-26,BE,diesel,1477.4,620.83
2018-12-03,BE,diesel,1477.3,620.75
2018-12-10,BE,diesel,1436.3,586.86
2018-12-17,BE,diesel,1454.3,601.74
2019-01-07,BE,diesel,1374.0,535.38
2019-01-14,BE,diesel,1370.1,532.15
2019-01-21,BE,diesel,1413.6,568.1
2019-01-28,BE,diesel,1406.9,562.57
2019-02-04,BE,diesel,1435.8,586.45
2019-02-11,BE,diesel,1395.8,553.39
2019-02-18,BE,diesel,1420.7,573.97
2019-02-25,BE,diesel,1444.0,593.23
2019-03-04,BE,diesel,1436.6,587.11
2019-03-11,BE,diesel,1469.5,614.3
2019-03-18,BE,diesel,1431.2,582.65
2019-03-25,BE,diesel,1456.9,603.89
2019-04-01,BE,diesel,1418.0,571.74
2019-04-08,BE,diesel,1431.8,583.15
2019-04-15,BE,diesel,1448.7,597.11
2019-04-29,BE,diesel,1486.1,628.02
2019-05-06,BE,diesel,1557.8,687.28
2019-05-13,BE,diesel,1479.8,622.82
2019-05-20,BE,diesel,1458.7,605.38
2019-05-27,BE,diesel,1465.2,610.75
2019-06-03,BE,diesel,1515.2,652.07
2019-06-10,BE,diesel,1402.9,559.26
2019-06-17,BE,diesel,1392.1,550.34
2019-06-24,BE,diesel,1424.8,577.36
2019-07-01,BE,diesel,1430.0,581.66
2019-07-08,BE,diesel,1426.4,578.68
2019-07-15,BE,diesel,1419.3,572.82
2019-07-22,BE,diesel,1451.9,599.76
2019-07-29,BE,diesel,1447.1,595.79
2019-08-05,BE,diesel,1450.5,598.6
2019-08-12,BE,diesel,1360.4,524.14
2019-08-19,BE,diesel,1469.7,614.47
2019-08-26,BE,diesel,1416.7,570.67
2019-09-02,BE,diesel,1417.2,571.08
2019-09-09,BE,diesel,1482.3,624.88
2019-09-16,BE,diesel,1426.8,579.01
2019-09-23,BE,diesel,1449.5,597.77
2019-09-30,BE,diesel,1442.3,591.82
2019-10-07,BE,diesel,1421.7,574.8
2019-10-14,BE,diesel,1439.8,589.76
2019-10-21,BE,diesel,1424.3,576.95
2019-10-28,BE,diesel,1425.4,577.86
2019-11-04,BE,diesel,1449.3,597.61
2019-11-11,BE,diesel,1449.3,597.61
2019-11-18,BE,diesel,1429.5,581.24
2019-11-25,BE,diesel,1435.7,586.37
2019-12-02,BE,diesel,1427.0,579.18
2019-12-09,BE,diesel,1425.1,577.61
2019-12-16,BE,diesel,1458.0,604.8
2020-01-06,BE,diesel,1520.5,656.45
2020-01-13,BE,diesel,1490.5,631.66
2020-01-20,BE,diesel,1489.5,630.83
2020-01-27,BE,diesel,1461.8,607.94
2020-02-03,BE,diesel,1397.5,554.8
2020-02-10,BE,diesel,1406.3,562.07
2020-02-17,BE,diesel,1397.5,554.8
2020-02-24,BE,diesel,1415.0,569.26
2020-03-02,BE,diesel,1417.2,571.08
2020-03-09,BE,diesel,1352.3,517.44
2020-03-16,BE,diesel,1252.5,434.96
2020-03-23,BE,diesel,1209.1,399.1
2020-03-30,BE,diesel,1219.4,407.61
2020-04-06,BE,diesel,1209.1,399.1
2020-04-20,BE,diesel,1223.0,410.58
2020-04-27,BE,diesel,1164.17,361.96
2020-05-04,BE,diesel,1181.0,375.87
2020-05-11,BE,diesel,1162.5,360.58
2020-05-18,BE,diesel,1171.5,368.02
2020-05-25,BE,diesel,1198.4,390.25
2020-06-01,BE,diesel,1232.5,418.44
2020-06-08,BE,diesel,1242.9,427.03
2020-06-15,BE,diesel,1238.3,423.23
2020-06-22,BE,diesel,1225.22,412.42
2020-06-29,BE,diesel,1258.4,439.84
2020-07-06,BE,diesel,1268.2,447.94
2020-07-13,BE,diesel,1310.8,483.15
2020-07-20,BE,diesel,1267.7,447.53
2020-07-27,BE,diesel,1304.3,477.77
2020-08-03,BE,diesel,1301.6,475.54
2020-08-10,BE,diesel,1313.42,485.31
2020-08-17,BE,diesel,1301.0,475.05
2020-08-24,BE,diesel,1295.5,470.5
2020-08-31,BE,diesel,1290.8,466.62
2020-09-07,BE,diesel,1305.1,478.44
2020-09-14,BE,diesel,1270.7,450.01
2020-09-21,BE,diesel,1231.6,417.69
2020-09-28,BE,diesel,1243.7,427.69
2020-10-05,BE,diesel,1229.4,415.87
2020-10-12,BE,diesel,1250.9,433.64
2020-10-19,BE,diesel,1269.3,448.85
2020-10-26,BE,diesel,1287.3,463.72
2020-11-02,BE,diesel,1254.8,436.86
2020-11-09,BE,diesel,1238.8,423.64
2020-11-16,BE,diesel,1274.4,453.06
2020-11-23,BE,diesel,1290.3,466.2
2020-11-30,BE,diesel,1298.0,472.57
2020-12-07,BE,diesel,1290.5,466.37
2020-12-14,BE,diesel,1304.7,478.1
2020-12-21,BE,diesel,1323.0,493.23
2021-01-11,BE,diesel,1309.0,481.66
2021-01-18,BE,diesel,1324.1,494.14
2021-01-25,BE,diesel,1350.6,516.04
2021-02-01,BE,diesel,1341.91,508.86
2021-02-08,BE,diesel,1370.39,532.39
2021-02-15,BE,diesel,1402.48,558.91
2021-02-22,BE,diesel,1409.06,564.35
2021-03-01,BE,diesel,1395.93,553.5
2021-03-08,BE,diesel,1422.97,575.85
2021-03-15,BE,diesel,1439.39,589.42
2021-03-22,BE,diesel,1421.88,574.95
2021-03-29,BE,diesel,1421.05,574.26
2021-04-12,BE,diesel,1421.05,574.26
2021-04-19,BE,diesel,1421.9,574.96
2021-04-26,BE,diesel,1419.9,573.31
2021-05-03,BE,diesel,1410.4,565.46
2021-05-10,BE,diesel,1436.65,587.15
2021-05-17,BE,diesel,1489.27,630.64
2021-05-24,BE,diesel,1487.33,629.04
2021-05-31,BE,diesel,1448.14,596.65
2021-06-07,BE,diesel,1452.78,600.48
2021-06-14,BE,diesel,1457.76,604.6
2021-06-21,BE,diesel,1502.75,641.78
2021-06-28,BE,diesel,1514.72,651.67
2021-07-05,BE,diesel,1514.72,651.67
2021-07-12,BE,diesel,1494.32,634.82
2021-07-19,BE,diesel,1488.52,630.02
2021-07-26,BE,diesel,1502.9,641.91
2021-08-02,BE,diesel,1515.87,652.63
2021-08-09,BE,diesel,1516.33,653.01
2021-08-16,BE,diesel,1497.78,637.67
2021-08-23,BE,diesel,1511.43,648.96
2021-08-30,BE,diesel,1498.31,638.11
2021-09-06,BE,diesel,1500.74,640.12
2021-09-13,BE,diesel,1505.4,643.97
2021-09-20,BE,diesel,1527.55,662.28
2021-09-27,BE,diesel,1529.19,663.63
2021-10-04,BE,diesel,1570.99,698.18
2021-10-11,BE,diesel,1593.35,716.66
2021-10-18,BE,diesel,1644.25,758.72
2021-10-25,BE,diesel,1642.39,757.19
2021-11-01,BE,diesel,1657.96,770.05
2021-11-08,BE,diesel,1676.84,785.66
2021-11-15,BE,diesel,1684.64,792.1
2021-11-22,BE,diesel,1682.59,790.41
2021-11-29,BE,diesel,1668.75,778.97
2021-12-06,BE,diesel,1604.36,725.76
2021-12-13,BE,diesel,1607.16,728.07
2021-12-20,BE,diesel,1626.98,744.45
2022-01-03,BE,diesel,1654.0,766.78
2022-01-10,BE,diesel,1668.29,778.59
2022-01-17,BE,diesel,1684.7,792.15
2022-01-24,BE,diesel,1690.76,797.16
2022-01-31,BE,diesel,1708.4,811.74
2022-02-07,BE,diesel,1730.47,829.98
2022-02-14,BE,diesel,1748.31,844.72
2022-02-21,BE,diesel,1740.33,838.13
2022-02-28,BE,diesel,1783.0,873.39
2022-03-07,BE,diesel,1924.27,990.15
2022-03-14,BE,diesel,2142.89,1170.82
2022-03-21,BE,diesel,1878.2,1096.7
2022-03-28,BE,diesel,1961.74,1165.74
2022-04-04,BE,diesel,2018.78,1212.88
2022-04-11,BE,diesel,1894.73,1110.36
2022-04-25,BE,diesel,1942.72,1150.02
2022-05-02,BE,diesel,1989.82,1188.95
2022-05-09,BE,diesel,2040.87,1231.14
2022-05-16,BE,diesel,1998.94,1196.49
2022-05-23,BE,diesel,1944.09,1151.16
2022-05-30,BE,diesel,1909.37,1122.46
2022-06-06,BE,diesel,1984.2,1184.3
2022-06-13,BE,diesel,2112.05,1289.97
2022-06-20,BE,diesel,2173.44,1340.7
2022-06-27,BE,diesel,2178.01,1344.48
2022-07-04,BE,diesel,2111.17,1289.24
2022-07-11,BE,diesel,2043.71,1233.49
2022-07-18,BE,diesel,2026.63,1219.37
2022-07-25,BE,diesel,2000.24,1197.56
2022-08-01,BE,diesel,1975.83,1177.39
2022-08-08,BE,diesel,1914.78,1126.93
2022-08-15,BE,diesel,1881.04,1099.05
2022-08-22,BE,diesel,1892.03,1108.13
2022-08-29,BE,diesel,2005.34,1201.78
2022-09-05,BE,diesel,2021.06,1214.77
2022-09-12,BE,diesel,1990.61,1189.6
2022-09-19,BE,diesel,1934.36,1143.11
2022-09-26,BE,diesel,1885.4,1102.65
2022-10-03,BE,diesel,1906.62,1120.19
2022-10-10,BE,diesel,1975.12,1176.8
2022-10-17,BE,diesel,2144.71,1316.96
2022-10-24,BE,diesel,2149.16,1320.64
2022-10-31,BE,diesel,2122.63,1298.71
2022-11-07,BE,diesel,2034.5,1225.87
2022-11-14,BE,diesel,2003.1,1199.92
2022-11-21,BE,diesel,1880.29,1098.43
2022-11-28,BE,diesel,1812.61,1042.49
2022-12-05,BE,diesel,1789.69,1023.55
2022-12-12,BE,diesel,1743.1,985.05
2022-12-19,BE,diesel,1722.54,968.06
2022-12-26,BE,diesel,1736.59,979.67
2023-01-02,BE,diesel,1757.0,996.54
2023-01-09,BE,diesel,1726.78,971.56
2023-01-16,BE,diesel,1715.31,962.08
2023-01-23,BE,diesel,1733.4,977.03
2023-01-30,BE,diesel,1748.45,989.47
2023-02-06,BE,diesel,1722.17,967.75
2023-02-13,BE,diesel,1690.39,905.54
2023-02-20,BE,diesel,1696.13,899.93
2023-02-27,BE,diesel,1684.33,879.48
2023-03-06,BE,diesel,1706.47,897.78
2023-03-13,BE,diesel,1723.8,912.1
2023-03-20,BE,diesel,1706.5,857.35
2023-03-27,BE,diesel,1706.68,847.6
2023-04-03,BE,diesel,1690.3,796.78
2023-04-10,BE,diesel,1753.59,849.09
2023-04-17,BE,diesel,1757.2,852.07
2023-04-24,BE,diesel,1716.27,818.24
2023-05-01,BE,diesel,1691.88,798.09
2023-05-08,BE,diesel,1669.7,779.76
2023-05-15,BE,diesel,1662.8,774.05
2023-05-22,BE,diesel,1664.37,775.35
2023-05-29,BE,diesel,1651.65,764.84
2023-06-05,BE,diesel,1688.53,795.32
2023-06-12,BE,diesel,1713.7,816.12
2023-06-19,BE,diesel,1672.4,781.99
2023-06-26,BE,diesel,1679.1,787.53
2023-07-03,BE,diesel,1698.04,803.18
2023-07-10,BE,diesel,1722.0,822.98
2023-07-17,BE,diesel,1714.57,816.84
2023-07-24,BE,diesel,1719.69,821.07
2023-07-31,BE,diesel,1775.75,867.4
2023-08-07,BE,diesel,1831.52,913.49
2023-08-14,BE,diesel,1887.36,959.64
2023-08-21,BE,diesel,1856.09,933.8
2023-08-28,BE,diesel,1861.79,938.51
2023-09-04,BE,diesel,1891.92,963.41
2023-09-11,BE,diesel,1920.34,986.9
2023-09-18,BE,diesel,1945.33,1007.55
2023-09-25,BE,diesel,1955.88,1016.27
2023-10-02,BE,diesel,1944.64,1006.98
2023-10-09,BE,diesel,1934.82,998.86
2023-10-16,BE,diesel,1865.3,941.41
2023-10-23,BE,diesel,1871.02,946.14
2023-10-30,BE,diesel,1875.84,950.12
2023-11-06,BE,diesel,1874.6,949.1
2023-11-13,BE,diesel,1848.67,927.67
2023-11-20,BE,diesel,1797.57,885.44
2023-11-27,BE,diesel,1794.23,882.67
2023-12-04,BE,diesel,1782.96,873.36
2023-12-11,BE,diesel,1767.97,860.97
2023-12-18,BE,diesel,1734.79,833.55
2023-12-25,BE,diesel,1737.85,836.08
2024-01-01,BE,diesel,1716.92,818.78
2024-01-08,BE,diesel,1738.82,836.88
2024-01-15,BE,diesel,1719.96,821.29
2024-01-22,BE,diesel,1729.44,829.13
2024-01-29,BE,diesel,1751.87,847.67
2024-02-05,BE,diesel,1779.59,870.58
2024-02-12,BE,diesel,1772.37,864.61
2024-02-19,BE,diesel,1821.07,904.86
2024-02-26,BE,diesel,1840.69,921.07
2024-03-04,BE,diesel,1801.16,888.4
2024-03-11,BE,diesel,1794.56,882.95
2024-03-18,BE,diesel,1769.61,862.33
2024-03-25,BE,diesel,1681.0,884.34
2024-04-01,BE,diesel,1796.24,910.48
2024-04-08,BE,diesel,1806.16,892.53
2024-04-15,BE,diesel,1832.26,914.1
2024-04-22,BE,diesel,1794.35,882.77
2024-04-29,BE,diesel,1759.58,854.04
2024-05-06,BE,diesel,1751.06,847.0
2024-05-13,BE,diesel,1749.08,845.36
2024-05-20,BE,diesel,1750.18,846.27
2024-05-27,BE,diesel,1705.46,809.31
2024-06-03,BE,diesel,1701.35,805.91
2024-06-10,BE,diesel,1681.93,785.03
2024-06-17,BE,diesel,1744.39,841.48
2024-06-24,BE,diesel,1732.48,831.64
2024-07-01,BE,diesel,1751.85,847.65
2024-07-08,BE,diesel,1754.99,850.24
2024-07-15,BE,diesel,1754.65,849.96
2024-07-22,BE,diesel,1724.19,824.79
2024-07-29,BE,diesel,1759.05,853.6
2024-08-05,BE,diesel,1674.99,784.13
2024-08-12,BE,diesel,1650.01,763.48
2024-08-19,BE,diesel,1677.68,786.35
2024-08-26,BE,diesel,1646.56,760.63
2024-09-02,BE,diesel,1697.01,802.33
2024-09-09,BE,diesel,1630.19,747.1
2024-09-16,BE,diesel,1606.22,727.29
2024-09-23,BE,diesel,1630.96,747.74
2024-09-30,BE,diesel,1666.95,777.48
2024-10-07,BE,diesel,1620.2,738.85
2024-10-14,BE,diesel,1671.44,781.2
2024-10-21,BE,diesel,1654.9,767.53
2024-10-28,BE,diesel,1621.23,739.7
2024-11-04,BE,diesel,1647.67,761.55
2024-11-11,BE,diesel,1645.31,759.6
2024-11-18,BE,diesel,1654.39,767.1
2024-11-25,BE,diesel,1717.4,819.18
2024-12-02,BE,diesel,1752.58,848.25
2024-12-09,BE,diesel,1705.52,809.36
2024-12-16,BE,diesel,1686.53,793.67
2024-12-23,BE,diesel,1692.31,798.44
2024-12-30,BE,diesel,1695.06,800.72
2005-01-03,BE,gasoline,1049.33,303.03
2005-01-10,BE,gasoline,1010.33,270.8
2005-01-17,BE,gasoline,1068.67,319.01
2005-01-24,BE,gasoline,1091.0,337.46
2005-01-31,BE,gasoline,1109.0,352.34
2005-02-07,BE,gasoline,1115.0,357.3
2005-02-14,BE,gasoline,1103.0,337.38
2005-02-21,BE,gasoline,1117.67,349.4
2005-02-28,BE,gasoline,1132.67,361.9
2005-03-07,BE,gasoline,1116.67,348.68
2005-03-14,BE,gasoline,1131.33,360.8
2005-03-21,BE,gasoline,1139.67,367.69
2005-04-04,BE,gasoline,1187.0,406.8
2005-04-11,BE,gasoline,1204.33,421.13
2005-04-18,BE,gasoline,1201.33,400.65
2005-04-25,BE,gasoline,1203.67,402.58
2005-05-02,BE,gasoline,1218.0,414.42
2005-05-09,BE,gasoline,1218.33,414.7
2005-05-16,BE,gasoline,1218.33,414.7
2005-05-23,BE,gasoline,1127.0,339.22
2005-05-30,BE,gasoline,1155.67,362.91
2005-06-06,BE,gasoline,1219.0,415.25
2005-06-13,BE,gasoline,1226.67,421.59
2005-06-20,BE,gasoline,1228.67,423.24
2005-06-27,BE,gasoline,1253.0,443.35
2005-07-04,BE,gasoline,1258.33,447.76
2005-07-11,BE,gasoline,1295.33,478.34
2005-07-18,BE,gasoline,1290.33,474.2
2005-07-25,BE,gasoline,1269.58,457.05
2005-08-01,BE,gasoline,1244.53,436.35
2005-08-08,BE,gasoline,1260.88,449.86
2005-08-15,BE,gasoline,1260.88,449.86
2005-08-22,BE,gasoline,1331.48,508.2
2005-08-29,BE,gasoline,1332.83,509.33
2005-09-05,BE,gasoline,1389.6,556.24
2005-09-12,BE,gasoline,1359.53,531.39
2005-09-19,BE,gasoline,1333.8,510.13
2005-09-26,BE,gasoline,1359.93,531.72
2005-10-03,BE,gasoline,1363.97,535.06
2005-10-10,BE,gasoline,1355.33,527.92
2005-10-17,BE,gasoline,1335.1,511.2
2005-10-24,BE,gasoline,1289.67,473.65
2005-11-07,BE,gasoline,1271.3,458.47
2005-11-14,BE,gasoline,1271.3,458.47
2005-11-21,BE,gasoline,1221.77,417.54
2005-11-28,BE,gasoline,1228.6,423.18
2005-12-05,BE,gasoline,1218.6,414.92
2005-12-12,BE,gasoline,1232.2,426.16
2005-12-19,BE,gasoline,1255.07,445.06
2006-01-09,BE,gasoline,1271.7,458.8
2006-01-16,BE,gasoline,1304.9,486.24
2006-01-23,BE,gasoline,1299.3,481.61
2006-01-30,BE,gasoline,1284.43,469.33
2006-02-06,BE,gasoline,1262.47,451.17
2006-02-13,BE,gasoline,1265.83,453.96
2006-02-20,BE,gasoline,1249.27,440.26
2006-02-27,BE,gasoline,1234.43,428.01
2006-03-06,BE,gasoline,1233.8,427.48
2006-03-13,BE,gasoline,1252.93,443.29
2006-03-20,BE,gasoline,1225.27,420.43
2006-03-27,BE,gasoline,1266.1,454.18
2006-04-03,BE,gasoline,1313.37,493.24
2006-04-10,BE,gasoline,1332.47,509.02
2006-04-24,BE,gasoline,1351.17,524.48
2006-05-01,BE,gasoline,1351.17,524.48
2006-05-08,BE,gasoline,1342.1,516.99
2006-05-15,BE,gasoline,1337.37,513.07
2006-05-22,BE,gasoline,1358.2,530.29
2006-05-29,BE,gasoline,1311.07,491.34
2006-06-05,BE,gasoline,1311.07,491.34
2006-06-12,BE,gasoline,1385.37,552.74
2006-06-19,BE,gasoline,1357.8,529.96
2006-06-26,BE,gasoline,1356.6,528.97
2006-07-03,BE,gasoline,1384.87,552.33
2006-07-10,BE,gasoline,1401.3,565.91
2006-07-17,BE,gasoline,1413.07,575.64
2006-07-24,BE,gasoline,1432.4,591.61
2006-07-31,BE,gasoline,1402.13,566.6
2006-08-07,BE,gasoline,1384.37,551.92
2006-08-14,BE,gasoline,1384.37,551.92
2006-08-21,BE,gasoline,1359.85,531.66
2006-08-28,BE,gasoline,1342.3,517.15
2006-09-04,BE,gasoline,1302.43,484.2
2006-09-11,BE,gasoline,1274.8,461.37
2006-09-18,BE,gasoline,1274.0,460.7
2006-09-25,BE,gasoline,1261.0,449.96
2006-10-02,BE,gasoline,1204.67,403.4
2006-10-09,BE,gasoline,1201.23,400.57
2006-10-16,BE,gasoline,1185.73,387.76
2006-10-23,BE,gasoline,1212.23,409.66
2006-10-30,BE,gasoline,1211.4,408.97
2006-11-06,BE,gasoline,1193.13,393.87
2006-11-13,BE,gasoline,1148.0,356.57
2006-11-20,BE,gasoline,1192.27,393.16
2006-11-27,BE,gasoline,1214.43,411.48
2006-12-04,BE,gasoline,1223.47,418.94
2006-12-11,BE,gasoline,1239.17,431.92
2006-12-18,BE,gasoline,1247.4,438.72
2007-01-08,BE,gasoline,1232.1,426.08
2007-01-15,BE,gasoline,1200.78,400.19
2007-01-22,BE,gasoline,1191.2,392.28
2007-01-29,BE,gasoline,1165.7,371.2
2007-02-05,BE,gasoline,1194.1,394.67
2007-02-12,BE,gasoline,1219.57,415.72
2007-02-19,BE,gasoline,1194.0,394.59
2007-02-26,BE,gasoline,1184.8,386.99
2007-03-05,BE,gasoline,1233.6,427.32
2007-03-12,BE,gasoline,1267.2,455.09
2007-03-19,BE,gasoline,1279.07,464.89
2007-03-26,BE,gasoline,1264.7,453.02
2007-04-02,BE,gasoline,1285.9,470.54
2007-04-16,BE,gasoline,1308.63,489.33
2007-04-23,BE,gasoline,1316.87,496.13
2007-04-30,BE,gasoline,1316.87,496.13
2007-05-07,BE,gasoline,1312.38,492.42
2007-05-14,BE,gasoline,1320.48,499.11
2007-05-21,BE,gasoline,1334.5,510.7
2007-05-28,BE,gasoline,1334.5,510.7
2007-06-04,BE,gasoline,1328.0,505.33
2007-06-11,BE,gasoline,1325.9,503.6
2007-06-18,BE,gasoline,1332.48,509.03
2007-06-25,BE,gasoline,1360.7,532.36
2007-07-02,BE,gasoline,1369.0,539.22
2007-07-09,BE,gasoline,1347.6,521.53
2007-07-16,BE,gasoline,1359.52,531.38
2007-07-23,BE,gasoline,1345.6,519.9
2007-07-30,BE,gasoline,1319.15,498.02
2007-08-06,BE,gasoline,1333.3,509.71
2007-08-13,BE,gasoline,1316.43,495.77
2007-08-20,BE,gasoline,1320.13,498.83
2007-08-27,BE,gasoline,1311.37,491.59
2007-09-03,BE,gasoline,1313.3,493.18
2007-09-10,BE,gasoline,1355.77,528.28
2007-09-17,BE,gasoline,1341.6,516.57
2007-09-24,BE,gasoline,1354.53,527.26
2007-10-01,BE,gasoline,1368.13,508.01
2007-10-08,BE,gasoline,1364.53,505.04
2007-10-15,BE,gasoline,1359.17,500.61
2007-10-22,BE,gasoline,1383.07,520.36
2007-10-29,BE,gasoline,1378.37,516.48
2007-11-05,BE,gasoline,1394.47,529.78
2007-11-12,BE,gasoline,1431.17,560.11
2007-11-19,BE,gasoline,1441.73,568.85
2007-11-26,BE,gasoline,1441.43,568.59
2007-12-03,BE,gasoline,1445.13,571.65
2007-12-10,BE,gasoline,1381.04,518.68
2007-12-17,BE,gasoline,1390.67,526.64
2008-01-07,BE,gasoline,1423.33,553.64
2008-01-14,BE,gasoline,1375.73,514.3
2008-01-21,BE,gasoline,1414.57,546.39
2008-01-28,BE,gasoline,1404.1,537.74
2008-02-04,BE,gasoline,1375.7,514.27
2008-02-11,BE,gasoline,1392.9,528.49
2008-02-18,BE,gasoline,1429.63,558.85
2008-02-25,BE,gasoline,1456.87,583.25
2008-03-03,BE,gasoline,1427.63,559.09
2008-03-10,BE,gasoline,1440.8,569.97
2008-03-17,BE,gasoline,1436.0,566.01
2008-03-31,BE,gasoline,1403.33,539.01
2008-04-07,BE,gasoline,1419.43,552.63
2008-04-14,BE,gasoline,1422.47,554.82
2008-04-21,BE,gasoline,1429.83,563.21
2008-04-28,BE,gasoline,1468.6,599.75
2008-05-05,BE,gasoline,1475.53,605.48
2008-05-12,BE,gasoline,1475.53,605.48
2008-05-19,BE,gasoline,1506.83,637.75
2008-05-26,BE,gasoline,1530.93,661.96
2008-06-02,BE,gasoline,1541.63,670.81
2008-06-09,BE,gasoline,1533.87,664.39
2008-06-16,BE,gasoline,1540.3,676.11
2008-06-23,BE,gasoline,1535.93,672.5
2008-06-30,BE,gasoline,1566.97,698.14
2008-07-07,BE,gasoline,1574.67,704.71
2008-07-14,BE,gasoline,1561.57,693.88
2008-07-21,BE,gasoline,1561.57,693.88
2008-07-28,BE,gasoline,1523.53,662.45
2008-08-04,BE,gasoline,1488.17,633.22
2008-08-11,BE,gasoline,1483.8,629.61
2008-08-18,BE,gasoline,1474.27,621.73
2008-08-25,BE,gasoline,1468.33,616.82
2008-09-01,BE,gasoline,1449.67,605.2
2008-09-08,BE,gasoline,1473.73,625.08
2008-09-15,BE,gasoline,1478.35,628.91
2008-09-22,BE,gasoline,1422.12,589.74
2008-09-29,BE,gasoline,1420.59,588.47
2008-10-06,BE,gasoline,1349.4,529.64
2008-10-13,BE,gasoline,1365.55,542.98
2008-10-20,BE,gasoline,1314.7,500.96
2008-10-27,BE,gasoline,1275.5,468.56
2008-11-03,BE,gasoline,1236.91,436.67
2008-11-10,BE,gasoline,1236.91,436.67
2008-11-17,BE,gasoline,1198.98,405.32
2008-11-24,BE,gasoline,1179.2,388.98
2008-12-01,BE,gasoline,1178.4,388.31
2008-12-08,BE,gasoline,1169.09,380.62
2008-12-15,BE,gasoline,1155.0,368.98
2009-01-05,BE,gasoline,1065.62,295.11
2009-01-12,BE,gasoline,1099.92,323.45
2009-01-19,BE,gasoline,1093.58,318.22
2009-01-26,BE,gasoline,1127.1,345.92
2009-02-02,BE,gasoline,1130.62,348.83
2009-02-09,BE,gasoline,1166.12,378.17
2009-02-16,BE,gasoline,1166.2,378.23
2009-02-23,BE,gasoline,1160.71,373.69
2009-03-02,BE,gasoline,1147.3,349.71
2009-03-09,BE,gasoline,1183.3,379.46
2009-03-16,BE,gasoline,1186.5,382.11
2009-03-23,BE,gasoline,1172.0,370.13
2009-03-30,BE,gasoline,1182.0,378.39
2009-04-06,BE,gasoline,1205.0,394.5
2009-04-20,BE,gasoline,1215.0,402.76
2009-04-27,BE,gasoline,1215.0,402.76
2009-05-04,BE,gasoline,1204.0,383.67
2009-05-11,BE,gasoline,1238.0,411.77
2009-05-18,BE,gasoline,1238.0,411.77
2009-05-25,BE,gasoline,1296.0,459.7
2009-06-01,BE,gasoline,1296.0,459.7
2009-06-08,BE,gasoline,1322.0,481.19
2009-06-15,BE,gasoline,1299.0,462.18
2009-06-22,BE,gasoline,1347.0,499.65
2009-06-29,BE,gasoline,1347.0,499.65
2009-07-06,BE,gasoline,1285.0,448.41
2009-07-13,BE,gasoline,1218.5,393.45
2009-07-20,BE,gasoline,1218.5,393.45
2009-07-27,BE,gasoline,1301.0,461.64
2009-08-03,BE,gasoline,1320.0,477.34
2009-08-10,BE,gasoline,1316.0,474.03
2009-08-17,BE,gasoline,1363.0,512.88
2009-08-24,BE,gasoline,1336.0,490.56
2009-08-31,BE,gasoline,1321.0,478.17
2009-09-07,BE,gasoline,1318.0,475.69
2009-09-14,BE,gasoline,1295.0,456.68
2009-09-21,BE,gasoline,1265.25,432.09
2009-09-28,BE,gasoline,1208.83,385.46
2009-10-05,BE,gasoline,1254.0,422.79
2009-10-12,BE,gasoline,1239.0,410.4
2009-10-19,BE,gasoline,1225.0,398.83
2009-10-26,BE,gasoline,1259.0,426.93
2009-11-02,BE,gasoline,1259.0,426.93
2009-11-09,BE,gasoline,1271.0,436.84
2009-11-16,BE,gasoline,1283.0,446.76
2009-11-23,BE,gasoline,1256.0,424.45
2009-11-30,BE,gasoline,1290.0,452.55
2009-12-07,BE,gasoline,1286.0,449.24
2009-12-14,BE,gasoline,1274.0,439.32
2009-12-21,BE,gasoline,1256.0,424.45
2010-01-04,BE,gasoline,1273.0,438.5
2010-01-11,BE,gasoline,1334.0,488.91
2010-01-18,BE,gasoline,1325.0,481.47
2010-01-25,BE,gasoline,1293.0,455.03
2010-02-01,BE,gasoline,1305.0,464.94
2010-02-08,BE,gasoline,1283.0,446.76
2010-02-15,BE,gasoline,1297.0,458.33
2010-02-22,BE,gasoline,1347.0,499.65
2010-03-01,BE,gasoline,1366.0,515.36
2010-03-08,BE,gasoline,1345.0,498.0
2010-03-15,BE,gasoline,1417.0,557.5
2010-03-22,BE,gasoline,1400.0,543.45
2010-03-29,BE,gasoline,1413.0,554.2
2010-04-12,BE,gasoline,1477.0,607.09
2010-04-19,BE,gasoline,1459.0,592.22
2010-04-26,BE,gasoline,1412.0,553.37
2010-05-03,BE,gasoline,1472.0,602.96
2010-05-10,BE,gasoline,1472.0,602.96
2010-05-17,BE,gasoline,1463.0,595.52
2010-05-24,BE,gasoline,1463.0,595.52
2010-05-31,BE,gasoline,1411.0,552.55
2010-06-07,BE,gasoline,1449.0,583.95
2010-06-14,BE,gasoline,1442.0,578.17
2010-06-21,BE,gasoline,1453.0,587.26
2010-06-28,BE,gasoline,1428.0,566.6
2010-07-05,BE,gasoline,1421.0,560.81
2010-07-12,BE,gasoline,1449.0,583.95
2010-07-19,BE,gasoline,1449.0,583.95
2010-07-26,BE,gasoline,1383.0,529.41
2010-08-02,BE,gasoline,1408.0,550.07
2010-08-09,BE,gasoline,1415.0,555.85
2010-08-16,BE,gasoline,1409.0,550.89
2010-08-23,BE,gasoline,1397.0,540.98
2010-08-30,BE,gasoline,1399.0,542.63
2010-09-06,BE,gasoline,1383.8,530.07
2010-09-13,BE,gasoline,1388.0,533.54
2010-09-20,BE,gasoline,1415.6,556.35
2010-09-27,BE,gasoline,1379.4,526.43
2010-10-04,BE,gasoline,1378.9,526.02
2010-10-11,BE,gasoline,1391.9,536.76
2010-10-18,BE,gasoline,1405.2,547.75
2010-10-25,BE,gasoline,1420.5,560.4
2010-11-08,BE,gasoline,1398.3,542.05
2010-11-15,BE,gasoline,1398.3,542.05
2010-11-22,BE,gasoline,1386.4,532.22
2010-11-29,BE,gasoline,1403.2,546.1
2010-12-06,BE,gasoline,1432.9,570.64
2010-12-13,BE,gasoline,1463.8,596.18
2010-12-20,BE,gasoline,1460.7,593.62
2011-01-03,BE,gasoline,1482.5,611.64
2011-01-10,BE,gasoline,1492.4,619.82
2011-01-17,BE,gasoline,1519.8,642.46
2011-01-24,BE,gasoline,1479.2,608.91
2011-01-31,BE,gasoline,1470.9,602.05
2011-02-07,BE,gasoline,1494.0,621.14
2011-02-14,BE,gasoline,1498.8,625.11
2011-02-21,BE,gasoline,1488.2,616.35
2011-02-28,BE,gasoline,1516.0,639.32
2011-03-07,BE,gasoline,1515.2,638.66
2011-03-14,BE,gasoline,1605.2,713.04
2011-03-21,BE,gasoline,1524.2,646.1
2011-03-28,BE,gasoline,1514.2,637.83
2011-04-04,BE,gasoline,1557.5,673.62
2011-04-11,BE,gasoline,1578.7,691.14
2011-04-18,BE,gasoline,1624.6,729.07
2011-05-02,BE,gasoline,1606.6,714.2
2011-05-09,BE,gasoline,1626.8,730.89
2011-05-16,BE,gasoline,1586.1,697.26
2011-05-23,BE,gasoline,1569.0,683.12
2011-05-30,BE,gasoline,1527.7,648.99
2011-06-06,BE,gasoline,1566.1,680.73
2011-06-13,BE,gasoline,1566.1,680.73
2011-06-20,BE,gasoline,1546.2,664.28
2011-06-27,BE,gasoline,1556.0,672.38
2011-07-04,BE,gasoline,1490.6,618.33
2011-07-11,BE,gasoline,1529.0,650.07
2011-07-18,BE,gasoline,1574.1,687.34
2011-07-25,BE,gasoline,1587.3,698.25
2011-08-01,BE,gasoline,1643.0,744.28
2011-08-08,BE,gasoline,1590.3,700.73
2011-08-22,BE,gasoline,1534.7,654.78
2011-08-29,BE,gasoline,1538.9,658.25
2011-09-05,BE,gasoline,1551.1,668.33
2011-09-12,BE,gasoline,1566.9,681.39
2011-09-19,BE,gasoline,1616.9,722.71
2011-09-26,BE,gasoline,1564.1,679.07
2011-10-03,BE,gasoline,1567.0,681.47
2011-10-10,BE,gasoline,1513.0,636.84
2011-10-17,BE,gasoline,1589.2,699.82
2011-10-24,BE,gasoline,1534.0,654.2
2011-10-31,BE,gasoline,1534.0,654.2
2011-11-07,BE,gasoline,1505.9,630.98
2011-11-14,BE,gasoline,1505.9,630.98
2011-11-21,BE,gasoline,1550.5,667.83
2011-11-28,BE,gasoline,1496.3,623.04
2011-12-05,BE,gasoline,1529.4,650.4
2011-12-12,BE,gasoline,1517.6,640.64
2011-12-19,BE,gasoline,1540.2,659.32
2012-01-09,BE,gasoline,1569.2,683.29
2012-01-16,BE,gasoline,1624.8,729.24
2012-01-23,BE,gasoline,1626.8,730.89
2012-01-30,BE,gasoline,1600.1,708.83
2012-02-06,BE,gasoline,1609.2,716.35
2012-02-13,BE,gasoline,1627.0,731.06
2012-02-20,BE,gasoline,1642.3,743.7
2012-02-27,BE,gasoline,1681.7,776.26
2012-03-05,BE,gasoline,1659.3,757.75
2012-03-12,BE,gasoline,1643.5,744.69
2012-03-19,BE,gasoline,1698.9,790.48
2012-03-26,BE,gasoline,1648.7,748.99
2012-04-02,BE,gasoline,1702.6,793.54
2012-04-16,BE,gasoline,1739.0,823.62
2012-04-23,BE,gasoline,1715.6,804.28
2012-04-30,BE,gasoline,1715.6,804.28
2012-05-07,BE,gasoline,1647.7,748.17
2012-05-14,BE,gasoline,1698.7,790.31
2012-05-21,BE,gasoline,1630.4,733.87
2012-05-28,BE,gasoline,1630.4,733.87
2012-06-04,BE,gasoline,1609.0,716.18
2012-06-11,BE,gasoline,1615.5,721.55
2012-06-18,BE,gasoline,1636.1,738.58
2012-06-25,BE,gasoline,1582.8,694.53
2012-07-02,BE,gasoline,1557.0,673.21
2012-07-09,BE,gasoline,1634.0,736.84
2012-07-16,BE,gasoline,1652.3,751.97
2012-07-23,BE,gasoline,1658.2,756.84
2012-07-30,BE,gasoline,1685.3,779.24
2012-08-06,BE,gasoline,1650.0,750.07
2012-08-13,BE,gasoline,1689.1,782.38
2012-08-20,BE,gasoline,1711.1,800.56
2012-08-27,BE,gasoline,1706.1,796.43
2012-09-03,BE,gasoline,1720.3,808.17
2012-09-10,BE,gasoline,1710.0,799.65
2012-09-17,BE,gasoline,1723.8,811.06
2012-09-24,BE,gasoline,1705.5,795.93
2012-10-01,BE,gasoline,1688.7,782.05
2012-10-08,BE,gasoline,1707.2,797.34
2012-10-15,BE,gasoline,1686.9,780.56
2012-10-22,BE,gasoline,1602.8,711.06
2012-10-29,BE,gasoline,1586.3,697.42
2012-11-05,BE,gasoline,1579.0,691.39
2012-11-12,BE,gasoline,1579.0,691.39
2012-11-19,BE,gasoline,1576.7,689.49
2012-11-26,BE,gasoline,1586.0,697.17
2012-12-03,BE,gasoline,1544.0,662.46
2012-12-10,BE,gasoline,1605.5,713.29
2012-12-17,BE,gasoline,1556.0,672.38
2013-01-07,BE,gasoline,1568.7,682.88
2013-01-14,BE,gasoline,1574.4,687.59
2013-01-21,BE,gasoline,1597.5,706.68
2013-01-28,BE,gasoline,1620.6,725.77
2013-02-04,BE,gasoline,1614.8,720.98
2013-02-11,BE,gasoline,1591.8,701.97
2013-02-18,BE,gasoline,1622.2,727.09
2013-02-25,BE,gasoline,1634.2,737.01
2013-03-04,BE,gasoline,1664.7,762.22
2013-03-11,BE,gasoline,1632.9,735.93
2013-03-18,BE,gasoline,1589.2,699.82
2013-03-25,BE,gasoline,1567.9,682.22
2013-04-08,BE,gasoline,1653.3,752.79
2013-04-15,BE,gasoline,1588.5,699.24
2013-04-22,BE,gasoline,1549.4,666.93
2013-04-29,BE,gasoline,1626.0,730.23
2013-05-06,BE,gasoline,1544.9,663.21
2013-05-13,BE,gasoline,1559.3,675.11
2013-05-20,BE,gasoline,1559.3,675.11
2013-05-27,BE,gasoline,1559.3,675.11
2013-06-03,BE,gasoline,1582.4,694.2
2013-06-10,BE,gasoline,1579.7,691.97
2013-06-17,BE,gasoline,1593.5,703.37
2013-06-24,BE,gasoline,1595.0,704.61
2013-07-01,BE,gasoline,1573.0,686.43
2013-07-08,BE,gasoline,1571.0,684.78
2013-07-15,BE,gasoline,1608.0,715.36
2013-07-22,BE,gasoline,1686.2,779.98
2013-07-29,BE,gasoline,1603.2,711.39
2013-08-05,BE,gasoline,1603.2,711.39
2013-08-12,BE,gasoline,1653.2,752.71
2013-08-19,BE,gasoline,1612.5,719.07
2013-08-26,BE,gasoline,1595.4,704.94
2013-09-02,BE,gasoline,1647.6,748.08
2013-09-09,BE,gasoline,1639.8,741.64
2013-09-16,BE,gasoline,1609.7,716.76
2013-09-23,BE,gasoline,1527.6,648.91
2013-09-30,BE,gasoline,1543.6,662.13
2013-10-07,BE,gasoline,1520.4,642.96
2013-10-14,BE,gasoline,1536.1,655.93
2013-10-21,BE,gasoline,1527.8,649.07
2013-10-28,BE,gasoline,1536.8,656.51
2013-11-04,BE,gasoline,1504.33,629.68
2013-11-11,BE,gasoline,1504.33,629.68
2013-11-18,BE,gasoline,1562.9,678.08
2013-11-25,BE,gasoline,1502.6,628.25
2013-12-02,BE,gasoline,1544.1,662.55
2013-12-09,BE,gasoline,1527.9,649.16
2013-12-16,BE,gasoline,1509.4,633.87
2014-01-06,BE,gasoline,1551.7,668.83
2014-01-13,BE,gasoline,1512.1,636.1
2014-01-20,BE,gasoline,1503.3,628.83
2014-01-27,BE,gasoline,1526.6,648.08
2014-02-03,BE,gasoline,1521.3,643.7
2014-02-10,BE,gasoline,1540.9,659.9
2014-02-17,BE,gasoline,1532.7,653.12
2014-02-24,BE,gasoline,1555.1,671.64
2014-03-03,BE,gasoline,1494.6,621.64
2014-03-10,BE,gasoline,1552.8,669.74
2014-03-17,BE,gasoline,1532.1,652.63
2014-03-24,BE,gasoline,1522.5,644.69
2014-03-31,BE,gasoline,1482.4,611.55
2014-04-07,BE,gasoline,1532.7,653.12
2014-04-14,BE,gasoline,1538.0,657.5
2014-04-28,BE,gasoline,1553.7,670.48
2014-05-05,BE,gasoline,1623.6,728.25
2014-05-12,BE,gasoline,1571.2,684.94
2014-05-19,BE,gasoline,1576.8,689.57
2014-05-26,BE,gasoline,1605.4,713.21
2014-06-02,BE,gasoline,1590.4,700.81
2014-06-09,BE,gasoline,1590.4,700.81
2014-06-16,BE,gasoline,1601.0,709.57
2014-06-23,BE,gasoline,1601.1,709.65
2014-06-30,BE,gasoline,1643.1,744.36
2014-07-07,BE,gasoline,1609.2,716.35
2014-07-14,BE,gasoline,1604.2,712.22
2014-07-21,BE,gasoline,1604.2,712.22
2014-07-28,BE,gasoline,1516.8,639.98
2014-08-04,BE,gasoline,1545.9,664.03
2014-08-11,BE,gasoline,1554.5,671.14
2014-08-18,BE,gasoline,1557.3,673.45
2014-08-25,BE,gasoline,1544.6,662.96
2014-09-01,BE,gasoline,1592.6,702.63
2014-09-08,BE,gasoline,1555.0,671.55
2014-09-15,BE,gasoline,1617.1,722.88
2014-09-22,BE,gasoline,1570.8,684.61
2014-09-29,BE,gasoline,1537.0,656.68
2014-10-06,BE,gasoline,1497.1,623.7
2014-10-13,BE,gasoline,1560.4,676.02
2014-10-20,BE,gasoline,1507.2,632.05
2014-10-27,BE,gasoline,1423.38,562.78
2014-11-03,BE,gasoline,1451.1,585.69
2014-11-10,BE,gasoline,1451.1,585.69
2014-11-17,BE,gasoline,1449.1,584.03
2014-11-24,BE,gasoline,1430.9,568.99
2014-12-01,BE,gasoline,1376.6,524.12
2014-12-08,BE,gasoline,1383.3,529.65
2014-12-15,BE,gasoline,1383.3,529.65
2015-01-05,BE,gasoline,1383.3,529.65
2015-01-12,BE,gasoline,1292.6,453.04
2015-01-19,BE,gasoline,1245.5,414.12
2015-01-26,BE,gasoline,1234.5,405.03
2015-02-02,BE,gasoline,1238.9,408.66
2015-02-09,BE,gasoline,1326.3,480.9
2015-02-16,BE,gasoline,1319.2,475.03
2015-02-23,BE,gasoline,1348.6,499.33
2015-03-02,BE,gasoline,1380.5,525.69
2015-03-09,BE,gasoline,1385.6,529.9
2015-03-16,BE,gasoline,1397.9,540.07
2015-03-23,BE,gasoline,1374.2,520.48
2015-03-30,BE,gasoline,1404.4,545.44
2015-04-13,BE,gasoline,1415.68,554.76
2015-04-20,BE,gasoline,1417.5,556.27
2015-04-27,BE,gasoline,1448.6,581.97
2015-05-04,BE,gasoline,1455.0,587.26
2015-05-11,BE,gasoline,1456.0,588.09
2015-05-18,BE,gasoline,1429.5,566.18
2015-05-25,BE,gasoline,1452.6,585.28
2015-06-01,BE,gasoline,1462.5,593.46
2015-06-08,BE,gasoline,1440.5,575.28
2015-06-15,BE,gasoline,1485.1,612.14
2015-06-22,BE,gasoline,1474.1,603.04
2015-06-29,BE,gasoline,1442.4,576.85
2015-07-06,BE,gasoline,1461.1,592.3
2015-07-13,BE,gasoline,1458.0,589.74
2015-07-20,BE,gasoline,1458.0,589.74
2015-07-27,BE,gasoline,1463.9,594.61
2015-08-03,BE,gasoline,1420.4,558.66
2015-08-10,BE,gasoline,1411.1,550.98
2015-08-17,BE,gasoline,1383.1,527.84
2015-08-24,BE,gasoline,1335.8,488.75
2015-08-31,BE,gasoline,1291.4,452.05
2015-09-07,BE,gasoline,1320.6,476.18
2015-09-14,BE,gasoline,1346.8,497.84
2015-09-21,BE,gasoline,1320.25,475.9
2015-09-28,BE,gasoline,1300.34,459.44
2015-10-05,BE,gasoline,1342.65,494.41
2015-10-12,BE,gasoline,1282.67,444.84
2015-10-19,BE,gasoline,1303.7,462.22
2015-10-26,BE,gasoline,1271.81,435.86
2015-11-02,BE,gasoline,1271.81,435.86
2015-11-09,BE,gasoline,1276.26,439.54
2015-11-16,BE,gasoline,1331.5,485.19
2015-11-23,BE,gasoline,1285.7,447.34
2015-11-30,BE,gasoline,1357.0,506.27
2015-12-07,BE,gasoline,1310.0,467.42
2015-12-14,BE,gasoline,1210.6,408.1
2016-01-04,BE,gasoline,1205.5,377.18
2016-01-11,BE,gasoline,1295.7,451.73
2016-01-18,BE,gasoline,1191.6,365.69
2016-01-25,BE,gasoline,1200.4,372.97
2016-02-01,BE,gasoline,1188.0,362.72
2016-02-08,BE,gasoline,1187.9,362.64
2016-02-15,BE,gasoline,1158.1,338.01
2016-02-22,BE,gasoline,1183.6,359.08
2016-02-29,BE,gasoline,1180.3,356.35
2016-03-07,BE,gasoline,1196.5,369.74
2016-03-14,BE,gasoline,1196.2,369.5
2016-03-21,BE,gasoline,1211.9,382.47
2016-04-04,BE,gasoline,1228.88,396.5
2016-04-11,BE,gasoline,1252.9,416.35
2016-04-18,BE,gasoline,1266.0,427.18
2016-04-25,BE,gasoline,1268.3,429.08
2016-05-02,BE,gasoline,1297.9,453.54
2016-05-09,BE,gasoline,1292.6,449.16
2016-05-16,BE,gasoline,1292.6,449.16
2016-05-23,BE,gasoline,1270.9,431.23
2016-05-30,BE,gasoline,1328.9,479.16
2016-06-06,BE,gasoline,1345.8,493.13
2016-06-13,BE,gasoline,1318.5,470.57
2016-06-20,BE,gasoline,1328.5,478.83
2016-06-27,BE,gasoline,1312.5,465.61
2016-07-04,BE,gasoline,1324.54,475.56
2016-07-11,BE,gasoline,1281.86,440.29
2016-07-18,BE,gasoline,1295.36,451.45
2016-07-25,BE,gasoline,1280.4,439.08
2016-08-01,BE,gasoline,1233.0,399.91
2016-08-08,BE,gasoline,1232.1,408.23
2016-08-15,BE,gasoline,1259.87,431.18
2016-08-22,BE,gasoline,1222.5,400.3
2016-08-29,BE,gasoline,1265.2,435.59
2016-09-05,BE,gasoline,1279.6,447.49
2016-09-12,BE,gasoline,1255.0,427.16
2016-09-19,BE,gasoline,1264.0,434.6
2016-09-26,BE,gasoline,1269.7,439.31
2016-10-03,BE,gasoline,1266.9,436.99
2016-10-10,BE,gasoline,1266.9,436.99
2016-10-17,BE,gasoline,1340.8,498.07
2016-10-24,BE,gasoline,1304.2,467.82
2016-10-31,BE,gasoline,1303.82,467.51
2016-11-07,BE,gasoline,1296.9,461.79
2016-11-14,BE,gasoline,1265.2,435.59
2016-11-21,BE,gasoline,1268.0,437.9
2016-11-28,BE,gasoline,1275.3,443.94
2016-12-05,BE,gasoline,1273.3,442.28
2016-12-12,BE,gasoline,1312.7,474.85
2016-12-19,BE,gasoline,1328.7,488.07
2017-01-02,BE,gasoline,1355.29,496.86
2017-01-09,BE,gasoline,1394.2,529.02
2017-01-16,BE,gasoline,1366.1,505.8
2017-01-23,BE,gasoline,1391.5,526.79
2017-01-30,BE,gasoline,1409.6,541.75
2017-02-06,BE,gasoline,1376.1,514.06
2017-02-13,BE,gasoline,1355.9,497.37
2017-02-20,BE,gasoline,1415.8,546.87
2017-02-27,BE,gasoline,1397.1,531.42
2017-03-06,BE,gasoline,1401.1,534.72
2017-03-13,BE,gasoline,1384.9,521.34
2017-03-20,BE,gasoline,1341.4,489.56
2017-03-27,BE,gasoline,1299.9,469.23
2017-04-03,BE,gasoline,1380.7,536.0
2017-04-10,BE,gasoline,1355.7,515.34
2017-04-24,BE,gasoline,1432.0,578.4
2017-05-01,BE,gasoline,1378.7,534.35
2017-05-08,BE,gasoline,1398.8,550.96
2017-05-15,BE,gasoline,1343.4,505.18
2017-05-22,BE,gasoline,1382.5,537.49
2017-05-29,BE,gasoline,1338.4,501.05
2017-06-05,BE,gasoline,1323.3,488.57
2017-06-12,BE,gasoline,1324.4,489.48
2017-06-19,BE,gasoline,1303.4,472.12
2017-06-26,BE,gasoline,1314.6,481.38
2017-07-03,BE,gasoline,1318.68,484.75
2017-07-10,BE,gasoline,1323.24,488.52
2017-07-17,BE,gasoline,1295.0,465.18
2017-07-24,BE,gasoline,1308.0,475.92
2017-07-31,BE,gasoline,1297.6,467.33
2017-08-07,BE,gasoline,1336.6,499.56
2017-08-14,BE,gasoline,1356.4,515.92
2017-08-21,BE,gasoline,1316.8,483.19
2017-08-28,BE,gasoline,1315.2,481.87
2017-09-04,BE,gasoline,1361.0,519.72
2017-09-11,BE,gasoline,1348.4,509.31
2017-09-18,BE,gasoline,1307.8,475.76
2017-09-25,BE,gasoline,1333.8,497.24
2017-10-02,BE,gasoline,1352.1,512.37
2017-10-09,BE,gasoline,1317.3,483.61
2017-10-16,BE,gasoline,1312.1,479.31
2017-10-23,BE,gasoline,1326.4,491.13
2017-10-30,BE,gasoline,1336.0,499.06
2017-11-06,BE,gasoline,1349.2,509.97
2017-11-13,BE,gasoline,1385.0,539.56
2017-11-20,BE,gasoline,1361.5,520.14
2017-11-27,BE,gasoline,1385.3,539.81
2017-12-04,BE,gasoline,1375.1,531.38
2017-12-11,BE,gasoline,1306.5,474.68
2017-12-18,BE,gasoline,1331.5,495.34
2018-01-01,BE,gasoline,1349.4,500.46
2018-01-08,BE,gasoline,1361.7,510.62
2018-01-15,BE,gasoline,1366.4,514.51
2018-01-22,BE,gasoline,1351.3,502.03
2018-01-29,BE,gasoline,1362.7,511.45
2018-02-05,BE,gasoline,1369.2,516.82
2018-02-12,BE,gasoline,1362.8,511.53
2018-02-19,BE,gasoline,1330.3,484.67
2018-02-26,BE,gasoline,1374.3,521.04
2018-03-05,BE,gasoline,1333.6,487.4
2018-03-12,BE,gasoline,1278.2,441.61
2018-03-19,BE,gasoline,1318.5,474.92
2018-03-26,BE,gasoline,1326.5,481.53
2018-04-09,BE,gasoline,1393.4,536.82
2018-04-16,BE,gasoline,1395.17,538.28
2018-04-23,BE,gasoline,1383.6,528.72
2018-04-30,BE,gasoline,1409.0,549.71
2018-05-07,BE,gasoline,1439.5,574.92
2018-05-14,BE,gasoline,1404.2,545.75
2018-05-21,BE,gasoline,1456.8,589.22
2018-05-28,BE,gasoline,1454.5,587.32
2018-06-04,BE,gasoline,1490.4,616.99
2018-06-11,BE,gasoline,1410.6,551.04
2018-06-18,BE,gasoline,1442.5,577.4
2018-06-25,BE,gasoline,1438.3,573.93
2018-07-02,BE,gasoline,1489.1,615.91
2018-07-09,BE,gasoline,1432.56,569.18
2018-07-16,BE,gasoline,1443.9,578.56
2018-07-23,BE,gasoline,1406.55,562.28
2018-07-30,BE,gasoline,1427.9,579.92
2018-08-06,BE,gasoline,1448.8,597.2
2018-08-13,BE,gasoline,1439.1,589.18
2018-08-20,BE,gasoline,1433.4,584.47
2018-08-27,BE,gasoline,1470.1,614.8
2018-09-03,BE,gasoline,1455.1,602.4
2018-09-10,BE,gasoline,1525.6,660.67
2018-09-17,BE,gasoline,1450.1,598.27
2018-09-24,BE,gasoline,1449.2,597.53
2018-10-01,BE,gasoline,1419.5,572.98
2018-10-08,BE,gasoline,1477.0,620.5
2018-10-15,BE,gasoline,1417.7,571.49
2018-10-22,BE,gasoline,1427.8,579.84
2018-10-29,BE,gasoline,1427.6,579.67
2018-11-05,BE,gasoline,1453.5,601.08
2018-11-12,BE,gasoline,1409.8,564.96
2018-11-19,BE,gasoline,1361.5,525.05
2018-11-26,BE,gasoline,1329.5,498.6
2018-12-03,BE,gasoline,1331.3,500.09
2018-12-10,BE,gasoline,1303.7,477.28
2018-12-17,BE,gasoline,1326.0,495.71
2019-01-07,BE,gasoline,1293.3,468.68
2019-01-14,BE,gasoline,1272.3,451.33
2019-01-21,BE,gasoline,1302.9,476.62
2019-01-28,BE,gasoline,1283.6,460.67
2019-02-04,BE,gasoline,1309.8,482.32
2019-02-11,BE,gasoline,1304.3,477.77
2019-02-18,BE,gasoline,1313.1,485.05
2019-02-25,BE,gasoline,1328.9,498.1
2019-03-04,BE,gasoline,1326.9,496.45
2019-03-11,BE,gasoline,1345.5,511.82
2019-03-18,BE,gasoline,1370.9,532.82
2019-03-25,BE,gasoline,1394.6,552.4
2019-04-01,BE,gasoline,1384.1,543.72
2019-04-08,BE,gasoline,1420.9,574.14
2019-04-15,BE,gasoline,1418.9,572.48
2019-04-29,BE,gasoline,1479.3,622.4
2019-05-06,BE,gasoline,1558.0,687.44
2019-05-13,BE,gasoline,1476.7,620.25
2019-05-20,BE,gasoline,1438.7,588.85
2019-05-27,BE,gasoline,1495.5,635.79
2019-06-03,BE,gasoline,1528.2,662.82
2019-06-10,BE,gasoline,1424.5,577.11
2019-06-17,BE,gasoline,1379.2,539.67
2019-06-24,BE,gasoline,1416.1,570.17
2019-07-01,BE,gasoline,1395.2,552.9
2019-07-08,BE,gasoline,1420.4,573.72
2019-07-15,BE,gasoline,1431.6,582.98
2019-07-22,BE,gasoline,1444.8,593.89
2019-07-29,BE,gasoline,1443.9,593.15
2019-08-05,BE,gasoline,1441.6,591.24
2019-08-12,BE,gasoline,1362.1,525.54
2019-08-19,BE,gasoline,1437.8,588.1
2019-08-26,BE,gasoline,1380.7,540.91
2019-09-02,BE,gasoline,1365.7,528.52
2019-09-09,BE,gasoline,1361.7,525.21
2019-09-16,BE,gasoline,1366.5,529.18
2019-09-23,BE,gasoline,1387.3,546.37
2019-09-30,BE,gasoline,1401.0,557.69
2019-10-07,BE,gasoline,1409.9,565.05
2019-10-14,BE,gasoline,1402.6,559.01
2019-10-21,BE,gasoline,1367.4,529.92
2019-10-28,BE,gasoline,1364.0,527.11
2019-11-04,BE,gasoline,1381.7,541.74
2019-11-11,BE,gasoline,1381.7,541.74
2019-11-18,BE,gasoline,1388.0,546.95
2019-11-25,BE,gasoline,1387.7,546.7
2019-12-02,BE,gasoline,1373.1,534.63
2019-12-09,BE,gasoline,1391.8,550.09
2019-12-16,BE,gasoline,1407.6,563.15
2020-01-06,BE,gasoline,1445.9,594.8
2020-01-13,BE,gasoline,1414.8,569.1
2020-01-20,BE,gasoline,1412.76,567.41
2020-01-27,BE,gasoline,1406.9,562.57
2020-02-03,BE,gasoline,1354.5,519.26
2020-02-10,BE,gasoline,1390.4,548.93
2020-02-17,BE,gasoline,1363.4,526.62
2020-02-24,BE,gasoline,1375.6,536.7
2020-03-02,BE,gasoline,1377.0,537.86
2020-03-09,BE,gasoline,1320.4,491.08
2020-03-16,BE,gasoline,1210.3,400.09
2020-03-23,BE,gasoline,1076.1,289.18
2020-03-30,BE,gasoline,1058.1,274.3
2020-04-06,BE,gasoline,1095.8,305.46
2020-04-20,BE,gasoline,1342.0,508.93
2020-04-27,BE,gasoline,1103.45,311.78
2020-05-04,BE,gasoline,1145.2,346.29
2020-05-11,BE,gasoline,1155.6,354.88
2020-05-18,BE,gasoline,1170.5,367.2
2020-05-25,BE,gasoline,1190.3,383.56
2020-06-01,BE,gasoline,1216.3,405.05
2020-06-08,BE,gasoline,1239.1,423.89
2020-06-15,BE,gasoline,1227.9,414.63
2020-06-22,BE,gasoline,1248.87,431.96
2020-06-29,BE,gasoline,1245.6,429.26
2020-07-06,BE,gasoline,1281.4,458.85
2020-07-13,BE,gasoline,1306.1,479.26
2020-07-20,BE,gasoline,1266.4,446.45
2020-07-27,BE,gasoline,1296.4,471.24
2020-08-03,BE,gasoline,1311.5,483.72
2020-08-10,BE,gasoline,1303.1,476.78
2020-08-17,BE,gasoline,1308.1,480.91
2020-08-24,BE,gasoline,1312.2,484.3
2020-08-31,BE,gasoline,1320.5,491.16
2020-09-07,BE,gasoline,1348.0,513.89
2020-09-14,BE,gasoline,1323.8,493.89
2020-09-21,BE,gasoline,1288.4,464.63
2020-09-28,BE,gasoline,1316.6,487.94
2020-10-05,BE,gasoline,1296.8,471.58
2020-10-12,BE,gasoline,1290.8,466.62
2020-10-19,BE,gasoline,1305.2,478.52
2020-10-26,BE,gasoline,1296.8,471.58
2020-11-02,BE,gasoline,1265.3,445.54
2020-11-09,BE,gasoline,1235.4,420.83
2020-11-16,BE,gasoline,1240.6,425.13
2020-11-23,BE,gasoline,1265.4,445.63
2020-11-30,BE,gasoline,1267.6,447.44
2020-12-07,BE,gasoline,1262.0,442.82
2020-12-14,BE,gasoline,1281.0,458.52
2020-12-21,BE,gasoline,1301.0,475.05
2021-01-11,BE,gasoline,1265.8,445.96
2021-01-18,BE,gasoline,1295.3,470.34
2021-01-25,BE,gasoline,1314.2,485.96
2021-02-01,BE,gasoline,1307.79,480.66
2021-02-08,BE,gasoline,1338.72,506.22
2021-02-15,BE,gasoline,1345.77,512.05
2021-02-22,BE,gasoline,1355.29,519.91
2021-03-01,BE,gasoline,1360.58,524.29
2021-03-08,BE,gasoline,1406.89,562.56
2021-03-15,BE,gasoline,1437.0,587.44
2021-03-22,BE,gasoline,1427.78,579.82
2021-03-29,BE,gasoline,1412.17,566.92
2021-04-12,BE,gasoline,1405.53,561.44
2021-04-19,BE,gasoline,1414.88,569.16
2021-04-26,BE,gasoline,1420.53,573.83
2021-05-03,BE,gasoline,1416.5,570.5
2021-05-10,BE,gasoline,1447.15,595.83
2021-05-17,BE,gasoline,1495.31,635.63
2021-05-24,BE,gasoline,1478.78,621.97
2021-05-31,BE,gasoline,1443.9,593.15
2021-06-07,BE,gasoline,1435.6,586.29
2021-06-14,BE,gasoline,1461.3,607.53
2021-06-21,BE,gasoline,1481.93,624.58
2021-06-28,BE,gasoline,1498.74,638.47
2021-07-05,BE,gasoline,1498.74,638.47
2021-07-12,BE,gasoline,1491.16,632.2
2021-07-19,BE,gasoline,1492.92,633.66
2021-07-26,BE,gasoline,1512.78,650.07
2021-08-02,BE,gasoline,1523.5,658.93
2021-08-09,BE,gasoline,1514.4,651.41
2021-08-16,BE,gasoline,1503.96,642.78
2021-08-23,BE,gasoline,1533.33,667.05
2021-08-30,BE,gasoline,1499.32,638.95
2021-09-06,BE,gasoline,1510.83,648.46
2021-09-13,BE,gasoline,1511.23,648.79
2021-09-20,BE,gasoline,1535.96,669.23
2021-09-27,BE,gasoline,1522.57,658.16
2021-10-04,BE,gasoline,1543.78,675.69
2021-10-11,BE,gasoline,1568.58,696.19
2021-10-18,BE,gasoline,1621.78,740.15
2021-10-25,BE,gasoline,1629.34,746.4
2021-11-01,BE,gasoline,1644.03,758.54
2021-11-08,BE,gasoline,1673.09,782.56
2021-11-15,BE,gasoline,1686.24,793.43
2021-11-22,BE,gasoline,1717.54,819.29
2021-11-29,BE,gasoline,1641.65,756.58
2021-12-06,BE,gasoline,1581.77,707.09
2021-12-13,BE,gasoline,1561.35,690.21
2021-12-20,BE,gasoline,1615.11,734.64
2022-01-03,BE,gasoline,1640.0,755.21
2022-01-10,BE,gasoline,1646.84,760.86
2022-01-17,BE,gasoline,1625.36,743.11
2022-01-24,BE,gasoline,1648.27,762.05
2022-01-31,BE,gasoline,1656.86,769.15
2022-02-07,BE,gasoline,1673.25,782.69
2022-02-14,BE,gasoline,1684.6,792.07
2022-02-21,BE,gasoline,1701.0,805.63
2022-02-28,BE,gasoline,1734.85,833.6
2022-03-07,BE,gasoline,1811.7,897.11
2022-03-14,BE,gasoline,1950.63,1011.93
2022-03-21,BE,gasoline,1753.1,993.31
2022-03-28,BE,gasoline,1760.16,999.15
2022-04-04,BE,gasoline,1807.61,1038.36
2022-04-11,BE,gasoline,1787.28,1021.56
2022-04-25,BE,gasoline,1763.28,1001.73
2022-05-02,BE,gasoline,1821.53,1049.87
2022-05-09,BE,gasoline,1875.58,1094.54
2022-05-16,BE,gasoline,1925.81,1136.05
2022-05-23,BE,gasoline,1967.77,1170.73
2022-05-30,BE,gasoline,1947.38,1153.87
2022-06-06,BE,gasoline,2023.38,1216.68
2022-06-13,BE,gasoline,2107.04,1285.83
2022-06-20,BE,gasoline,2110.83,1288.96
2022-06-27,BE,gasoline,2042.99,1232.89
2022-07-04,BE,gasoline,2006.43,1202.68
2022-07-11,BE,gasoline,1990.69,1189.67
2022-07-18,BE,gasoline,1910.24,1123.18
2022-07-25,BE,gasoline,1875.28,1094.29
2022-08-01,BE,gasoline,1846.62,1070.6
2022-08-08,BE,gasoline,1779.98,1015.53
2022-08-15,BE,gasoline,1741.73,983.92
2022-08-22,BE,gasoline,1718.91,965.06
2022-08-29,BE,gasoline,1733.5,977.11
2022-09-05,BE,gasoline,1688.58,939.99
2022-09-12,BE,gasoline,1654.66,878.91
2022-09-19,BE,gasoline,1675.19,895.87
2022-09-26,BE,gasoline,1689.46,907.67
2022-10-03,BE,gasoline,1690.83,898.05
2022-10-10,BE,gasoline,1749.56,936.69
2022-10-17,BE,gasoline,1806.63,983.85
2022-10-24,BE,gasoline,1837.05,978.84
2022-10-31,BE,gasoline,1830.53,956.5
2022-11-07,BE,gasoline,1837.34,962.13
2022-11-14,BE,gasoline,1920.91,999.8
2022-11-21,BE,gasoline,1832.56,914.35
2022-11-28,BE,gasoline,1754.2,849.59
2022-12-05,BE,gasoline,1712.18,814.86
2022-12-12,BE,gasoline,1686.64,793.76
2022-12-19,BE,gasoline,1621.38,739.82
2022-12-26,BE,gasoline,1634.35,750.54
2023-01-02,BE,gasoline,1687.0,794.05
2023-01-09,BE,gasoline,1691.98,798.17
2023-01-16,BE,gasoline,1660.93,772.51
2023-01-23,BE,gasoline,1691.97,798.16
2023-01-30,BE,gasoline,1728.38,828.25
2023-02-06,BE,gasoline,1724.71,825.22
2023-02-13,BE,gasoline,1697.01,802.33
2023-02-20,BE,gasoline,1713.68,816.1
2023-02-27,BE,gasoline,1711.97,814.69
2023-03-06,BE,gasoline,1696.5,801.91
2023-03-13,BE,gasoline,1732.44,831.61
2023-03-20,BE,gasoline,1714.39,816.69
2023-03-27,BE,gasoline,1661.62,773.08
2023-04-03,BE,gasoline,1690.99,797.35
2023-04-10,BE,gasoline,1762.93,856.81
2023-04-17,BE,gasoline,1783.37,873.7
2023-04-24,BE,gasoline,1744.96,841.96
2023-05-01,BE,gasoline,1711.64,814.42
2023-05-08,BE,gasoline,1703.61,807.78
2023-05-15,BE,gasoline,1697.59,802.81
2023-05-22,BE,gasoline,1680.72,788.86
2023-05-29,BE,gasoline,1712.8,815.38
2023-06-05,BE,gasoline,1729.7,829.34
2023-06-12,BE,gasoline,1760.06,854.44
2023-06-19,BE,gasoline,1713.06,815.59
2023-06-26,BE,gasoline,1707.96,811.38
2023-07-03,BE,gasoline,1710.2,813.23
2023-07-10,BE,gasoline,1734.29,833.14
2023-07-17,BE,gasoline,1706.84,810.45
2023-07-24,BE,gasoline,1708.33,811.68
2023-07-31,BE,gasoline,1775.07,866.84
2023-08-07,BE,gasoline,1798.67,886.34
2023-08-14,BE,gasoline,1840.39,920.82
2023-08-21,BE,gasoline,1785.06,875.1
2023-08-28,BE,gasoline,1814.24,899.21
2023-09-04,BE,gasoline,1817.23,901.68
2023-09-11,BE,gasoline,1861.47,938.24
2023-09-18,BE,gasoline,1804.29,890.99
2023-09-25,BE,gasoline,1847.0,926.29
2023-10-02,BE,gasoline,1823.6,906.95
2023-10-09,BE,gasoline,1767.68,860.73
2023-10-16,BE,gasoline,1704.43,808.46
2023-10-23,BE,gasoline,1711.15,814.01
2023-10-30,BE,gasoline,1704.31,808.36
2023-11-06,BE,gasoline,1707.3,810.83
2023-11-13,BE,gasoline,1692.06,798.24
2023-11-20,BE,gasoline,1672.16,781.79
2023-11-27,BE,gasoline,1644.97,759.32
2023-12-04,BE,gasoline,1631.34,748.05
2023-12-11,BE,gasoline,1621.82,740.19
2023-12-18,BE,gasoline,1602.54,724.25
2023-12-25,BE,gasoline,1604.86,726.17
2024-01-01,BE,gasoline,1592.93,716.31
2024-01-08,BE,gasoline,1584.06,708.98
2024-01-15,BE,gasoline,1574.44,701.03
2024-01-22,BE,gasoline,1565.42,693.58
2024-01-29,BE,gasoline,1599.11,721.42
2024-02-05,BE,gasoline,1619.68,738.42
2024-02-12,BE,gasoline,1631.04,747.81
2024-02-19,BE,gasoline,1644.61,759.02
2024-02-26,BE,gasoline,1683.77,791.39
2024-03-04,BE,gasoline,1654.98,767.59
2024-03-11,BE,gasoline,1692.56,798.65
2024-03-18,BE,gasoline,1662.53,773.83
2024-03-25,BE,gasoline,1610.0,790.53
2024-04-01,BE,gasoline,1682.73,818.03
2024-04-08,BE,gasoline,1723.0,823.81
2024-04-15,BE,gasoline,1754.29,849.67
2024-04-22,BE,gasoline,1774.55,866.41
2024-04-29,BE,gasoline,1754.27,849.65
2024-05-06,BE,gasoline,1752.18,847.92
2024-05-13,BE,gasoline,1762.26,856.25
2024-05-20,BE,gasoline,1751.35,847.24
2024-05-27,BE,gasoline,1690.07,796.59
2024-06-03,BE,gasoline,1673.87,783.2
2024-06-10,BE,gasoline,1660.99,730.49
2024-06-17,BE,gasoline,1697.81,802.99
2024-06-24,BE,gasoline,1658.45,770.46
2024-07-01,BE,gasoline,1677.93,786.56
2024-07-08,BE,gasoline,1678.87,787.34
2024-07-15,BE,gasoline,1689.59,796.2
2024-07-22,BE,gasoline,1671.06,780.88
2024-07-29,BE,gasoline,1709.24,812.44
2024-08-05,BE,gasoline,1634.89,750.99
2024-08-12,BE,gasoline,1607.55,728.39
2024-08-19,BE,gasoline,1638.26,753.77
2024-08-26,BE,gasoline,1604.4,725.79
2024-09-02,BE,gasoline,1627.95,745.25
2024-09-09,BE,gasoline,1552.89,683.22
2024-09-16,BE,gasoline,1527.59,662.31
2024-09-23,BE,gasoline,1566.43,694.41
2024-09-30,BE,gasoline,1610.95,731.2
2024-10-07,BE,gasoline,1548.34,679.46
2024-10-14,BE,gasoline,1585.34,710.04
2024-10-21,BE,gasoline,1589.39,713.39
2024-10-28,BE,gasoline,1576.55,702.77
2024-11-04,BE,gasoline,1563.12,691.67
2024-11-11,BE,gasoline,1536.0,669.26
2024-11-18,BE,gasoline,1550.09,680.91
2024-11-25,BE,gasoline,1581.24,706.65
2024-12-02,BE,gasoline,1578.98,704.78
2024-12-09,BE,gasoline,1599.03,721.35
2024-12-16,BE,gasoline,1558.72,688.04
2024-12-23,BE,gasoline,1591.09,714.79
2024-12-30,BE,gasoline,1597.18,719.82
2005-01-03,DE,diesel,976.0,371.0
2005-01-10,DE,diesel,970.0,365.8
2005-01-17,DE,diesel,969.5,365.4
2005-01-24,DE,diesel,965.8,362.1
2005-01-31,DE,diesel,969.3,365.2
2005-02-07,DE,diesel,958.3,355.7
2005-02-14,DE,diesel,940.8,340.6
2005-02-21,DE,diesel,941.0,340.8
2005-02-28,DE,diesel,967.0,363.2
2005-03-07,DE,diesel,985.0,378.7
2005-03-14,DE,diesel,1010.0,400.3
2005-03-21,DE,diesel,1011.8,401.8
2005-04-04,DE,diesel,1025.8,413.9
2005-04-11,DE,diesel,1051.8,436.3
2005-04-18,DE,diesel,1040.8,426.8
2005-04-25,DE,diesel,1036.0,422.7
2005-05-02,DE,diesel,1053.8,438.0
2005-05-09,DE,diesel,1045.3,430.7
2005-05-16,DE,diesel,1049.3,434.1
2005-05-23,DE,diesel,1041.0,427.0
2005-05-30,DE,diesel,1016.3,405.7
2005-06-06,DE,diesel,1047.0,432.2
2005-06-13,DE,diesel,1071.0,452.9
2005-06-20,DE,diesel,1086.5,466.2
2005-06-27,DE,diesel,1086.5,466.2
2005-07-04,DE,diesel,1106.5,483.5
2005-07-11,DE,diesel,1111.3,487.6
2005-07-18,DE,diesel,1109.3,485.9
2005-07-25,DE,diesel,1101.75,479.38
2005-08-01,DE,diesel,1101.0,478.74
2005-08-08,DE,diesel,1113.5,489.5
2005-08-15,DE,diesel,1128.3,502.27
2005-08-22,DE,diesel,1131.3,504.8
2005-08-29,DE,diesel,1121.5,496.4
2005-09-05,DE,diesel,1176.0,543.39
2005-09-12,DE,diesel,1128.5,502.44
2005-09-19,DE,diesel,1114.0,489.9
2005-09-26,DE,diesel,1132.3,505.7
2005-10-03,DE,diesel,1155.8,525.9
2005-10-10,DE,diesel,1155.5,525.7
2005-10-17,DE,diesel,1147.5,518.8
2005-10-24,DE,diesel,1149.8,520.8
2005-11-07,DE,diesel,1121.0,496.0
2005-11-14,DE,diesel,1112.0,488.2
2005-11-21,DE,diesel,1079.5,460.2
2005-11-28,DE,diesel,1105.25,482.4
2005-12-05,DE,diesel,1088.5,467.96
2005-12-12,DE,diesel,1082.5,462.8
2005-12-19,DE,diesel,1092.25,471.19
2006-01-09,DE,diesel,1112.25,488.44
2006-01-16,DE,diesel,1093.5,472.27
2006-01-23,DE,diesel,1087.25,466.88
2006-01-30,DE,diesel,1096.5,474.86
2006-02-06,DE,diesel,1127.75,501.8
2006-02-13,DE,diesel,1099.5,477.44
2006-02-20,DE,diesel,1085.25,465.16
2006-02-27,DE,diesel,1083.0,463.22
2006-03-06,DE,diesel,1084.25,464.3
2006-03-13,DE,diesel,1102.25,479.82
2006-03-20,DE,diesel,1128.5,502.44
2006-03-27,DE,diesel,1106.0,483.05
2006-04-03,DE,diesel,1122.5,497.27
2006-04-10,DE,diesel,1113.5,489.51
2006-04-24,DE,diesel,1142.0,514.08
2006-05-01,DE,diesel,1164.0,533.05
2006-05-08,DE,diesel,1153.25,523.78
2006-05-15,DE,diesel,1132.0,505.46
2006-05-22,DE,diesel,1125.0,499.43
2006-05-29,DE,diesel,1091.25,470.33
2006-06-05,DE,diesel,1139.0,511.5
2006-06-12,DE,diesel,1135.0,508.35
2006-06-19,DE,diesel,1110.75,487.14
2006-06-26,DE,diesel,1125.0,499.4
2006-07-03,DE,diesel,1150.5,521.4
2006-07-10,DE,diesel,1141.8,513.9
2006-07-17,DE,diesel,1148.0,519.3
2006-07-24,DE,diesel,1172.5,540.4
2006-07-31,DE,diesel,1162.8,532.0
2006-08-07,DE,diesel,1162.25,531.54
2006-08-14,DE,diesel,1157.0,527.0
2006-08-21,DE,diesel,1145.5,517.1
2006-08-28,DE,diesel,1131.0,504.6
2006-09-04,DE,diesel,1143.75,515.59
2006-09-11,DE,diesel,1106.25,483.26
2006-09-18,DE,diesel,1114.5,490.4
2006-09-25,DE,diesel,1079.3,460.0
2006-10-02,DE,diesel,1077.25,458.26
2006-10-09,DE,diesel,1072.5,454.17
2006-10-16,DE,diesel,1094.25,472.92
2006-10-23,DE,diesel,1075.0,456.32
2006-10-30,DE,diesel,1064.75,447.49
2006-11-06,DE,diesel,1052.75,437.14
2006-11-13,DE,diesel,1066.0,448.57
2006-11-20,DE,diesel,1073.25,454.82
2006-11-27,DE,diesel,1055.8,439.7
2006-12-04,DE,diesel,1079.5,460.2
2006-12-11,DE,diesel,1078.5,459.34
2006-12-18,DE,diesel,1072.0,453.74
2007-01-08,DE,diesel,1095.0,449.77
2007-01-15,DE,diesel,1046.5,409.01
2007-01-22,DE,diesel,1053.5,414.89
2007-01-29,DE,diesel,1059.25,419.73
2007-02-05,DE,diesel,1070.5,429.18
2007-02-12,DE,diesel,1075.75,433.59
2007-02-19,DE,diesel,1080.25,437.37
2007-02-26,DE,diesel,1078.5,435.9
2007-03-05,DE,diesel,1115.5,466.99
2007-03-12,DE,diesel,1100.75,454.6
2007-03-19,DE,diesel,1090.0,445.57
2007-03-26,DE,diesel,1092.0,447.25
2007-04-02,DE,diesel,1132.25,481.07
2007-04-16,DE,diesel,1110.0,462.37
2007-04-23,DE,diesel,1138.25,486.11
2007-04-30,DE,diesel,1153.3,498.7
2007-05-07,DE,diesel,1137.0,485.06
2007-05-14,DE,diesel,1141.5,488.84
2007-05-21,DE,diesel,1145.25,491.99
2007-05-28,DE,diesel,1139.5,487.16
2007-06-04,DE,diesel,1157.0,501.9
2007-06-11,DE,diesel,1126.8,476.4
2007-06-18,DE,diesel,1167.3,510.5
2007-06-25,DE,diesel,1170.75,513.42
2007-07-02,DE,diesel,1128.5,477.92
2007-07-09,DE,diesel,1136.25,484.43
2007-07-16,DE,diesel,1170.75,513.42
2007-07-23,DE,diesel,1145.25,491.99
2007-07-30,DE,diesel,1139.0,486.74
2007-08-06,DE,diesel,1150.75,496.62
2007-08-13,DE,diesel,1150.8,496.6
2007-08-20,DE,diesel,1140.25,487.79
2007-08-27,DE,diesel,1134.5,482.96
2007-09-03,DE,diesel,1141.75,489.05
2007-09-10,DE,diesel,1161.75,505.86
2007-09-17,DE,diesel,1189.75,529.39
2007-09-24,DE,diesel,1214.3,550.0
2007-10-01,DE,diesel,1201.25,539.05
2007-10-08,DE,diesel,1172.5,514.89
2007-10-15,DE,diesel,1182.5,523.3
2007-10-22,DE,diesel,1215.0,550.61
2007-10-29,DE,diesel,1222.5,556.91
2007-11-05,DE,diesel,1235.75,568.05
2007-11-12,DE,diesel,1335.25,651.66
2007-11-19,DE,diesel,1327.75,645.36
2007-11-26,DE,diesel,1316.5,635.9
2007-12-03,DE,diesel,1288.5,612.37
2007-12-10,DE,diesel,1284.5,609.01
2007-12-17,DE,diesel,1275.0,601.03
2008-01-07,DE,diesel,1287.25,611.32
2008-01-14,DE,diesel,1261.75,589.89
2008-01-21,DE,diesel,1236.5,568.68
2008-01-28,DE,diesel,1222.25,556.7
2008-02-04,DE,diesel,1249.75,579.81
2008-02-11,DE,diesel,1223.25,557.54
2008-02-18,DE,diesel,1280.5,605.65
2008-02-25,DE,diesel,1302.0,623.72
2008-03-03,DE,diesel,1310.5,630.86
2008-03-10,DE,diesel,1327.75,645.36
2008-03-17,DE,diesel,1341.75,657.12
2008-03-31,DE,diesel,1308.5,629.18
2008-04-07,DE,diesel,1294.5,617.42
2008-04-14,DE,diesel,1333.0,649.77
2008-04-21,DE,diesel,1337.25,653.34
2008-04-28,DE,diesel,1360.0,672.46
2008-05-05,DE,diesel,1361.0,673.3
2008-05-12,DE,diesel,1404.0,709.43
2008-05-19,DE,diesel,1468.75,763.84
2008-05-26,DE,diesel,1477.0,770.8
2008-06-02,DE,diesel,1487.0,779.2
2008-06-09,DE,diesel,1483.75,776.45
2008-06-16,DE,diesel,1487.5,779.6
2008-06-23,DE,diesel,1472.0,766.57
2008-06-30,DE,diesel,1500.25,790.31
2008-07-07,DE,diesel,1516.0,803.55
2008-07-14,DE,diesel,1498.25,788.63
2008-07-21,DE,diesel,1464.5,760.27
2008-07-28,DE,diesel,1414.0,717.84
2008-08-04,DE,diesel,1407.0,712.0
2008-08-11,DE,diesel,1417.0,720.4
2008-08-18,DE,diesel,1352.75,666.36
2008-08-25,DE,diesel,1386.0,694.31
2008-09-01,DE,diesel,1369.75,680.65
2008-09-08,DE,diesel,1354.5,667.84
2008-09-15,DE,diesel,1336.75,652.92
2008-09-22,DE,diesel,1327.0,644.73
2008-09-29,DE,diesel,1331.25,648.3
2008-10-06,DE,diesel,1335.0,651.45
2008-10-13,DE,diesel,1287.0,611.11
2008-10-20,DE,diesel,1242.0,573.3
2008-10-27,DE,diesel,1252.0,581.7
2008-11-03,DE,diesel,1224.75,558.8
2008-11-10,DE,diesel,1215.0,550.61
2008-11-17,DE,diesel,1168.0,511.11
2008-11-24,DE,diesel,1141.75,489.05
2008-12-01,DE,diesel,1109.0,461.53
2008-12-08,DE,diesel,1094.0,448.93
2008-12-15,DE,diesel,1026.0,391.78
2009-01-05,DE,diesel,1017.0,384.22
2009-01-12,DE,diesel,1083.0,439.68
2009-01-19,DE,diesel,1067.0,426.24
2009-01-26,DE,diesel,1042.0,405.23
2009-02-02,DE,diesel,1042.0,405.23
2009-02-09,DE,diesel,1047.0,409.43
2009-02-16,DE,diesel,1034.5,398.93
2009-02-23,DE,diesel,996.0,366.57
2009-03-02,DE,diesel,997.0,367.42
2009-03-09,DE,diesel,984.0,356.49
2009-03-16,DE,diesel,977.0,350.61
2009-03-23,DE,diesel,995.25,365.94
2009-03-30,DE,diesel,1034.0,398.51
2009-04-06,DE,diesel,1055.75,416.78
2009-04-20,DE,diesel,1019.5,386.32
2009-04-27,DE,diesel,1034.75,399.14
2009-05-04,DE,diesel,1068.0,427.08
2009-05-11,DE,diesel,1050.0,411.95
2009-05-18,DE,diesel,1045.5,408.17
2009-05-25,DE,diesel,1035.25,399.56
2009-06-01,DE,diesel,1050.25,412.16
2009-06-08,DE,diesel,1069.0,427.92
2009-06-15,DE,diesel,1085.0,441.36
2009-06-22,DE,diesel,1112.0,464.05
2009-06-29,DE,diesel,1101.5,455.23
2009-07-06,DE,diesel,1083.5,440.1
2009-07-13,DE,diesel,1045.25,407.96
2009-07-20,DE,diesel,1038.0,401.87
2009-07-27,DE,diesel,1072.75,431.07
2009-08-03,DE,diesel,1118.0,469.1
2009-08-10,DE,diesel,1094.0,448.93
2009-08-17,DE,diesel,1121.0,471.62
2009-08-24,DE,diesel,1109.5,461.95
2009-08-31,DE,diesel,1097.0,451.45
2009-09-07,DE,diesel,1107.0,459.85
2009-09-14,DE,diesel,1069.0,427.92
2009-09-21,DE,diesel,1088.25,444.1
2009-09-28,DE,diesel,1069.5,428.34
2009-10-05,DE,diesel,1111.0,463.21
2009-10-12,DE,diesel,1077.0,434.64
2009-10-19,DE,diesel,1121.0,471.62
2009-10-26,DE,diesel,1107.0,459.85
2009-11-02,DE,diesel,1127.0,476.66
2009-11-09,DE,diesel,1119.0,469.94
2009-11-16,DE,diesel,1104.0,457.33
2009-11-23,DE,diesel,1105.0,458.17
2009-11-30,DE,diesel,1082.0,438.84
2009-12-07,DE,diesel,1104.0,457.33
2009-12-14,DE,diesel,1078.0,435.48
2009-12-21,DE,diesel,1099.0,453.13
2010-01-04,DE,diesel,1113.0,464.89
2010-01-11,DE,diesel,1161.0,505.23
2010-01-18,DE,diesel,1147.0,493.47
2010-01-25,DE,diesel,1133.0,481.7
2010-02-01,DE,diesel,1122.0,472.46
2010-02-08,DE,diesel,1115.0,466.57
2010-02-15,DE,diesel,1086.0,442.21
2010-02-22,DE,diesel,1100.25,454.18
2010-03-01,DE,diesel,1138.0,485.9
2010-03-08,DE,diesel,1158.0,502.71
2010-03-15,DE,diesel,1210.0,546.41
2010-03-22,DE,diesel,1175.0,516.99
2010-03-29,DE,diesel,1226.0,559.85
2010-04-12,DE,diesel,1210.5,546.83
2010-04-19,DE,diesel,1227.0,560.69
2010-04-26,DE,diesel,1235.0,567.42
2010-05-03,DE,diesel,1257.0,585.9
2010-05-10,DE,diesel,1227.0,560.69
2010-05-17,DE,diesel,1224.0,558.17
2010-05-24,DE,diesel,1172.0,514.47
2010-05-31,DE,diesel,1226.0,559.85
2010-06-07,DE,diesel,1226.0,559.85
2010-06-14,DE,diesel,1233.0,565.73
2010-06-21,DE,diesel,1232.0,564.89
2010-06-28,DE,diesel,1242.0,573.3
2010-07-05,DE,diesel,1184.0,524.56
2010-07-12,DE,diesel,1194.0,532.96
2010-07-19,DE,diesel,1188.0,527.92
2010-07-26,DE,diesel,1196.0,534.64
2010-08-02,DE,diesel,1188.0,527.92
2010-08-09,DE,diesel,1203.0,540.52
2010-08-16,DE,diesel,1173.0,515.31
2010-08-23,DE,diesel,1207.0,543.89
2010-08-30,DE,diesel,1186.0,526.24
2010-09-06,DE,diesel,1192.0,531.28
2010-09-13,DE,diesel,1200.0,538.0
2010-09-20,DE,diesel,1198.0,536.32
2010-09-27,DE,diesel,1178.0,519.52
2010-10-04,DE,diesel,1210.0,546.41
2010-10-11,DE,diesel,1213.0,548.93
2010-10-18,DE,diesel,1206.0,543.05
2010-10-25,DE,diesel,1240.0,571.62
2010-11-08,DE,diesel,1246.0,576.66
2010-11-15,DE,diesel,1236.0,568.26
2010-11-22,DE,diesel,1232.0,564.89
2010-11-29,DE,diesel,1248.0,578.34
2010-12-06,DE,diesel,1273.0,599.35
2010-12-13,DE,diesel,1290.0,613.63
2010-12-20,DE,diesel,1313.0,632.96
2011-01-03,DE,diesel,1312.0,632.12
2011-01-10,DE,diesel,1309.0,629.6
2011-01-17,DE,diesel,1330.0,647.25
2011-01-24,DE,diesel,1317.0,636.32
2011-01-31,DE,diesel,1306.0,627.08
2011-02-07,DE,diesel,1340.0,655.65
2011-02-14,DE,diesel,1379.0,688.42
2011-02-21,DE,diesel,1360.0,672.46
2011-02-28,DE,diesel,1389.0,696.83
2011-03-07,DE,diesel,1411.0,715.31
2011-03-14,DE,diesel,1418.0,721.2
2011-03-21,DE,diesel,1424.0,726.24
2011-03-28,DE,diesel,1415.0,718.68
2011-04-04,DE,diesel,1425.0,727.08
2011-04-11,DE,diesel,1432.0,732.96
2011-04-18,DE,diesel,1432.0,732.96
2011-05-02,DE,diesel,1450.0,748.09
2011-05-09,DE,diesel,1370.0,680.86
2011-05-16,DE,diesel,1357.0,669.94
2011-05-23,DE,diesel,1418.0,721.2
2011-05-30,DE,diesel,1349.0,663.21
2011-06-06,DE,diesel,1383.0,691.78
2011-06-13,DE,diesel,1411.0,715.31
2011-06-20,DE,diesel,1400.0,706.07
2011-06-27,DE,diesel,1333.0,649.77
2011-07-04,DE,diesel,1327.0,644.73
2011-07-11,DE,diesel,1375.0,685.06
2011-07-18,DE,diesel,1363.0,674.98
2011-07-25,DE,diesel,1388.0,695.99
2011-08-01,DE,diesel,1396.0,702.71
2011-08-08,DE,diesel,1336.0,652.29
2011-08-22,DE,diesel,1335.0,651.45
2011-08-29,DE,diesel,1350.0,664.05
2011-09-05,DE,diesel,1370.0,680.86
2011-09-12,DE,diesel,1375.0,685.06
2011-09-19,DE,diesel,1375.0,685.06
2011-09-26,DE,diesel,1359.0,671.62
2011-10-03,DE,diesel,1385.0,693.47
2011-10-10,DE,diesel,1399.0,705.23
2011-10-17,DE,diesel,1409.0,713.63
2011-10-24,DE,diesel,1423.0,725.4
2011-10-31,DE,diesel,1423.0,725.4
2011-11-07,DE,diesel,1427.0,728.76
2011-11-14,DE,diesel,1421.0,723.72
2011-11-21,DE,diesel,1436.0,736.32
2011-11-28,DE,diesel,1410.0,714.47
2011-12-05,DE,diesel,1421.0,723.72
2011-12-12,DE,diesel,1393.0,700.19
2011-12-19,DE,diesel,1399.0,705.23
2012-01-09,DE,diesel,1489.0,780.86
2012-01-16,DE,diesel,1475.0,769.1
2012-01-23,DE,diesel,1460.0,756.49
2012-01-30,DE,diesel,1443.0,742.21
2012-02-06,DE,diesel,1441.0,740.52
2012-02-13,DE,diesel,1491.0,782.54
2012-02-20,DE,diesel,1529.0,814.47
2012-02-27,DE,diesel,1520.0,806.91
2012-03-05,DE,diesel,1534.0,818.68
2012-03-12,DE,diesel,1534.0,818.68
2012-03-19,DE,diesel,1533.0,817.84
2012-03-26,DE,diesel,1540.0,823.72
2012-04-02,DE,diesel,1514.0,801.87
2012-04-16,DE,diesel,1542.0,825.4
2012-04-23,DE,diesel,1520.0,806.91
2012-04-30,DE,diesel,1457.0,753.97
2012-05-07,DE,diesel,1499.0,789.26
2012-05-14,DE,diesel,1447.0,745.57
2012-05-21,DE,diesel,1464.0,759.85
2012-05-28,DE,diesel,1480.0,773.3
2012-06-04,DE,diesel,1440.0,739.68
2012-06-11,DE,diesel,1410.0,714.47
2012-06-18,DE,diesel,1416.0,719.52
2012-06-25,DE,diesel,1373.0,683.38
2012-07-02,DE,diesel,1397.0,703.55
2012-07-09,DE,diesel,1459.0,755.65
2012-07-16,DE,diesel,1456.0,753.13
2012-07-23,DE,diesel,1485.0,777.5
2012-07-30,DE,diesel,1478.0,771.62
2012-08-06,DE,diesel,1494.0,785.06
2012-08-13,DE,diesel,1546.0,828.76
2012-08-20,DE,diesel,1569.0,848.09
2012-08-27,DE,diesel,1561.0,841.36
2012-09-03,DE,diesel,1551.0,832.96
2012-09-10,DE,diesel,1569.0,848.09
2012-09-17,DE,diesel,1526.0,811.95
2012-09-24,DE,diesel,1502.0,791.78
2012-10-01,DE,diesel,1497.0,787.58
2012-10-08,DE,diesel,1545.0,827.92
2012-10-15,DE,diesel,1494.0,785.06
2012-10-22,DE,diesel,1528.0,813.63
2012-10-29,DE,diesel,1517.0,804.39
2012-11-05,DE,diesel,1509.0,797.67
2012-11-12,DE,diesel,1507.0,795.99
2012-11-19,DE,diesel,1506.0,795.15
2012-11-26,DE,diesel,1504.0,793.47
2012-12-03,DE,diesel,1502.0,791.78
2012-12-10,DE,diesel,1452.0,749.77
2012-12-17,DE,diesel,1411.0,715.31
2013-01-07,DE,diesel,1463.0,759.01
2013-01-14,DE,diesel,1465.0,760.69
2013-01-21,DE,diesel,1451.0,748.93
2013-01-28,DE,diesel,1460.0,756.49
2013-02-04,DE,diesel,1463.0,759.01
2013-02-11,DE,diesel,1484.0,776.66
2013-02-18,DE,diesel,1482.0,774.98
2013-02-25,DE,diesel,1428.0,729.6
2013-03-04,DE,diesel,1408.0,712.79
2013-03-11,DE,diesel,1392.0,699.35
2013-03-18,DE,diesel,1429.0,730.44
2013-03-25,DE,diesel,1446.0,744.73
2013-04-01,DE,diesel,1464.0,759.85
2013-04-08,DE,diesel,1440.0,739.68
2013-04-15,DE,diesel,1419.0,722.04
2013-04-22,DE,diesel,1404.0,709.43
2013-04-29,DE,diesel,1378.0,687.58
2013-05-06,DE,diesel,1372.0,682.54
2013-05-13,DE,diesel,1409.0,713.63
2013-05-20,DE,diesel,1459.0,755.65
2013-05-27,DE,diesel,1428.0,729.6
2013-06-03,DE,diesel,1415.0,718.68
2013-06-10,DE,diesel,1407.0,711.95
2013-06-17,DE,diesel,1391.0,698.51
2013-06-24,DE,diesel,1410.0,714.47
2013-07-01,DE,diesel,1413.0,716.99
2013-07-08,DE,diesel,1429.0,730.44
2013-07-15,DE,diesel,1442.0,741.36
2013-07-22,DE,diesel,1450.0,748.09
2013-07-29,DE,diesel,1427.0,728.76
2013-08-05,DE,diesel,1435.0,735.48
2013-08-12,DE,diesel,1412.0,716.15
2013-08-19,DE,diesel,1438.0,738.0
2013-08-26,DE,diesel,1438.0,738.0
2013-09-02,DE,diesel,1463.0,759.01
2013-09-09,DE,diesel,1460.0,756.49
2013-09-16,DE,diesel,1457.0,753.97
2013-09-23,DE,diesel,1433.0,733.8
2013-09-30,DE,diesel,1436.0,736.32
2013-10-07,DE,diesel,1429.0,730.44
2013-10-14,DE,diesel,1427.0,728.76
2013-10-21,DE,diesel,1422.0,724.56
2013-10-28,DE,diesel,1407.0,711.95
2013-11-04,DE,diesel,1408.0,712.79
2013-11-11,DE,diesel,1397.0,703.55
2013-11-18,DE,diesel,1415.0,718.68
2013-11-25,DE,diesel,1430.0,731.28
2013-12-02,DE,diesel,1430.0,731.28
2013-12-09,DE,diesel,1422.0,724.56
2013-12-16,DE,diesel,1408.0,712.79
2014-01-06,DE,diesel,1394.0,701.03
2014-01-13,DE,diesel,1375.0,685.06
2014-01-20,DE,diesel,1377.0,686.74
2014-01-27,DE,diesel,1380.0,689.26
2014-02-03,DE,diesel,1382.0,690.94
2014-02-10,DE,diesel,1383.0,691.78
2014-02-17,DE,diesel,1388.0,695.99
2014-02-24,DE,diesel,1393.0,700.19
2014-03-03,DE,diesel,1388.0,695.99
2014-03-10,DE,diesel,1366.0,677.5
2014-03-17,DE,diesel,1353.0,666.57
2014-03-24,DE,diesel,1353.0,666.57
2014-03-31,DE,diesel,1378.0,687.58
2014-04-07,DE,diesel,1369.0,680.02
2014-04-14,DE,diesel,1377.0,686.74
2014-04-28,DE,diesel,1400.0,706.07
2014-05-05,DE,diesel,1368.0,679.18
2014-05-12,DE,diesel,1381.0,690.1
2014-05-19,DE,diesel,1369.0,680.02
2014-05-26,DE,diesel,1396.0,702.71
2014-06-02,DE,diesel,1388.0,695.99
2014-06-09,DE,diesel,1374.0,684.22
2014-06-16,DE,diesel,1383.0,691.78
2014-06-23,DE,diesel,1390.0,697.67
2014-06-30,DE,diesel,1378.0,687.58
2014-07-07,DE,diesel,1387.0,695.15
2014-07-14,DE,diesel,1377.0,686.74
2014-07-21,DE,diesel,1372.0,682.54
2014-07-28,DE,diesel,1388.0,695.99
2014-08-04,DE,diesel,1387.0,695.15
2014-08-11,DE,diesel,1390.0,697.67
2014-08-18,DE,diesel,1378.0,687.58
2014-08-25,DE,diesel,1360.0,672.46
2014-09-01,DE,diesel,1386.0,694.31
2014-09-08,DE,diesel,1385.0,693.47
2014-09-15,DE,diesel,1374.0,684.22
2014-09-22,DE,diesel,1367.0,678.34
2014-09-29,DE,diesel,1369.0,680.02
2014-10-06,DE,diesel,1362.0,674.14
2014-10-13,DE,diesel,1341.0,656.49
2014-10-20,DE,diesel,1281.0,606.07
2014-10-27,DE,diesel,1319.0,638.0
2014-11-03,DE,diesel,1324.0,642.21
2014-11-10,DE,diesel,1327.0,644.73
2014-11-17,DE,diesel,1311.0,631.28
2014-11-24,DE,diesel,1298.0,620.36
2014-12-01,DE,diesel,1271.0,597.67
2014-12-08,DE,diesel,1239.0,570.78
2014-12-15,DE,diesel,1209.0,545.57
2015-01-05,DE,diesel,1177.0,518.68
2015-01-12,DE,diesel,1141.0,488.42
2015-01-19,DE,diesel,1118.0,469.1
2015-01-26,DE,diesel,1133.0,481.7
2015-02-02,DE,diesel,1134.0,482.54
2015-02-09,DE,diesel,1183.0,523.72
2015-02-16,DE,diesel,1208.0,544.73
2015-02-23,DE,diesel,1216.0,551.45
2015-03-02,DE,diesel,1231.0,564.05
2015-03-09,DE,diesel,1232.0,564.89
2015-03-16,DE,diesel,1225.0,559.01
2015-03-23,DE,diesel,1210.0,546.41
2015-03-30,DE,diesel,1206.0,543.05
2015-04-13,DE,diesel,1217.0,552.29
2015-04-20,DE,diesel,1243.0,574.14
2015-04-27,DE,diesel,1252.0,581.7
2015-05-04,DE,diesel,1259.0,587.58
2015-05-11,DE,diesel,1263.0,590.94
2015-05-18,DE,diesel,1266.0,593.47
2015-05-25,DE,diesel,1270.0,596.83
2015-06-01,DE,diesel,1255.0,584.22
2015-06-08,DE,diesel,1243.0,574.14
2015-06-15,DE,diesel,1241.0,572.46
2015-06-22,DE,diesel,1237.0,569.1
2015-06-29,DE,diesel,1241.0,572.46
2015-07-06,DE,diesel,1237.0,569.1
2015-07-13,DE,diesel,1215.0,550.61
2015-07-20,DE,diesel,1202.0,539.68
2015-07-27,DE,diesel,1190.0,529.6
2015-08-03,DE,diesel,1178.0,519.52
2015-08-10,DE,diesel,1163.0,506.91
2015-08-17,DE,diesel,1157.0,501.87
2015-08-24,DE,diesel,1139.0,486.74
2015-08-31,DE,diesel,1116.0,467.42
2015-09-07,DE,diesel,1152.0,497.67
2015-09-14,DE,diesel,1145.0,491.78
2015-09-21,DE,diesel,1141.0,488.42
2015-09-28,DE,diesel,1120.0,470.78
2015-10-05,DE,diesel,1116.0,467.42
2015-10-12,DE,diesel,1135.0,483.38
2015-10-19,DE,diesel,1100.0,453.97
2015-10-26,DE,diesel,1108.0,460.69
2015-11-02,DE,diesel,1116.0,467.42
2015-11-09,DE,diesel,1136.0,484.22
2015-11-16,DE,diesel,1127.0,476.66
2015-11-23,DE,diesel,1125.0,474.98
2015-11-30,DE,diesel,1123.0,473.3
2015-12-07,DE,diesel,1099.0,453.13
2015-12-14,DE,diesel,1056.0,416.99
2016-01-04,DE,diesel,1022.0,388.42
2016-01-11,DE,diesel,998.0,368.26
2016-01-18,DE,diesel,978.0,351.45
2016-01-25,DE,diesel,974.0,348.09
2016-02-01,DE,diesel,992.0,363.21
2016-02-08,DE,diesel,995.0,365.73
2016-02-15,DE,diesel,947.0,325.4
2016-02-22,DE,diesel,999.0,369.1
2016-02-29,DE,diesel,1009.0,377.5
2016-03-07,DE,diesel,1020.0,386.74
2016-03-14,DE,diesel,1043.0,406.07
2016-03-21,DE,diesel,1046.0,408.59
2016-04-04,DE,diesel,1033.0,397.67
2016-04-11,DE,diesel,1027.0,392.63
2016-04-18,DE,diesel,1051.0,412.79
2016-04-25,DE,diesel,1067.0,426.24
2016-05-02,DE,diesel,1084.0,440.52
2016-05-09,DE,diesel,1078.0,435.48
2016-05-16,DE,diesel,1096.0,450.61
2016-05-23,DE,diesel,1104.0,457.33
2016-05-30,DE,diesel,1118.0,469.1
2016-06-06,DE,diesel,1121.0,471.62
2016-06-13,DE,diesel,1124.0,474.14
2016-06-20,DE,diesel,1097.0,451.45
2016-06-27,DE,diesel,1125.0,474.98
2016-07-04,DE,diesel,1121.0,471.62
2016-07-11,DE,diesel,1109.0,461.53
2016-07-18,DE,diesel,1103.0,456.49
2016-07-25,DE,diesel,1100.0,453.97
2016-08-01,DE,diesel,1076.0,433.8
2016-08-08,DE,diesel,1073.0,431.28
2016-08-15,DE,diesel,1083.0,439.68
2016-08-22,DE,diesel,1110.0,462.37
2016-08-29,DE,diesel,1112.0,464.05
2016-09-05,DE,diesel,1077.0,434.64
2016-09-12,DE,diesel,1115.0,466.57
2016-09-19,DE,diesel,1100.0,453.97
2016-09-26,DE,diesel,1110.0,462.37
2016-10-03,DE,diesel,1123.0,473.3
2016-10-10,DE,diesel,1142.0,489.26
2016-10-17,DE,diesel,1131.0,480.02
2016-10-24,DE,diesel,1134.0,482.54
2016-10-31,DE,diesel,1132.0,480.86
2016-11-07,DE,diesel,1127.0,476.66
2016-11-14,DE,diesel,1120.0,470.78
2016-11-21,DE,diesel,1126.0,475.82
2016-11-28,DE,diesel,1144.0,490.94
2016-12-05,DE,diesel,1167.0,510.27
2016-12-12,DE,diesel,1176.0,517.84
2016-12-19,DE,diesel,1194.0,532.96
2017-01-02,DE,diesel,1216.0,551.45
2017-01-09,DE,diesel,1210.0,546.41
2017-01-16,DE,diesel,1200.0,538.0
2017-01-23,DE,diesel,1189.0,528.76
2017-01-30,DE,diesel,1192.0,531.28
2017-02-06,DE,diesel,1195.0,533.8
2017-02-13,DE,diesel,1198.0,536.32
2017-02-20,DE,diesel,1196.0,534.64
2017-02-27,DE,diesel,1200.0,538.0
2017-03-06,DE,diesel,1196.0,534.64
2017-03-13,DE,diesel,1183.0,523.72
2017-03-20,DE,diesel,1165.0,508.59
2017-03-27,DE,diesel,1159.0,503.55
2017-04-03,DE,diesel,1168.0,511.11
2017-04-10,DE,diesel,1184.0,524.56
2017-04-24,DE,diesel,1182.0,522.88
2017-05-01,DE,diesel,1170.0,512.79
2017-05-08,DE,diesel,1145.0,491.78
2017-05-15,DE,diesel,1153.0,498.51
2017-05-22,DE,diesel,1153.0,498.51
2017-05-29,DE,diesel,1159.0,503.55
2017-06-05,DE,diesel,1149.0,495.15
2017-06-12,DE,diesel,1125.0,474.98
2017-06-19,DE,diesel,1121.0,471.62
2017-06-26,DE,diesel,1114.0,465.73
2017-07-03,DE,diesel,1119.0,469.94
2017-07-10,DE,diesel,1121.0,471.62
2017-07-17,DE,diesel,1129.0,478.34
2017-07-24,DE,diesel,1128.0,477.5
2017-07-31,DE,diesel,1134.0,482.54
2017-08-07,DE,diesel,1142.0,489.26
2017-08-14,DE,diesel,1143.0,490.1
2017-08-21,DE,diesel,1131.0,480.02
2017-08-28,DE,diesel,1138.0,485.9
2017-09-04,DE,diesel,1153.0,498.51
2017-09-11,DE,diesel,1165.0,508.59
2017-09-18,DE,diesel,1166.0,509.43
2017-09-25,DE,diesel,1174.0,516.15
2017-10-02,DE,diesel,1189.0,528.76
2017-10-09,DE,diesel,1183.0,523.72
2017-10-16,DE,diesel,1178.0,519.52
2017-10-23,DE,diesel,1179.0,520.36
2017-10-30,DE,diesel,1187.0,527.08
2017-11-06,DE,diesel,1196.0,534.64
2017-11-13,DE,diesel,1152.0,497.67
2017-11-20,DE,diesel,1174.0,516.15
2017-11-27,DE,diesel,1176.0,517.84
2017-12-04,DE,diesel,1179.0,520.36
2017-12-11,DE,diesel,1174.0,516.15
2017-12-18,DE,diesel,1180.0,521.2
2018-01-01,DE,diesel,1207.0,543.89
2018-01-08,DE,diesel,1214.0,549.77
2018-01-15,DE,diesel,1190.0,529.6
2018-01-22,DE,diesel,1190.0,529.6
2018-01-29,DE,diesel,1197.0,535.48
2018-02-05,DE,diesel,1195.0,533.8
2018-02-12,DE,diesel,1179.0,520.36
2018-02-19,DE,diesel,1164.0,507.75
2018-02-26,DE,diesel,1172.0,514.47
2018-03-05,DE,diesel,1172.0,514.47
2018-03-12,DE,diesel,1168.0,511.11
2018-03-19,DE,diesel,1168.0,511.11
2018-03-26,DE,diesel,1174.0,516.15
2018-04-09,DE,diesel,1191.0,530.44
2018-04-16,DE,diesel,1206.0,543.05
2018-04-23,DE,diesel,1215.0,550.61
2018-04-30,DE,diesel,1233.0,565.73
2018-05-07,DE,diesel,1231.0,564.05
2018-05-14,DE,diesel,1260.0,588.42
2018-05-21,DE,diesel,1293.0,616.15
2018-05-28,DE,diesel,1296.0,618.68
2018-06-04,DE,diesel,1294.0,616.99
2018-06-11,DE,diesel,1279.0,604.39
2018-06-18,DE,diesel,1276.0,601.87
2018-06-25,DE,diesel,1265.0,592.63
2018-07-02,DE,diesel,1278.0,603.55
2018-07-09,DE,diesel,1276.0,601.87
2018-07-16,DE,diesel,1272.0,598.51
2018-07-23,DE,diesel,1265.0,592.63
2018-07-30,DE,diesel,1275.0,601.03
2018-08-06,DE,diesel,1274.0,600.19
2018-08-13,DE,diesel,1288.0,611.95
2018-08-20,DE,diesel,1293.0,616.15
2018-08-27,DE,diesel,1301.0,622.88
2018-09-03,DE,diesel,1314.0,633.8
2018-09-10,DE,diesel,1331.0,648.09
2018-09-17,DE,diesel,1332.0,648.93
2018-09-24,DE,diesel,1328.0,645.57
2018-10-01,DE,diesel,1336.0,652.29
2018-10-08,DE,diesel,1370.0,680.86
2018-10-15,DE,diesel,1368.0,679.18
2018-10-22,DE,diesel,1381.0,690.1
2018-10-29,DE,diesel,1420.0,722.88
2018-11-05,DE,diesel,1438.0,738.0
2018-11-12,DE,diesel,1445.0,743.89
2018-11-19,DE,diesel,1427.0,728.76
2018-11-26,DE,diesel,1387.0,695.15
2018-12-03,DE,diesel,1363.0,674.98
2018-12-10,DE,diesel,1334.0,650.61
2018-12-17,DE,diesel,1299.0,621.2
2019-01-07,DE,diesel,1226.0,559.85
2019-01-14,DE,diesel,1236.0,568.26
2019-01-21,DE,diesel,1236.0,568.26
2019-01-28,DE,diesel,1234.0,566.57
2019-02-04,DE,diesel,1232.0,564.89
2019-02-11,DE,diesel,1240.0,571.62
2019-02-18,DE,diesel,1257.0,585.9
2019-02-25,DE,diesel,1262.0,590.1
2019-03-04,DE,diesel,1261.0,589.26
2019-03-11,DE,diesel,1262.0,590.1
2019-03-18,DE,diesel,1260.0,588.42
2019-03-25,DE,diesel,1258.0,586.74
2019-04-01,DE,diesel,1246.0,576.66
2019-04-08,DE,diesel,1253.0,582.54
2019-04-15,DE,diesel,1272.0,598.51
2019-04-29,DE,diesel,1295.0,617.84
2019-05-06,DE,diesel,1298.0,620.36
2019-05-13,DE,diesel,1291.0,614.47
2019-05-20,DE,diesel,1308.0,628.76
2019-05-27,DE,diesel,1295.0,617.84
2019-06-03,DE,diesel,1285.0,609.43
2019-06-10,DE,diesel,1253.0,582.54
2019-06-17,DE,diesel,1248.0,578.34
2019-06-24,DE,diesel,1256.0,585.06
2019-07-01,DE,diesel,1254.0,583.38
2019-07-08,DE,diesel,1241.0,572.46
2019-07-15,DE,diesel,1257.0,585.9
2019-07-22,DE,diesel,1242.0,573.3
2019-07-29,DE,diesel,1247.0,577.5
2019-08-05,DE,diesel,1248.0,578.34
2019-08-12,DE,diesel,1226.0,559.85
2019-08-19,DE,diesel,1237.0,569.1
2019-08-26,DE,diesel,1229.0,562.37
2019-09-02,DE,diesel,1229.0,562.37
2019-09-09,DE,diesel,1234.0,566.57
2019-09-16,DE,diesel,1247.0,577.5
2019-09-23,DE,diesel,1268.0,595.15
2019-09-30,DE,diesel,1266.0,593.47
2019-10-07,DE,diesel,1261.0,589.26
2019-10-14,DE,diesel,1261.0,589.26
2019-10-21,DE,diesel,1254.0,583.38
2019-10-28,DE,diesel,1251.0,580.86
2019-11-04,DE,diesel,1249.0,579.18
2019-11-11,DE,diesel,1249.0,579.18
2019-11-18,DE,diesel,1253.0,582.54
2019-11-25,DE,diesel,1253.0,582.54
2019-12-02,DE,diesel,1254.0,583.38
2019-12-09,DE,diesel,1246.0,576.66
2019-12-16,DE,diesel,1254.0,583.38
2020-01-06,DE,diesel,1328.0,645.57
2020-01-13,DE,diesel,1308.0,628.76
2020-01-20,DE,diesel,1284.0,608.59
2020-01-27,DE,diesel,1267.0,594.31
2020-02-03,DE,diesel,1247.0,577.5
2020-02-10,DE,diesel,1240.0,571.62
2020-02-17,DE,diesel,1240.0,571.62
2020-02-24,DE,diesel,1239.0,570.78
2020-03-02,DE,diesel,1200.0,538.0
2020-03-09,DE,diesel,1189.0,528.76
2020-03-16,DE,diesel,1139.0,486.74
2020-03-23,DE,diesel,1119.0,469.94
2020-03-30,DE,diesel,1111.0,463.21
2020-04-06,DE,diesel,1109.0,461.53
2020-04-20,DE,diesel,1080.0,437.16
2020-04-27,DE,diesel,1045.0,407.75
2020-05-04,DE,diesel,1043.0,406.07
2020-05-11,DE,diesel,1045.0,407.75
2020-05-18,DE,diesel,1047.0,409.43
2020-05-25,DE,diesel,1054.0,415.31
2020-06-01,DE,diesel,1060.0,420.36
2020-06-08,DE,diesel,1075.0,432.96
2020-06-15,DE,diesel,1089.0,444.73
2020-06-22,DE,diesel,1102.0,455.65
2020-06-29,DE,diesel,1100.0,453.97
2020-07-06,DE,diesel,1093.0,471.84
2020-07-13,DE,diesel,1091.0,470.12
2020-07-20,DE,diesel,1085.0,464.94
2020-07-27,DE,diesel,1097.0,475.29
2020-08-03,DE,diesel,1087.0,466.67
2020-08-10,DE,diesel,1085.0,464.94
2020-08-17,DE,diesel,1083.0,463.22
2020-08-24,DE,diesel,1082.0,462.36
2020-08-31,DE,diesel,1077.0,458.05
2020-09-07,DE,diesel,1067.0,449.43
2020-09-14,DE,diesel,1049.0,433.91
2020-09-21,DE,diesel,1050.0,434.77
2020-09-28,DE,diesel,1040.0,426.15
2020-10-05,DE,diesel,1044.0,429.6
2020-10-12,DE,diesel,1051.0,435.63
2020-10-19,DE,diesel,1048.0,433.05
2020-10-26,DE,diesel,1044.0,429.6
2020-11-02,DE,diesel,1029.0,416.67
2020-11-09,DE,diesel,1039.0,425.29
2020-11-16,DE,diesel,1063.0,445.98
2020-11-23,DE,diesel,1071.0,452.88
2020-11-30,DE,diesel,1082.0,462.36
2020-12-07,DE,diesel,1086.0,465.81
2020-12-14,DE,diesel,1097.0,475.29
2020-12-21,DE,diesel,1112.0,488.22
2021-01-11,DE,diesel,1226.0,559.85
2021-01-18,DE,diesel,1236.0,568.26
2021-01-25,DE,diesel,1231.0,564.05
2021-02-01,DE,diesel,1235.0,567.42
2021-02-08,DE,diesel,1254.0,583.38
2021-02-15,DE,diesel,1272.0,598.51
2021-02-22,DE,diesel,1291.0,614.47
2021-03-01,DE,diesel,1304.0,625.4
2021-03-08,DE,diesel,1317.0,636.32
2021-03-15,DE,diesel,1325.0,643.05
2021-03-22,DE,diesel,1311.0,631.28
2021-03-29,DE,diesel,1308.0,628.76
2021-04-12,DE,diesel,1308.0,628.76
2021-04-19,DE,diesel,1310.0,630.44
2021-04-26,DE,diesel,1310.0,630.44
2021-05-03,DE,diesel,1315.0,634.64
2021-05-10,DE,diesel,1337.0,653.13
2021-05-17,DE,diesel,1329.0,646.41
2021-05-24,DE,diesel,1337.0,653.13
2021-05-31,DE,diesel,1343.0,658.17
2021-06-07,DE,diesel,1351.0,664.89
2021-06-14,DE,diesel,1361.0,673.3
2021-06-21,DE,diesel,1368.0,679.18
2021-06-28,DE,diesel,1380.0,689.26
2021-07-05,DE,diesel,1385.0,693.47
2021-07-12,DE,diesel,1392.0,699.35
2021-07-19,DE,diesel,1399.0,705.23
2021-07-26,DE,diesel,1395.0,701.87
2021-08-02,DE,diesel,1400.0,706.07
2021-08-09,DE,diesel,1391.0,698.51
2021-08-16,DE,diesel,1392.0,699.35
2021-08-23,DE,diesel,1374.0,684.22
2021-08-30,DE,diesel,1390.0,697.67
2021-09-06,DE,diesel,1395.0,701.87
2021-09-13,DE,diesel,1401.0,706.91
2021-09-20,DE,diesel,1420.0,722.88
2021-09-27,DE,diesel,1437.0,737.16
2021-10-04,DE,diesel,1474.0,768.26
2021-10-11,DE,diesel,1522.0,808.59
2021-10-18,DE,diesel,1560.0,840.52
2021-10-25,DE,diesel,1569.0,848.09
2021-11-01,DE,diesel,1571.0,849.77
2021-11-08,DE,diesel,1575.0,853.13
2021-11-15,DE,diesel,1573.0,851.45
2021-11-22,DE,diesel,1561.0,841.36
2021-11-29,DE,diesel,1550.0,832.12
2021-12-06,DE,diesel,1523.0,809.43
2021-12-13,DE,diesel,1530.0,815.31
2021-12-20,DE,diesel,1518.0,805.23
2022-01-03,DE,diesel,1573.0,851.45
2022-01-10,DE,diesel,1594.0,869.1
2022-01-17,DE,diesel,1604.0,877.5
2022-01-24,DE,diesel,1616.0,887.58
2022-01-31,DE,diesel,1644.0,911.11
2022-02-07,DE,diesel,1663.0,927.08
2022-02-14,DE,diesel,1666.0,929.6
2022-02-21,DE,diesel,1663.0,927.08
2022-02-28,DE,diesel,1738.0,990.1
2022-03-07,DE,diesel,2032.0,1237.16
2022-03-14,DE,diesel,2312.0,1472.46
2022-03-21,DE,diesel,2173.0,1355.65
2022-03-28,DE,diesel,2179.0,1360.69
2022-04-04,DE,diesel,2058.0,1259.01
2022-04-11,DE,diesel,1999.0,1209.43
2022-04-25,DE,diesel,2039.0,1243.05
2022-05-02,DE,diesel,2075.0,1273.3
2022-05-09,DE,diesel,2075.0,1273.3
2022-05-16,DE,diesel,2039.0,1243.05
2022-05-23,DE,diesel,2010.0,1218.68
2022-05-30,DE,diesel,2037.0,1241.36
2022-06-06,DE,diesel,1980.0,1333.87
2022-06-13,DE,diesel,2041.0,1385.13
2022-06-20,DE,diesel,2061.0,1401.93
2022-06-27,DE,diesel,2048.0,1391.01
2022-07-04,DE,diesel,2000.0,1350.67
2022-07-11,DE,diesel,1965.0,1321.26
2022-07-18,DE,diesel,1977.0,1331.34
2022-07-25,DE,diesel,1939.0,1299.41
2022-08-01,DE,diesel,1943.0,1302.77
2022-08-08,DE,diesel,1906.0,1271.68
2022-08-15,DE,diesel,1924.0,1286.81
2022-08-22,DE,diesel,1975.0,1329.66
2022-08-29,DE,diesel,2077.0,1415.38
2022-09-05,DE,diesel,2159.0,1343.89
2022-09-12,DE,diesel,2135.0,1323.72
2022-09-19,DE,diesel,2034.0,1238.84
2022-09-26,DE,diesel,2013.0,1221.2
2022-10-03,DE,diesel,2016.0,1223.72
2022-10-10,DE,diesel,2141.0,1328.76
2022-10-17,DE,diesel,2156.0,1341.36
2022-10-24,DE,diesel,2138.0,1326.24
2022-10-31,DE,diesel,2131.0,1320.36
2022-11-07,DE,diesel,2087.0,1283.38
2022-11-14,DE,diesel,1986.0,1198.51
2022-11-21,DE,diesel,1911.0,1135.48
2022-11-28,DE,diesel,1874.0,1104.39
2022-12-05,DE,diesel,1854.0,1087.58
2022-12-12,DE,diesel,1775.0,1021.2
2022-12-19,DE,diesel,1821.0,1059.85
2022-12-26,DE,diesel,1818.0,1057.33
2023-01-02,DE,diesel,1850.0,1009.52
2023-01-09,DE,diesel,1823.0,986.83
2023-01-16,DE,diesel,1837.0,1073.3
2023-01-23,DE,diesel,1853.0,1012.04
2023-01-30,DE,diesel,1851.0,1010.36
2023-02-06,DE,diesel,1778.0,949.02
2023-02-13,DE,diesel,1780.0,950.7
2023-02-20,DE,diesel,1753.0,928.01
2023-02-27,DE,diesel,1738.0,915.4
2023-03-06,DE,diesel,1764.0,937.25
2023-03-13,DE,diesel,1732.0,910.36
2023-03-20,DE,diesel,1704.0,886.83
2023-03-27,DE,diesel,1693.0,877.59
2023-04-03,DE,diesel,1680.0,866.66
2023-04-10,DE,diesel,1708.0,890.19
2023-04-17,DE,diesel,1687.0,872.55
2023-04-24,DE,diesel,1638.0,831.37
2023-05-01,DE,diesel,1621.0,817.08
2023-05-08,DE,diesel,1591.0,791.87
2023-05-15,DE,diesel,1580.0,782.63
2023-05-22,DE,diesel,1590.0,791.03
2023-05-29,DE,diesel,1590.0,791.03
2023-06-05,DE,diesel,1575.0,778.43
2023-06-12,DE,diesel,1588.0,789.35
2023-06-19,DE,diesel,1606.0,804.48
2023-06-26,DE,diesel,1610.0,807.84
2023-07-03,DE,diesel,1607.0,805.32
2023-07-10,DE,diesel,1630.0,824.65
2023-07-17,DE,diesel,1636.0,829.69
2023-07-24,DE,diesel,1662.0,851.54
2023-07-31,DE,diesel,1717.0,897.76
2023-08-07,DE,diesel,1756.0,930.53
2023-08-14,DE,diesel,1775.0,946.5
2023-08-21,DE,diesel,1762.0,935.57
2023-08-28,DE,diesel,1784.0,954.06
2023-09-04,DE,diesel,1782.0,952.38
2023-09-11,DE,diesel,1828.0,991.03
2023-09-18,DE,diesel,1853.0,1012.04
2023-09-25,DE,diesel,1856.0,1014.56
2023-10-02,DE,diesel,1858.0,1016.24
2023-10-09,DE,diesel,1813.0,978.43
2023-10-16,DE,diesel,1829.0,991.87
2023-10-23,DE,diesel,1827.0,990.19
2023-10-30,DE,diesel,1789.0,958.26
2023-11-06,DE,diesel,1808.0,974.23
2023-11-13,DE,diesel,1757.0,931.37
2023-11-20,DE,diesel,1741.0,917.93
2023-11-27,DE,diesel,1744.0,920.45
2023-12-04,DE,diesel,1729.0,907.84
2023-12-11,DE,diesel,1706.0,888.51
2023-12-18,DE,diesel,1676.0,863.3
2023-12-25,DE,diesel,1697.0,880.95
2024-01-01,DE,diesel,1700.0,846.18
2024-01-08,DE,diesel,1713.0,857.11
2024-01-15,DE,diesel,1714.0,857.95
2024-01-22,DE,diesel,1707.0,852.06
2024-01-29,DE,diesel,1725.0,867.19
2024-02-05,DE,diesel,1719.0,862.15
2024-02-12,DE,diesel,1769.0,904.16
2024-02-19,DE,diesel,1765.0,900.8
2024-02-26,DE,diesel,1751.0,889.04
2024-03-04,DE,diesel,1742.0,881.48
2024-03-11,DE,diesel,1727.0,868.87
2024-03-18,DE,diesel,1730.0,871.39
2024-03-25,DE,diesel,1730.0,871.39
2024-04-01,DE,diesel,1735.0,875.59
2024-04-08,DE,diesel,1763.0,899.12
2024-04-15,DE,diesel,1754.0,891.56
2024-04-22,DE,diesel,1718.0,861.31
2024-04-29,DE,diesel,1693.0,840.3
2024-05-06,DE,diesel,1667.0,818.45
2024-05-13,DE,diesel,1663.0,815.09
2024-05-20,DE,diesel,1658.0,810.89
2024-05-27,DE,diesel,1640.0,795.76
2024-06-03,DE,diesel,1635.0,791.56
2024-06-10,DE,diesel,1625.0,783.16
2024-06-17,DE,diesel,1651.0,805.0
2024-06-24,DE,diesel,1665.0,816.77
2024-07-01,DE,diesel,1672.0,822.65
2024-07-08,DE,diesel,1669.0,820.13
2024-07-15,DE,diesel,1648.0,802.48
2024-07-22,DE,diesel,1630.0,787.36
2024-07-29,DE,diesel,1624.0,782.32
2024-08-05,DE,diesel,1615.0,774.75
2024-08-12,DE,diesel,1603.0,764.67
2024-08-19,DE,diesel,1592.0,755.43
2024-08-26,DE,diesel,1570.0,736.94
2024-09-02,DE,diesel,1561.0,729.37
2024-09-09,DE,diesel,1550.0,720.13
2024-09-16,DE,diesel,1536.0,708.37
2024-09-23,DE,diesel,1529.0,702.48
2024-09-30,DE,diesel,1530.0,703.32
2024-10-07,DE,diesel,1571.0,737.78
2024-10-14,DE,diesel,1582.0,747.02
2024-10-21,DE,diesel,1559.0,727.69
2024-10-28,DE,diesel,1568.0,735.26
2024-11-04,DE,diesel,1567.0,734.42
2024-11-11,DE,diesel,1575.0,741.14
2024-11-18,DE,diesel,1583.0,747.86
2024-11-25,DE,diesel,1601.0,762.99
2024-12-02,DE,diesel,1589.0,752.9
2024-12-09,DE,diesel,1577.0,742.82
2024-12-16,DE,diesel,1607.0,768.03
2024-12-23,DE,diesel,1607.0,768.03
2024-12-30,DE,diesel,1617.0,776.43
2005-01-03,DE,gasoline,1092.3,287.1
2005-01-10,DE,gasoline,1085.0,280.8
2005-01-17,DE,gasoline,1111.3,303.5
2005-01-24,DE,gasoline,1094.3,288.8
2005-01-31,DE,gasoline,1113.3,305.2
2005-02-07,DE,gasoline,1126.8,316.8
2005-02-14,DE,gasoline,1110.3,302.6
2005-02-21,DE,gasoline,1112.3,304.3
2005-02-28,DE,gasoline,1129.0,318.8
2005-03-07,DE,gasoline,1126.0,316.2
2005-03-14,DE,gasoline,1151.8,338.4
2005-03-21,DE,gasoline,1142.5,330.4
2005-04-04,DE,gasoline,1176.0,359.3
2005-04-11,DE,gasoline,1207.0,386.0
2005-04-18,DE,gasoline,1192.3,373.3
2005-04-25,DE,gasoline,1185.3,367.3
2005-05-02,DE,gasoline,1205.3,384.5
2005-05-09,DE,gasoline,1194.8,375.5
2005-05-16,DE,gasoline,1199.0,379.1
2005-05-23,DE,gasoline,1187.5,369.2
2005-05-30,DE,gasoline,1165.3,350.0
2005-06-06,DE,gasoline,1200.8,380.6
2005-06-13,DE,gasoline,1221.8,398.7
2005-06-20,DE,gasoline,1232.8,408.2
2005-06-27,DE,gasoline,1232.8,408.2
2005-07-04,DE,gasoline,1250.8,423.7
2005-07-11,DE,gasoline,1254.3,426.8
2005-07-18,DE,gasoline,1260.8,432.4
2005-07-25,DE,gasoline,1264.75,435.8
2005-08-01,DE,gasoline,1274.25,443.99
2005-08-08,DE,gasoline,1285.3,453.5
2005-08-15,DE,gasoline,1301.7,467.65
2005-08-22,DE,gasoline,1305.5,470.9
2005-08-29,DE,gasoline,1294.8,461.7
2005-09-05,DE,gasoline,1414.0,564.47
2005-09-12,DE,gasoline,1364.0,521.36
2005-09-19,DE,gasoline,1347.8,507.4
2005-09-26,DE,gasoline,1340.5,501.1
2005-10-03,DE,gasoline,1355.5,514.0
2005-10-10,DE,gasoline,1348.0,507.6
2005-10-17,DE,gasoline,1316.8,480.6
2005-10-24,DE,gasoline,1300.5,466.6
2005-11-07,DE,gasoline,1250.5,423.5
2005-11-14,DE,gasoline,1242.3,416.4
2005-11-21,DE,gasoline,1205.25,384.51
2005-11-28,DE,gasoline,1228.75,404.77
2005-12-05,DE,gasoline,1212.25,390.54
2005-12-12,DE,gasoline,1211.0,389.47
2005-12-19,DE,gasoline,1237.5,412.31
2006-01-09,DE,gasoline,1264.5,435.59
2006-01-16,DE,gasoline,1262.25,433.65
2006-01-23,DE,gasoline,1256.5,428.69
2006-01-30,DE,gasoline,1264.5,435.6
2006-02-06,DE,gasoline,1292.0,459.29
2006-02-13,DE,gasoline,1261.75,433.22
2006-02-20,DE,gasoline,1250.0,423.09
2006-02-27,DE,gasoline,1241.5,415.76
2006-03-06,DE,gasoline,1235.0,410.16
2006-03-13,DE,gasoline,1238.25,412.96
2006-03-20,DE,gasoline,1273.0,442.91
2006-03-27,DE,gasoline,1265.75,436.66
2006-04-03,DE,gasoline,1304.5,470.07
2006-04-10,DE,gasoline,1301.25,467.27
2006-04-24,DE,gasoline,1354.75,513.39
2006-05-01,DE,gasoline,1374.75,530.63
2006-05-08,DE,gasoline,1357.5,515.76
2006-05-15,DE,gasoline,1338.75,499.59
2006-05-22,DE,gasoline,1343.0,503.26
2006-05-29,DE,gasoline,1305.0,470.5
2006-06-05,DE,gasoline,1336.25,497.44
2006-06-12,DE,gasoline,1353.0,511.85
2006-06-19,DE,gasoline,1330.0,492.05
2006-06-26,DE,gasoline,1338.8,499.6
2006-07-03,DE,gasoline,1362.0,519.6
2006-07-10,DE,gasoline,1361.0,518.8
2006-07-17,DE,gasoline,1375.3,531.1
2006-07-24,DE,gasoline,1403.8,555.6
2006-07-31,DE,gasoline,1395.0,548.1
2006-08-07,DE,gasoline,1386.0,540.33
2006-08-14,DE,gasoline,1382.0,536.9
2006-08-21,DE,gasoline,1339.3,500.0
2006-08-28,DE,gasoline,1320.25,483.65
2006-09-04,DE,gasoline,1304.75,470.28
2006-09-11,DE,gasoline,1256.25,428.47
2006-09-18,DE,gasoline,1251.3,424.2
2006-09-25,DE,gasoline,1210.8,389.3
2006-10-02,DE,gasoline,1216.0,393.78
2006-10-09,DE,gasoline,1210.5,389.03
2006-10-16,DE,gasoline,1216.0,393.78
2006-10-23,DE,gasoline,1199.25,379.34
2006-10-30,DE,gasoline,1186.25,368.13
2006-11-06,DE,gasoline,1172.75,356.49
2006-11-13,DE,gasoline,1197.25,377.61
2006-11-20,DE,gasoline,1203.25,382.78
2006-11-27,DE,gasoline,1178.8,361.7
2006-12-04,DE,gasoline,1202.25,381.92
2006-12-11,DE,gasoline,1207.25,386.23
2006-12-18,DE,gasoline,1203.99,383.43
2007-01-08,DE,gasoline,1254.5,399.7
2007-01-15,DE,gasoline,1204.5,357.68
2007-01-22,DE,gasoline,1205.25,358.32
2007-01-29,DE,gasoline,1213.5,365.25
2007-02-05,DE,gasoline,1226.75,376.38
2007-02-12,DE,gasoline,1235.5,383.74
2007-02-19,DE,gasoline,1237.75,385.63
2007-02-26,DE,gasoline,1237.0,385.0
2007-03-05,DE,gasoline,1298.5,436.68
2007-03-12,DE,gasoline,1283.75,424.28
2007-03-19,DE,gasoline,1280.75,421.76
2007-03-26,DE,gasoline,1279.25,420.5
2007-04-02,DE,gasoline,1316.5,451.8
2007-04-16,DE,gasoline,1309.25,445.71
2007-04-23,DE,gasoline,1340.75,472.28
2007-04-30,DE,gasoline,1372.0,498.4
2007-05-07,DE,gasoline,1366.75,494.03
2007-05-14,DE,gasoline,1380.8,505.8
2007-05-21,DE,gasoline,1394.0,516.93
2007-05-28,DE,gasoline,1405.75,526.8
2007-06-04,DE,gasoline,1409.5,530.0
2007-06-11,DE,gasoline,1377.5,503.1
2007-06-18,DE,gasoline,1390.8,514.2
2007-06-25,DE,gasoline,1395.25,517.98
2007-07-02,DE,gasoline,1349.0,479.11
2007-07-09,DE,gasoline,1359.25,487.73
2007-07-16,DE,gasoline,1392.25,515.46
2007-07-23,DE,gasoline,1364.25,491.93
2007-07-30,DE,gasoline,1340.5,471.97
2007-08-06,DE,gasoline,1344.0,474.91
2007-08-13,DE,gasoline,1337.5,469.4
2007-08-20,DE,gasoline,1330.25,463.36
2007-08-27,DE,gasoline,1324.5,458.53
2007-09-03,DE,gasoline,1326.5,460.21
2007-09-10,DE,gasoline,1357.5,486.26
2007-09-17,DE,gasoline,1361.25,489.41
2007-09-24,DE,gasoline,1371.3,497.8
2007-10-01,DE,gasoline,1367.75,494.87
2007-10-08,DE,gasoline,1340.0,471.55
2007-10-15,DE,gasoline,1332.75,465.46
2007-10-22,DE,gasoline,1369.25,496.13
2007-10-29,DE,gasoline,1362.0,490.04
2007-11-05,DE,gasoline,1378.5,503.9
2007-11-12,DE,gasoline,1448.0,562.31
2007-11-19,DE,gasoline,1422.5,540.88
2007-11-26,DE,gasoline,1409.0,529.53
2007-12-03,DE,gasoline,1359.75,488.15
2007-12-10,DE,gasoline,1317.0,452.22
2007-12-17,DE,gasoline,1356.5,485.42
2008-01-07,DE,gasoline,1403.75,525.12
2008-01-14,DE,gasoline,1384.25,508.74
2008-01-21,DE,gasoline,1349.5,479.53
2008-01-28,DE,gasoline,1340.5,471.97
2008-02-04,DE,gasoline,1370.5,497.18
2008-02-11,DE,gasoline,1333.25,465.88
2008-02-18,DE,gasoline,1387.25,511.26
2008-02-25,DE,gasoline,1404.25,525.54
2008-03-03,DE,gasoline,1411.5,531.63
2008-03-10,DE,gasoline,1418.0,537.1
2008-03-17,DE,gasoline,1431.5,548.44
2008-03-31,DE,gasoline,1389.5,513.15
2008-04-07,DE,gasoline,1383.0,507.68
2008-04-14,DE,gasoline,1410.75,531.0
2008-04-21,DE,gasoline,1423.5,541.72
2008-04-28,DE,gasoline,1441.5,556.84
2008-05-05,DE,gasoline,1441.5,556.84
2008-05-12,DE,gasoline,1442.0,557.26
2008-05-19,DE,gasoline,1490.25,597.81
2008-05-26,DE,gasoline,1487.0,595.1
2008-06-02,DE,gasoline,1497.0,603.5
2008-06-09,DE,gasoline,1505.25,610.42
2008-06-16,DE,gasoline,1515.5,619.03
2008-06-23,DE,gasoline,1511.0,615.25
2008-06-30,DE,gasoline,1544.5,643.4
2008-07-07,DE,gasoline,1560.25,656.63
2008-07-14,DE,gasoline,1539.25,638.99
2008-07-21,DE,gasoline,1482.0,590.88
2008-07-28,DE,gasoline,1444.5,559.37
2008-08-04,DE,gasoline,1447.0,561.5
2008-08-11,DE,gasoline,1467.0,578.3
2008-08-18,DE,gasoline,1435.25,551.59
2008-08-25,DE,gasoline,1485.5,593.82
2008-09-01,DE,gasoline,1469.75,580.58
2008-09-08,DE,gasoline,1454.75,567.98
2008-09-15,DE,gasoline,1436.75,552.85
2008-09-22,DE,gasoline,1421.0,539.62
2008-09-29,DE,gasoline,1418.5,537.52
2008-10-06,DE,gasoline,1415.75,535.21
2008-10-13,DE,gasoline,1352.0,481.63
2008-10-20,DE,gasoline,1267.0,410.21
2008-10-27,DE,gasoline,1282.0,422.81
2008-11-03,DE,gasoline,1254.5,399.7
2008-11-10,DE,gasoline,1215.0,366.51
2008-11-17,DE,gasoline,1181.0,337.94
2008-11-24,DE,gasoline,1162.0,321.97
2008-12-01,DE,gasoline,1135.0,299.28
2008-12-08,DE,gasoline,1141.0,304.32
2008-12-15,DE,gasoline,1091.0,262.31
2009-01-05,DE,gasoline,1077.0,250.54
2009-01-12,DE,gasoline,1153.5,314.83
2009-01-19,DE,gasoline,1167.0,326.17
2009-01-26,DE,gasoline,1157.0,317.77
2009-02-02,DE,gasoline,1162.0,321.97
2009-02-09,DE,gasoline,1177.0,334.58
2009-02-16,DE,gasoline,1184.5,340.88
2009-02-23,DE,gasoline,1152.0,313.57
2009-03-02,DE,gasoline,1157.0,317.77
2009-03-09,DE,gasoline,1167.0,326.17
2009-03-16,DE,gasoline,1167.0,326.17
2009-03-23,DE,gasoline,1167.25,326.38
2009-03-30,DE,gasoline,1207.0,359.79
2009-04-06,DE,gasoline,1229.75,378.9
2009-04-20,DE,gasoline,1219.5,370.29
2009-04-27,DE,gasoline,1235.5,383.74
2009-05-04,DE,gasoline,1207.75,360.42
2009-05-11,DE,gasoline,1271.0,413.57
2009-05-18,DE,gasoline,1275.5,417.35
2009-05-25,DE,gasoline,1295.25,433.95
2009-06-01,DE,gasoline,1310.25,446.55
2009-06-08,DE,gasoline,1321.0,455.58
2009-06-15,DE,gasoline,1352.0,481.63
2009-06-22,DE,gasoline,1359.0,487.52
2009-06-29,DE,gasoline,1321.5,456.0
2009-07-06,DE,gasoline,1304.5,441.72
2009-07-13,DE,gasoline,1265.25,408.74
2009-07-20,DE,gasoline,1265.0,408.53
2009-07-27,DE,gasoline,1288.75,428.48
2009-08-03,DE,gasoline,1337.0,469.03
2009-08-10,DE,gasoline,1319.0,453.9
2009-08-17,DE,gasoline,1351.0,480.79
2009-08-24,DE,gasoline,1332.5,465.25
2009-08-31,DE,gasoline,1308.0,444.66
2009-09-07,DE,gasoline,1322.0,456.42
2009-09-14,DE,gasoline,1307.0,443.82
2009-09-21,DE,gasoline,1288.25,428.06
2009-09-28,DE,gasoline,1269.5,412.31
2009-10-05,DE,gasoline,1312.0,448.02
2009-10-12,DE,gasoline,1265.0,408.53
2009-10-19,DE,gasoline,1302.0,439.62
2009-10-26,DE,gasoline,1307.0,443.82
2009-11-02,DE,gasoline,1337.0,469.03
2009-11-09,DE,gasoline,1320.0,454.74
2009-11-16,DE,gasoline,1310.0,446.34
2009-11-23,DE,gasoline,1317.0,452.22
2009-11-30,DE,gasoline,1297.0,435.42
2009-12-07,DE,gasoline,1314.0,449.7
2009-12-14,DE,gasoline,1280.0,421.13
2009-12-21,DE,gasoline,1289.0,428.69
2010-01-04,DE,gasoline,1314.0,449.7
2010-01-11,DE,gasoline,1397.0,519.45
2010-01-18,DE,gasoline,1346.0,476.59
2010-01-25,DE,gasoline,1339.0,470.71
2010-02-01,DE,gasoline,1331.0,463.99
2010-02-08,DE,gasoline,1327.0,460.63
2010-02-15,DE,gasoline,1299.0,437.1
2010-02-22,DE,gasoline,1311.25,447.39
2010-03-01,DE,gasoline,1338.0,469.87
2010-03-08,DE,gasoline,1363.0,490.88
2010-03-15,DE,gasoline,1431.0,548.02
2010-03-22,DE,gasoline,1388.0,511.89
2010-03-29,DE,gasoline,1450.25,564.2
2010-04-12,DE,gasoline,1420.0,538.78
2010-04-19,DE,gasoline,1430.0,547.18
2010-04-26,DE,gasoline,1437.0,553.06
2010-05-03,DE,gasoline,1456.0,569.03
2010-05-10,DE,gasoline,1427.0,544.66
2010-05-17,DE,gasoline,1417.0,536.26
2010-05-24,DE,gasoline,1373.0,499.28
2010-05-31,DE,gasoline,1420.0,538.78
2010-06-07,DE,gasoline,1425.0,542.98
2010-06-14,DE,gasoline,1431.0,548.02
2010-06-21,DE,gasoline,1425.0,542.98
2010-06-28,DE,gasoline,1432.0,548.86
2010-07-05,DE,gasoline,1383.0,507.68
2010-07-12,DE,gasoline,1386.0,510.21
2010-07-19,DE,gasoline,1382.0,506.84
2010-07-26,DE,gasoline,1397.0,519.45
2010-08-02,DE,gasoline,1384.0,508.53
2010-08-09,DE,gasoline,1399.0,521.13
2010-08-16,DE,gasoline,1364.0,491.72
2010-08-23,DE,gasoline,1395.0,517.77
2010-08-30,DE,gasoline,1372.0,498.44
2010-09-06,DE,gasoline,1374.0,500.12
2010-09-13,DE,gasoline,1389.0,512.73
2010-09-20,DE,gasoline,1371.0,497.6
2010-09-27,DE,gasoline,1333.0,465.67
2010-10-04,DE,gasoline,1358.0,486.68
2010-10-11,DE,gasoline,1379.0,504.32
2010-10-18,DE,gasoline,1378.0,503.48
2010-10-25,DE,gasoline,1409.0,529.53
2010-11-08,DE,gasoline,1403.0,524.49
2010-11-15,DE,gasoline,1399.0,521.13
2010-11-22,DE,gasoline,1389.0,512.73
2010-11-29,DE,gasoline,1416.0,535.42
2010-12-06,DE,gasoline,1447.0,561.47
2010-12-13,DE,gasoline,1457.0,569.87
2010-12-20,DE,gasoline,1470.0,580.79
2011-01-03,DE,gasoline,1469.0,579.95
2011-01-10,DE,gasoline,1477.0,586.68
2011-01-17,DE,gasoline,1490.0,597.6
2011-01-24,DE,gasoline,1468.0,579.11
2011-01-31,DE,gasoline,1444.0,558.95
2011-02-07,DE,gasoline,1442.0,557.26
2011-02-14,DE,gasoline,1466.0,577.43
2011-02-21,DE,gasoline,1454.0,567.35
2011-02-28,DE,gasoline,1494.0,600.96
2011-03-07,DE,gasoline,1511.0,615.25
2011-03-14,DE,gasoline,1627.0,712.73
2011-03-21,DE,gasoline,1593.0,684.16
2011-03-28,DE,gasoline,1616.0,703.48
2011-04-04,DE,gasoline,1642.0,725.33
2011-04-11,DE,gasoline,1666.0,745.5
2011-04-18,DE,gasoline,1669.0,748.02
2011-05-02,DE,gasoline,1628.0,713.57
2011-05-09,DE,gasoline,1549.0,647.18
2011-05-16,DE,gasoline,1547.0,645.5
2011-05-23,DE,gasoline,1570.0,664.83
2011-05-30,DE,gasoline,1517.0,620.29
2011-06-06,DE,gasoline,1535.0,635.42
2011-06-13,DE,gasoline,1524.0,626.17
2011-06-20,DE,gasoline,1540.0,639.62
2011-06-27,DE,gasoline,1479.0,588.36
2011-07-04,DE,gasoline,1480.0,589.2
2011-07-11,DE,gasoline,1508.0,612.73
2011-07-18,DE,gasoline,1535.0,635.42
2011-07-25,DE,gasoline,1534.0,634.58
2011-08-01,DE,gasoline,1547.0,645.5
2011-08-08,DE,gasoline,1486.0,594.24
2011-08-22,DE,gasoline,1486.0,594.24
2011-08-29,DE,gasoline,1498.0,604.32
2011-09-05,DE,gasoline,1512.0,616.09
2011-09-12,DE,gasoline,1555.0,652.22
2011-09-19,DE,gasoline,1555.0,652.22
2011-09-26,DE,gasoline,1510.0,614.41
2011-10-03,DE,gasoline,1513.0,616.93
2011-10-10,DE,gasoline,1533.0,633.74
2011-10-17,DE,gasoline,1552.0,649.7
2011-10-24,DE,gasoline,1530.0,631.21
2011-10-31,DE,gasoline,1531.0,632.05
2011-11-07,DE,gasoline,1524.0,626.17
2011-11-14,DE,gasoline,1497.0,603.48
2011-11-21,DE,gasoline,1511.0,615.25
2011-11-28,DE,gasoline,1488.0,595.92
2011-12-05,DE,gasoline,1509.0,613.57
2011-12-12,DE,gasoline,1502.0,607.68
2011-12-19,DE,gasoline,1507.0,611.89
2012-01-09,DE,gasoline,1601.0,690.88
2012-01-16,DE,gasoline,1579.0,672.39
2012-01-23,DE,gasoline,1590.0,681.63
2012-01-30,DE,gasoline,1589.0,680.79
2012-02-06,DE,gasoline,1582.0,674.91
2012-02-13,DE,gasoline,1622.0,708.53
2012-02-20,DE,gasoline,1669.0,748.02
2012-02-27,DE,gasoline,1660.0,740.46
2012-03-05,DE,gasoline,1684.0,760.63
2012-03-12,DE,gasoline,1680.0,757.26
2012-03-19,DE,gasoline,1689.0,764.83
2012-03-26,DE,gasoline,1689.0,764.83
2012-04-02,DE,gasoline,1703.0,776.59
2012-04-16,DE,gasoline,1733.0,801.8
2012-04-23,DE,gasoline,1712.0,784.16
2012-04-30,DE,gasoline,1673.0,751.38
2012-05-07,DE,gasoline,1668.0,747.18
2012-05-14,DE,gasoline,1627.0,712.73
2012-05-21,DE,gasoline,1631.0,716.09
2012-05-28,DE,gasoline,1653.0,734.58
2012-06-04,DE,gasoline,1629.0,714.41
2012-06-11,DE,gasoline,1597.0,687.52
2012-06-18,DE,gasoline,1600.0,690.04
2012-06-25,DE,gasoline,1557.0,653.9
2012-07-02,DE,gasoline,1583.0,675.75
2012-07-09,DE,gasoline,1649.0,731.21
2012-07-16,DE,gasoline,1636.0,720.29
2012-07-23,DE,gasoline,1660.0,740.46
2012-07-30,DE,gasoline,1617.0,704.32
2012-08-06,DE,gasoline,1670.0,748.86
2012-08-13,DE,gasoline,1703.0,776.59
2012-08-20,DE,gasoline,1773.0,835.42
2012-08-27,DE,gasoline,1750.0,816.09
2012-09-03,DE,gasoline,1748.0,814.41
2012-09-10,DE,gasoline,1769.0,832.05
2012-09-17,DE,gasoline,1704.0,777.43
2012-09-24,DE,gasoline,1717.0,788.36
2012-10-01,DE,gasoline,1673.0,751.38
2012-10-08,DE,gasoline,1704.0,777.43
2012-10-15,DE,gasoline,1653.0,734.58
2012-10-22,DE,gasoline,1637.0,721.13
2012-10-29,DE,gasoline,1612.0,700.12
2012-11-05,DE,gasoline,1602.0,691.72
2012-11-12,DE,gasoline,1609.0,697.6
2012-11-19,DE,gasoline,1626.0,711.89
2012-11-26,DE,gasoline,1644.0,727.01
2012-12-03,DE,gasoline,1615.0,702.64
2012-12-10,DE,gasoline,1582.0,674.91
2012-12-17,DE,gasoline,1559.0,655.58
2013-01-07,DE,gasoline,1598.0,688.36
2013-01-14,DE,gasoline,1608.0,696.76
2013-01-21,DE,gasoline,1593.0,684.16
2013-01-28,DE,gasoline,1605.0,694.24
2013-02-04,DE,gasoline,1625.0,711.05
2013-02-11,DE,gasoline,1643.0,726.17
2013-02-18,DE,gasoline,1658.0,738.78
2013-02-25,DE,gasoline,1618.0,705.16
2013-03-04,DE,gasoline,1593.0,684.16
2013-03-11,DE,gasoline,1574.0,668.19
2013-03-18,DE,gasoline,1576.0,669.87
2013-03-25,DE,gasoline,1634.0,718.61
2013-04-01,DE,gasoline,1672.0,750.54
2013-04-08,DE,gasoline,1630.0,715.25
2013-04-15,DE,gasoline,1610.0,698.44
2013-04-22,DE,gasoline,1602.0,691.72
2013-04-29,DE,gasoline,1593.0,684.16
2013-05-06,DE,gasoline,1600.0,690.04
2013-05-13,DE,gasoline,1597.0,687.52
2013-05-20,DE,gasoline,1629.0,714.41
2013-05-27,DE,gasoline,1629.0,714.41
2013-06-03,DE,gasoline,1609.0,697.6
2013-06-10,DE,gasoline,1602.0,691.72
2013-06-17,DE,gasoline,1588.0,679.95
2013-06-24,DE,gasoline,1603.0,692.56
2013-07-01,DE,gasoline,1595.0,685.84
2013-07-08,DE,gasoline,1610.0,698.44
2013-07-15,DE,gasoline,1636.0,720.29
2013-07-22,DE,gasoline,1649.0,731.21
2013-07-29,DE,gasoline,1618.0,705.16
2013-08-05,DE,gasoline,1628.0,713.57
2013-08-12,DE,gasoline,1604.0,693.4
2013-08-19,DE,gasoline,1630.0,715.25
2013-08-26,DE,gasoline,1628.0,713.57
2013-09-02,DE,gasoline,1647.0,729.53
2013-09-09,DE,gasoline,1634.0,718.61
2013-09-16,DE,gasoline,1608.0,696.76
2013-09-23,DE,gasoline,1588.0,679.95
2013-09-30,DE,gasoline,1587.0,679.11
2013-10-07,DE,gasoline,1569.0,663.99
2013-10-14,DE,gasoline,1569.0,663.99
2013-10-21,DE,gasoline,1567.0,662.31
2013-10-28,DE,gasoline,1548.0,646.34
2013-11-04,DE,gasoline,1559.0,655.58
2013-11-11,DE,gasoline,1536.0,636.26
2013-11-18,DE,gasoline,1564.0,659.79
2013-11-25,DE,gasoline,1578.0,671.55
2013-12-02,DE,gasoline,1574.0,668.19
2013-12-09,DE,gasoline,1565.0,660.63
2013-12-16,DE,gasoline,1546.0,644.66
2014-01-06,DE,gasoline,1539.0,638.78
2014-01-13,DE,gasoline,1526.0,627.85
2014-01-20,DE,gasoline,1524.0,626.17
2014-01-27,DE,gasoline,1529.0,630.37
2014-02-03,DE,gasoline,1531.0,632.05
2014-02-10,DE,gasoline,1532.0,632.89
2014-02-17,DE,gasoline,1546.0,644.66
2014-02-24,DE,gasoline,1545.0,643.82
2014-03-03,DE,gasoline,1543.0,642.14
2014-03-10,DE,gasoline,1525.0,627.01
2014-03-17,DE,gasoline,1519.0,621.97
2014-03-24,DE,gasoline,1521.0,623.65
2014-03-31,DE,gasoline,1554.0,651.38
2014-04-07,DE,gasoline,1559.0,655.58
2014-04-14,DE,gasoline,1572.0,666.51
2014-04-28,DE,gasoline,1602.0,691.72
2014-05-05,DE,gasoline,1563.0,658.95
2014-05-12,DE,gasoline,1577.0,670.71
2014-05-19,DE,gasoline,1558.0,654.74
2014-05-26,DE,gasoline,1558.0,654.74
2014-06-02,DE,gasoline,1559.0,655.58
2014-06-09,DE,gasoline,1584.0,676.59
2014-06-16,DE,gasoline,1598.0,688.36
2014-06-23,DE,gasoline,1606.0,695.08
2014-06-30,DE,gasoline,1599.0,689.2
2014-07-07,DE,gasoline,1608.0,696.76
2014-07-14,DE,gasoline,1603.0,692.56
2014-07-21,DE,gasoline,1589.0,680.79
2014-07-28,DE,gasoline,1593.0,684.16
2014-08-04,DE,gasoline,1584.0,676.59
2014-08-11,DE,gasoline,1578.0,671.55
2014-08-18,DE,gasoline,1565.0,660.63
2014-08-25,DE,gasoline,1557.0,653.9
2014-09-01,DE,gasoline,1580.0,673.23
2014-09-08,DE,gasoline,1580.0,673.23
2014-09-15,DE,gasoline,1571.0,665.67
2014-09-22,DE,gasoline,1565.0,660.63
2014-09-29,DE,gasoline,1566.0,661.47
2014-10-06,DE,gasoline,1562.0,658.11
2014-10-13,DE,gasoline,1546.0,644.66
2014-10-20,DE,gasoline,1467.0,578.27
2014-10-27,DE,gasoline,1494.0,600.96
2014-11-03,DE,gasoline,1495.0,601.8
2014-11-10,DE,gasoline,1493.0,600.12
2014-11-17,DE,gasoline,1478.0,587.52
2014-11-24,DE,gasoline,1471.0,581.63
2014-12-01,DE,gasoline,1444.0,558.95
2014-12-08,DE,gasoline,1398.0,520.29
2014-12-15,DE,gasoline,1359.0,487.52
2015-01-05,DE,gasoline,1328.0,461.47
2015-01-12,DE,gasoline,1296.0,434.58
2015-01-19,DE,gasoline,1279.0,420.29
2015-01-26,DE,gasoline,1290.0,429.53
2015-02-02,DE,gasoline,1298.0,436.26
2015-02-09,DE,gasoline,1343.0,474.07
2015-02-16,DE,gasoline,1361.0,489.2
2015-02-23,DE,gasoline,1366.0,493.4
2015-03-02,DE,gasoline,1387.0,511.05
2015-03-09,DE,gasoline,1405.0,526.17
2015-03-16,DE,gasoline,1417.0,536.26
2015-03-23,DE,gasoline,1409.0,529.53
2015-03-30,DE,gasoline,1426.0,543.82
2015-04-13,DE,gasoline,1437.0,553.06
2015-04-20,DE,gasoline,1466.0,577.43
2015-04-27,DE,gasoline,1480.0,589.2
2015-05-04,DE,gasoline,1489.0,596.76
2015-05-11,DE,gasoline,1487.0,595.08
2015-05-18,DE,gasoline,1487.0,595.08
2015-05-25,DE,gasoline,1494.0,600.96
2015-06-01,DE,gasoline,1485.0,593.4
2015-06-08,DE,gasoline,1488.0,595.92
2015-06-15,DE,gasoline,1499.0,605.16
2015-06-22,DE,gasoline,1499.0,605.16
2015-06-29,DE,gasoline,1495.0,601.8
2015-07-06,DE,gasoline,1504.0,609.37
2015-07-13,DE,gasoline,1519.0,621.97
2015-07-20,DE,gasoline,1488.0,595.92
2015-07-27,DE,gasoline,1479.0,588.36
2015-08-03,DE,gasoline,1477.0,586.68
2015-08-10,DE,gasoline,1459.0,571.55
2015-08-17,DE,gasoline,1434.0,550.54
2015-08-24,DE,gasoline,1382.0,506.84
2015-08-31,DE,gasoline,1355.0,484.16
2015-09-07,DE,gasoline,1375.0,500.96
2015-09-14,DE,gasoline,1366.0,493.4
2015-09-21,DE,gasoline,1360.0,488.36
2015-09-28,DE,gasoline,1334.0,466.51
2015-10-05,DE,gasoline,1319.0,453.9
2015-10-12,DE,gasoline,1336.0,468.19
2015-10-19,DE,gasoline,1302.0,439.62
2015-10-26,DE,gasoline,1305.0,442.14
2015-11-02,DE,gasoline,1314.0,449.7
2015-11-09,DE,gasoline,1336.0,468.19
2015-11-16,DE,gasoline,1329.0,462.31
2015-11-23,DE,gasoline,1325.0,458.95
2015-11-30,DE,gasoline,1329.0,462.31
2015-12-07,DE,gasoline,1318.0,453.06
2015-12-14,DE,gasoline,1299.0,437.1
2016-01-04,DE,gasoline,1278.0,419.45
2016-01-11,DE,gasoline,1258.0,402.64
2016-01-18,DE,gasoline,1239.0,386.68
2016-01-25,DE,gasoline,1252.0,397.6
2016-02-01,DE,gasoline,1259.0,403.48
2016-02-08,DE,gasoline,1239.0,386.68
2016-02-15,DE,gasoline,1170.0,328.69
2016-02-22,DE,gasoline,1214.0,365.67
2016-02-29,DE,gasoline,1226.0,375.75
2016-03-07,DE,gasoline,1227.0,376.59
2016-03-14,DE,gasoline,1243.0,390.04
2016-03-21,DE,gasoline,1244.0,390.88
2016-04-04,DE,gasoline,1283.0,423.65
2016-04-11,DE,gasoline,1287.0,427.01
2016-04-18,DE,gasoline,1303.0,440.46
2016-04-25,DE,gasoline,1313.0,448.86
2016-05-02,DE,gasoline,1325.0,458.95
2016-05-09,DE,gasoline,1317.0,452.22
2016-05-16,DE,gasoline,1334.0,466.51
2016-05-23,DE,gasoline,1338.0,469.87
2016-05-30,DE,gasoline,1354.0,483.32
2016-06-06,DE,gasoline,1359.0,487.52
2016-06-13,DE,gasoline,1352.0,481.63
2016-06-20,DE,gasoline,1324.0,458.11
2016-06-27,DE,gasoline,1357.0,485.84
2016-07-04,DE,gasoline,1345.0,475.75
2016-07-11,DE,gasoline,1321.0,455.58
2016-07-18,DE,gasoline,1320.0,454.74
2016-07-25,DE,gasoline,1309.0,445.5
2016-08-01,DE,gasoline,1297.0,435.42
2016-08-08,DE,gasoline,1298.0,436.26
2016-08-15,DE,gasoline,1299.0,437.1
2016-08-22,DE,gasoline,1319.0,453.9
2016-08-29,DE,gasoline,1323.0,457.26
2016-09-05,DE,gasoline,1290.0,429.53
2016-09-12,DE,gasoline,1333.0,465.67
2016-09-19,DE,gasoline,1323.0,457.26
2016-09-26,DE,gasoline,1325.0,458.95
2016-10-03,DE,gasoline,1336.0,468.19
2016-10-10,DE,gasoline,1350.0,479.95
2016-10-17,DE,gasoline,1330.0,463.15
2016-10-24,DE,gasoline,1331.0,463.99
2016-10-31,DE,gasoline,1328.0,461.47
2016-11-07,DE,gasoline,1327.0,460.63
2016-11-14,DE,gasoline,1317.0,452.22
2016-11-21,DE,gasoline,1318.0,453.06
2016-11-28,DE,gasoline,1334.0,466.51
2016-12-05,DE,gasoline,1358.0,486.68
2016-12-12,DE,gasoline,1365.0,492.56
2016-12-19,DE,gasoline,1380.0,505.16
2017-01-02,DE,gasoline,1405.0,526.17
2017-01-09,DE,gasoline,1403.0,524.49
2017-01-16,DE,gasoline,1398.0,520.29
2017-01-23,DE,gasoline,1393.0,516.09
2017-01-30,DE,gasoline,1397.0,519.45
2017-02-06,DE,gasoline,1402.0,523.65
2017-02-13,DE,gasoline,1409.0,529.53
2017-02-20,DE,gasoline,1408.0,528.69
2017-02-27,DE,gasoline,1404.0,525.33
2017-03-06,DE,gasoline,1389.0,512.73
2017-03-13,DE,gasoline,1381.0,506.0
2017-03-20,DE,gasoline,1362.0,490.04
2017-03-27,DE,gasoline,1361.0,489.2
2017-04-03,DE,gasoline,1383.0,507.68
2017-04-10,DE,gasoline,1403.0,524.49
2017-04-24,DE,gasoline,1401.0,522.81
2017-05-01,DE,gasoline,1388.0,511.89
2017-05-08,DE,gasoline,1366.0,493.4
2017-05-15,DE,gasoline,1376.0,501.8
2017-05-22,DE,gasoline,1377.0,502.64
2017-05-29,DE,gasoline,1381.0,506.0
2017-06-05,DE,gasoline,1377.0,502.64
2017-06-12,DE,gasoline,1362.0,490.04
2017-06-19,DE,gasoline,1353.0,482.47
2017-06-26,DE,gasoline,1344.0,474.91
2017-07-03,DE,gasoline,1344.0,474.91
2017-07-10,DE,gasoline,1342.0,473.23
2017-07-17,DE,gasoline,1349.0,479.11
2017-07-24,DE,gasoline,1347.0,477.43
2017-07-31,DE,gasoline,1348.0,478.27
2017-08-07,DE,gasoline,1355.0,484.16
2017-08-14,DE,gasoline,1356.0,485.0
2017-08-21,DE,gasoline,1350.0,479.95
2017-08-28,DE,gasoline,1362.0,490.04
2017-09-04,DE,gasoline,1393.0,516.09
2017-09-11,DE,gasoline,1395.0,517.77
2017-09-18,DE,gasoline,1381.0,506.0
2017-09-25,DE,gasoline,1376.0,501.8
2017-10-02,DE,gasoline,1376.0,501.8
2017-10-09,DE,gasoline,1369.0,495.92
2017-10-16,DE,gasoline,1362.0,490.04
2017-10-23,DE,gasoline,1360.0,488.36
2017-10-30,DE,gasoline,1376.0,501.8
2017-11-06,DE,gasoline,1399.0,521.13
2017-11-13,DE,gasoline,1348.0,478.27
2017-11-20,DE,gasoline,1358.0,486.68
2017-11-27,DE,gasoline,1363.0,490.88
2017-12-04,DE,gasoline,1359.0,487.52
2017-12-11,DE,gasoline,1348.0,478.27
2017-12-18,DE,gasoline,1355.0,484.16
2018-01-01,DE,gasoline,1378.0,503.48
2018-01-08,DE,gasoline,1376.0,501.8
2018-01-15,DE,gasoline,1352.0,481.63
2018-01-22,DE,gasoline,1356.0,485.0
2018-01-29,DE,gasoline,1371.0,497.6
2018-02-05,DE,gasoline,1371.0,497.6
2018-02-12,DE,gasoline,1355.0,484.16
2018-02-19,DE,gasoline,1339.0,470.71
2018-02-26,DE,gasoline,1340.0,471.55
2018-03-05,DE,gasoline,1340.0,471.55
2018-03-12,DE,gasoline,1326.0,459.79
2018-03-19,DE,gasoline,1325.0,458.95
2018-03-26,DE,gasoline,1318.0,453.06
2018-04-09,DE,gasoline,1366.0,493.4
2018-04-16,DE,gasoline,1383.0,507.68
2018-04-23,DE,gasoline,1394.0,516.93
2018-04-30,DE,gasoline,1412.0,532.05
2018-05-07,DE,gasoline,1412.0,532.05
2018-05-14,DE,gasoline,1441.0,556.42
2018-05-21,DE,gasoline,1474.0,584.16
2018-05-28,DE,gasoline,1475.0,585.0
2018-06-04,DE,gasoline,1472.0,582.47
2018-06-11,DE,gasoline,1459.0,571.55
2018-06-18,DE,gasoline,1454.0,567.35
2018-06-25,DE,gasoline,1444.0,558.95
2018-07-02,DE,gasoline,1462.0,574.07
2018-07-09,DE,gasoline,1458.0,570.71
2018-07-16,DE,gasoline,1455.0,568.19
2018-07-23,DE,gasoline,1451.0,564.83
2018-07-30,DE,gasoline,1466.0,577.43
2018-08-06,DE,gasoline,1475.0,585.0
2018-08-13,DE,gasoline,1479.0,588.36
2018-08-20,DE,gasoline,1481.0,590.04
2018-08-27,DE,gasoline,1490.0,597.6
2018-09-03,DE,gasoline,1499.0,605.16
2018-09-10,DE,gasoline,1511.0,615.25
2018-09-17,DE,gasoline,1519.0,621.97
2018-09-24,DE,gasoline,1512.0,616.09
2018-10-01,DE,gasoline,1510.0,614.41
2018-10-08,DE,gasoline,1528.0,629.53
2018-10-15,DE,gasoline,1513.0,616.93
2018-10-22,DE,gasoline,1521.0,623.65
2018-10-29,DE,gasoline,1547.0,645.5
2018-11-05,DE,gasoline,1555.0,652.22
2018-11-12,DE,gasoline,1556.0,653.06
2018-11-19,DE,gasoline,1540.0,639.62
2018-11-26,DE,gasoline,1509.0,613.57
2018-12-03,DE,gasoline,1485.0,593.4
2018-12-10,DE,gasoline,1460.0,572.39
2018-12-17,DE,gasoline,1425.0,542.98
2019-01-07,DE,gasoline,1352.0,481.63
2019-01-14,DE,gasoline,1353.0,482.47
2019-01-21,DE,gasoline,1338.0,469.87
2019-01-28,DE,gasoline,1330.0,463.15
2019-02-04,DE,gasoline,1332.0,464.83
2019-02-11,DE,gasoline,1328.0,461.47
2019-02-18,DE,gasoline,1348.0,478.27
2019-02-25,DE,gasoline,1336.0,468.19
2019-03-04,DE,gasoline,1352.0,481.63
2019-03-11,DE,gasoline,1359.0,487.52
2019-03-18,DE,gasoline,1346.0,476.59
2019-03-25,DE,gasoline,1382.0,506.84
2019-04-01,DE,gasoline,1407.0,527.85
2019-04-08,DE,gasoline,1430.0,547.18
2019-04-15,DE,gasoline,1461.0,573.23
2019-04-29,DE,gasoline,1495.0,601.8
2019-05-06,DE,gasoline,1509.0,613.57
2019-05-13,DE,gasoline,1508.0,612.73
2019-05-20,DE,gasoline,1533.0,633.74
2019-05-27,DE,gasoline,1539.0,638.78
2019-06-03,DE,gasoline,1536.0,636.26
2019-06-10,DE,gasoline,1496.0,602.64
2019-06-17,DE,gasoline,1485.0,593.4
2019-06-24,DE,gasoline,1481.0,590.04
2019-07-01,DE,gasoline,1474.0,584.16
2019-07-08,DE,gasoline,1460.0,572.39
2019-07-15,DE,gasoline,1478.0,587.52
2019-07-22,DE,gasoline,1436.0,552.22
2019-07-29,DE,gasoline,1450.0,563.99
2019-08-05,DE,gasoline,1451.0,564.83
2019-08-12,DE,gasoline,1423.0,541.3
2019-08-19,DE,gasoline,1420.0,538.78
2019-08-26,DE,gasoline,1409.0,529.53
2019-09-02,DE,gasoline,1402.0,523.65
2019-09-09,DE,gasoline,1404.0,525.33
2019-09-16,DE,gasoline,1403.0,524.49
2019-09-23,DE,gasoline,1416.0,535.42
2019-09-30,DE,gasoline,1408.0,528.69
2019-10-07,DE,gasoline,1408.0,528.69
2019-10-14,DE,gasoline,1402.0,523.65
2019-10-21,DE,gasoline,1389.0,512.73
2019-10-28,DE,gasoline,1385.0,509.37
2019-11-04,DE,gasoline,1393.0,516.09
2019-11-11,DE,gasoline,1398.0,520.29
2019-11-18,DE,gasoline,1395.0,517.77
2019-11-25,DE,gasoline,1401.0,522.81
2019-12-02,DE,gasoline,1401.0,522.81
2019-12-09,DE,gasoline,1387.0,511.05
2019-12-16,DE,gasoline,1371.0,497.6
2020-01-06,DE,gasoline,1419.0,537.94
2020-01-13,DE,gasoline,1400.0,521.97
2020-01-20,DE,gasoline,1401.0,522.81
2020-01-27,DE,gasoline,1393.0,516.09
2020-02-03,DE,gasoline,1397.0,519.45
2020-02-10,DE,gasoline,1396.0,518.61
2020-02-17,DE,gasoline,1402.0,523.65
2020-02-24,DE,gasoline,1413.0,532.89
2020-03-02,DE,gasoline,1373.0,499.28
2020-03-09,DE,gasoline,1359.0,487.52
2020-03-16,DE,gasoline,1303.0,440.46
2020-03-23,DE,gasoline,1264.0,407.68
2020-03-30,DE,gasoline,1245.0,391.72
2020-04-06,DE,gasoline,1234.0,382.47
2020-04-20,DE,gasoline,1192.0,347.18
2020-04-27,DE,gasoline,1170.0,328.69
2020-05-04,DE,gasoline,1169.0,327.85
2020-05-11,DE,gasoline,1191.0,346.34
2020-05-18,DE,gasoline,1199.0,353.06
2020-05-25,DE,gasoline,1216.0,367.35
2020-06-01,DE,gasoline,1222.0,372.39
2020-06-08,DE,gasoline,1249.0,395.08
2020-06-15,DE,gasoline,1265.0,408.53
2020-06-22,DE,gasoline,1292.0,431.21
2020-06-29,DE,gasoline,1297.0,435.42
2020-07-06,DE,gasoline,1289.0,456.71
2020-07-13,DE,gasoline,1300.0,466.19
2020-07-20,DE,gasoline,1290.0,457.57
2020-07-27,DE,gasoline,1300.0,466.19
2020-08-03,DE,gasoline,1283.0,451.53
2020-08-10,DE,gasoline,1283.0,451.53
2020-08-17,DE,gasoline,1287.0,454.98
2020-08-24,DE,gasoline,1289.0,456.71
2020-08-31,DE,gasoline,1297.0,463.6
2020-09-07,DE,gasoline,1290.0,457.57
2020-09-14,DE,gasoline,1283.0,451.53
2020-09-21,DE,gasoline,1289.0,456.71
2020-09-28,DE,gasoline,1284.0,452.4
2020-10-05,DE,gasoline,1289.0,456.71
2020-10-12,DE,gasoline,1293.0,460.16
2020-10-19,DE,gasoline,1281.0,449.81
2020-10-26,DE,gasoline,1266.0,436.88
2020-11-02,DE,gasoline,1238.0,412.74
2020-11-09,DE,gasoline,1237.0,411.88
2020-11-16,DE,gasoline,1261.0,432.57
2020-11-23,DE,gasoline,1263.0,434.29
2020-11-30,DE,gasoline,1272.0,442.05
2020-12-07,DE,gasoline,1267.0,437.74
2020-12-14,DE,gasoline,1257.0,429.12
2020-12-21,DE,gasoline,1281.0,449.81
2021-01-11,DE,gasoline,1392.0,515.25
2021-01-18,DE,gasoline,1406.0,527.01
2021-01-25,DE,gasoline,1408.0,528.69
2021-02-01,DE,gasoline,1409.0,529.53
2021-02-08,DE,gasoline,1425.0,542.98
2021-02-15,DE,gasoline,1429.0,546.34
2021-02-22,DE,gasoline,1463.0,574.91
2021-03-01,DE,gasoline,1486.0,594.24
2021-03-08,DE,gasoline,1506.0,611.05
2021-03-15,DE,gasoline,1524.0,626.17
2021-03-22,DE,gasoline,1508.0,612.73
2021-03-29,DE,gasoline,1513.0,616.93
2021-04-12,DE,gasoline,1517.0,620.29
2021-04-19,DE,gasoline,1526.0,627.85
2021-04-26,DE,gasoline,1522.0,624.49
2021-05-03,DE,gasoline,1526.0,627.85
2021-05-10,DE,gasoline,1550.0,648.02
2021-05-17,DE,gasoline,1538.0,637.94
2021-05-24,DE,gasoline,1541.0,640.46
2021-05-31,DE,gasoline,1548.0,646.34
2021-06-07,DE,gasoline,1549.0,647.18
2021-06-14,DE,gasoline,1556.0,653.06
2021-06-21,DE,gasoline,1564.0,659.79
2021-06-28,DE,gasoline,1587.0,679.11
2021-07-05,DE,gasoline,1594.0,685.0
2021-07-12,DE,gasoline,1603.0,692.56
2021-07-19,DE,gasoline,1615.0,702.64
2021-07-26,DE,gasoline,1613.0,700.96
2021-08-02,DE,gasoline,1623.0,709.37
2021-08-09,DE,gasoline,1621.0,707.68
2021-08-16,DE,gasoline,1623.0,709.37
2021-08-23,DE,gasoline,1603.0,692.56
2021-08-30,DE,gasoline,1616.0,703.48
2021-09-06,DE,gasoline,1624.0,710.21
2021-09-13,DE,gasoline,1629.0,714.41
2021-09-20,DE,gasoline,1636.0,720.29
2021-09-27,DE,gasoline,1633.0,717.77
2021-10-04,DE,gasoline,1667.0,746.34
2021-10-11,DE,gasoline,1702.0,775.75
2021-10-18,DE,gasoline,1730.0,799.28
2021-10-25,DE,gasoline,1735.0,803.48
2021-11-01,DE,gasoline,1742.0,809.37
2021-11-08,DE,gasoline,1752.0,817.77
2021-11-15,DE,gasoline,1760.0,824.49
2021-11-22,DE,gasoline,1741.0,808.53
2021-11-29,DE,gasoline,1714.0,785.84
2021-12-06,DE,gasoline,1663.0,742.98
2021-12-13,DE,gasoline,1671.0,749.7
2021-12-20,DE,gasoline,1659.0,739.62
2022-01-03,DE,gasoline,1718.0,789.2
2022-01-10,DE,gasoline,1722.0,792.56
2022-01-17,DE,gasoline,1732.0,800.96
2022-01-24,DE,gasoline,1743.0,810.21
2022-01-31,DE,gasoline,1772.0,834.58
2022-02-07,DE,gasoline,1789.0,848.86
2022-02-14,DE,gasoline,1806.0,863.15
2022-02-21,DE,gasoline,1804.0,861.47
2022-02-28,DE,gasoline,1873.0,919.45
2022-03-07,DE,gasoline,2067.0,1082.47
2022-03-14,DE,gasoline,2259.0,1243.82
2022-03-21,DE,gasoline,2144.0,1147.18
2022-03-28,DE,gasoline,2126.0,1132.05
2022-04-04,DE,gasoline,2056.0,1073.23
2022-04-11,DE,gasoline,2026.0,1048.02
2022-04-25,DE,gasoline,2029.0,1050.54
2022-05-02,DE,gasoline,2059.0,1075.75
2022-05-09,DE,gasoline,2093.0,1104.32
2022-05-16,DE,gasoline,2131.0,1136.26
2022-05-23,DE,gasoline,2154.0,1155.58
2022-05-30,DE,gasoline,2193.0,1188.36
2022-06-06,DE,gasoline,1999.0,1320.83
2022-06-13,DE,gasoline,2007.0,1327.55
2022-06-20,DE,gasoline,1974.0,1299.82
2022-06-27,DE,gasoline,1929.0,1262.01
2022-07-04,DE,gasoline,1900.0,1237.64
2022-07-11,DE,gasoline,1884.0,1224.19
2022-07-18,DE,gasoline,1864.0,1207.39
2022-07-25,DE,gasoline,1817.0,1167.89
2022-08-01,DE,gasoline,1814.0,1165.37
2022-08-08,DE,gasoline,1760.0,1119.99
2022-08-15,DE,gasoline,1767.0,1125.87
2022-08-22,DE,gasoline,1792.0,1146.88
2022-08-29,DE,gasoline,1836.0,1183.86
2022-09-05,DE,gasoline,2068.0,1083.32
2022-09-12,DE,gasoline,2017.0,1040.46
2022-09-19,DE,gasoline,1985.0,1013.57
2022-09-26,DE,gasoline,1951.0,985.0
2022-10-03,DE,gasoline,1941.0,976.59
2022-10-10,DE,gasoline,2005.0,1030.37
2022-10-17,DE,gasoline,2012.0,1036.26
2022-10-24,DE,gasoline,1962.0,994.24
2022-10-31,DE,gasoline,1945.0,979.95
2022-11-07,DE,gasoline,1974.0,1004.32
2022-11-14,DE,gasoline,1923.0,961.47
2022-11-21,DE,gasoline,1855.0,904.32
2022-11-28,DE,gasoline,1818.0,873.23
2022-12-05,DE,gasoline,1801.0,858.95
2022-12-12,DE,gasoline,1716.0,787.52
2022-12-19,DE,gasoline,1732.0,800.96
2022-12-26,DE,gasoline,1747.0,813.57
2023-01-02,DE,gasoline,1731.0,731.72
2023-01-09,DE,gasoline,1780.0,772.9
2023-01-16,DE,gasoline,1801.0,790.55
2023-01-23,DE,gasoline,1827.0,812.39
2023-01-30,DE,gasoline,1845.0,827.52
2023-02-06,DE,gasoline,1802.0,791.39
2023-02-13,DE,gasoline,1828.0,813.23
2023-02-20,DE,gasoline,1819.0,805.67
2023-02-27,DE,gasoline,1818.0,804.83
2023-03-06,DE,gasoline,1840.0,823.32
2023-03-13,DE,gasoline,1832.0,816.6
2023-03-20,DE,gasoline,1796.0,786.34
2023-03-27,DE,gasoline,1820.0,806.51
2023-04-03,DE,gasoline,1841.0,824.16
2023-04-10,DE,gasoline,1881.0,857.77
2023-04-17,DE,gasoline,1880.0,856.93
2023-04-24,DE,gasoline,1842.0,825.0
2023-05-01,DE,gasoline,1848.0,830.04
2023-05-08,DE,gasoline,1829.0,814.07
2023-05-15,DE,gasoline,1836.0,819.96
2023-05-22,DE,gasoline,1851.0,832.56
2023-05-29,DE,gasoline,1867.0,846.01
2023-06-05,DE,gasoline,1847.0,829.2
2023-06-12,DE,gasoline,1859.0,839.28
2023-06-19,DE,gasoline,1857.0,837.6
2023-06-26,DE,gasoline,1847.0,829.2
2023-07-03,DE,gasoline,1850.0,831.72
2023-07-10,DE,gasoline,1854.0,835.08
2023-07-17,DE,gasoline,1854.0,835.08
2023-07-24,DE,gasoline,1875.0,852.73
2023-07-31,DE,gasoline,1909.0,881.3
2023-08-07,DE,gasoline,1904.0,877.1
2023-08-14,DE,gasoline,1916.0,887.18
2023-08-21,DE,gasoline,1911.0,882.98
2023-08-28,DE,gasoline,1931.0,899.79
2023-09-04,DE,gasoline,1929.0,898.11
2023-09-11,DE,gasoline,1941.0,908.19
2023-09-18,DE,gasoline,1950.0,915.76
2023-09-25,DE,gasoline,1942.0,909.03
2023-10-02,DE,gasoline,1924.0,893.91
2023-10-09,DE,gasoline,1880.0,856.93
2023-10-16,DE,gasoline,1871.0,849.37
2023-10-23,DE,gasoline,1868.0,846.85
2023-10-30,DE,gasoline,1835.0,819.12
2023-11-06,DE,gasoline,1856.0,836.76
2023-11-13,DE,gasoline,1836.0,819.96
2023-11-20,DE,gasoline,1813.0,800.63
2023-11-27,DE,gasoline,1814.0,801.47
2023-12-04,DE,gasoline,1803.0,792.23
2023-12-11,DE,gasoline,1781.0,773.74
2023-12-18,DE,gasoline,1760.0,756.09
2023-12-25,DE,gasoline,1773.0,767.02
2024-01-01,DE,gasoline,1784.0,742.06
2024-01-08,DE,gasoline,1801.0,756.35
2024-01-15,DE,gasoline,1794.0,750.46
2024-01-22,DE,gasoline,1788.0,745.42
2024-01-29,DE,gasoline,1802.0,757.19
2024-02-05,DE,gasoline,1793.0,749.62
2024-02-12,DE,gasoline,1824.0,775.67
2024-02-19,DE,gasoline,1832.0,782.4
2024-02-26,DE,gasoline,1826.0,777.35
2024-03-04,DE,gasoline,1836.0,785.76
2024-03-11,DE,gasoline,1824.0,775.67
2024-03-18,DE,gasoline,1840.0,789.12
2024-03-25,DE,gasoline,1859.0,805.08
2024-04-01,DE,gasoline,1889.0,830.29
2024-04-08,DE,gasoline,1912.0,849.62
2024-04-15,DE,gasoline,1922.0,858.03
2024-04-22,DE,gasoline,1913.0,850.46
2024-04-29,DE,gasoline,1901.0,840.38
2024-05-06,DE,gasoline,1881.0,823.57
2024-05-13,DE,gasoline,1871.0,815.17
2024-05-20,DE,gasoline,1865.0,810.13
2024-05-27,DE,gasoline,1845.0,793.32
2024-06-03,DE,gasoline,1830.0,780.72
2024-06-10,DE,gasoline,1816.0,768.95
2024-06-17,DE,gasoline,1818.0,770.63
2024-06-24,DE,gasoline,1825.0,776.51
2024-07-01,DE,gasoline,1830.0,780.72
2024-07-08,DE,gasoline,1835.0,784.92
2024-07-15,DE,gasoline,1823.0,774.83
2024-07-22,DE,gasoline,1809.0,763.07
2024-07-29,DE,gasoline,1804.0,758.87
2024-08-05,DE,gasoline,1799.0,754.66
2024-08-12,DE,gasoline,1786.0,743.74
2024-08-19,DE,gasoline,1771.0,731.14
2024-08-26,DE,gasoline,1746.0,710.13
2024-09-02,DE,gasoline,1732.0,698.36
2024-09-09,DE,gasoline,1705.0,675.67
2024-09-16,DE,gasoline,1693.0,665.59
2024-09-23,DE,gasoline,1697.0,668.95
2024-09-30,DE,gasoline,1690.0,663.07
2024-10-07,DE,gasoline,1719.0,687.44
2024-10-14,DE,gasoline,1736.0,701.72
2024-10-21,DE,gasoline,1722.0,689.96
2024-10-28,DE,gasoline,1724.0,691.64
2024-11-04,DE,gasoline,1705.0,675.67
2024-11-11,DE,gasoline,1708.0,678.19
2024-11-18,DE,gasoline,1706.0,676.51
2024-11-25,DE,gasoline,1719.0,687.44
2024-12-02,DE,gasoline,1707.0,677.35
2024-12-09,DE,gasoline,1700.0,671.47
2024-12-16,DE,gasoline,1729.0,695.84
2024-12-23,DE,gasoline,1731.0,697.52
2024-12-30,DE,gasoline,1741.0,705.93
2005-01-03,ES,diesel,807.84,396.37
2005-01-10,ES,diesel,807.47,396.03
2005-01-17,ES,diesel,808.08,396.56
2005-01-24,ES,diesel,808.21,396.67
2005-01-31,ES,diesel,813.11,400.89
2005-02-07,ES,diesel,813.34,401.1
2005-02-14,ES,diesel,816.4,403.74
2005-02-21,ES,diesel,820.01,406.86
2005-02-28,ES,diesel,838.65,422.92
2005-03-07,ES,diesel,858.72,440.22
2005-03-14,ES,diesel,862.6,443.57
2005-03-21,ES,diesel,863.79,444.6
2005-04-04,ES,diesel,874.11,453.49
2005-04-11,ES,diesel,877.55,456.44
2005-04-18,ES,diesel,885.75,463.5
2005-04-25,ES,diesel,886.0,463.72
2005-05-02,ES,diesel,879.98,458.53
2005-05-09,ES,diesel,869.57,449.57
2005-05-16,ES,diesel,859.2,440.65
2005-05-23,ES,diesel,859.33,440.75
2005-05-30,ES,diesel,860.48,441.74
2005-06-06,ES,diesel,869.02,449.09
2005-06-13,ES,diesel,889.05,466.35
2005-06-20,ES,diesel,909.13,483.64
2005-06-27,ES,diesel,916.35,489.79
2005-07-04,ES,diesel,923.13,495.63
2005-07-11,ES,diesel,935.86,506.62
2005-07-18,ES,diesel,934.97,505.85
2005-07-25,ES,diesel,931.26,502.63
2005-08-01,ES,diesel,929.81,501.39
2005-08-08,ES,diesel,929.07,500.76
2005-08-15,ES,diesel,929.07,500.76
2005-08-22,ES,diesel,950.57,519.2
2005-08-29,ES,diesel,962.32,529.33
2005-09-05,ES,diesel,981.25,545.71
2005-09-12,ES,diesel,975.44,540.72
2005-09-19,ES,diesel,973.81,539.33
2005-09-26,ES,diesel,974.18,539.65
2005-10-03,ES,diesel,973.76,539.31
2005-10-10,ES,diesel,974.12,539.56
2005-10-17,ES,diesel,974.17,539.6
2005-10-24,ES,diesel,973.53,539.06
2005-11-07,ES,diesel,962.13,529.25
2005-11-14,ES,diesel,945.74,515.12
2005-11-21,ES,diesel,928.58,500.33
2005-11-28,ES,diesel,907.81,482.42
2005-12-05,ES,diesel,897.33,473.84
2005-12-12,ES,diesel,917.34,490.65
2005-12-19,ES,diesel,917.64,490.9
2006-01-09,ES,diesel,925.83,494.68
2006-01-16,ES,diesel,929.94,498.23
2006-01-23,ES,diesel,936.47,503.85
2006-01-30,ES,diesel,944.27,510.57
2006-02-06,ES,diesel,944.43,510.7
2006-02-13,ES,diesel,943.34,509.77
2006-02-20,ES,diesel,939.77,506.68
2006-02-27,ES,diesel,945.8,511.9
2006-03-06,ES,diesel,944.71,510.96
2006-03-13,ES,diesel,951.21,516.57
2006-03-20,ES,diesel,954.63,519.51
2006-03-27,ES,diesel,955.72,520.45
2006-04-03,ES,diesel,962.29,526.13
2006-04-10,ES,diesel,968.98,531.89
2006-04-24,ES,diesel,993.47,553.0
2006-05-01,ES,diesel,1000.26,558.85
2006-05-08,ES,diesel,1001.75,560.13
2006-05-15,ES,diesel,1001.93,560.29
2006-05-22,ES,diesel,986.65,547.12
2006-05-29,ES,diesel,985.53,546.14
2006-06-05,ES,diesel,975.86,537.84
2006-06-12,ES,diesel,980.58,541.89
2006-06-19,ES,diesel,987.03,547.47
2006-06-26,ES,diesel,981.17,542.4
2006-07-03,ES,diesel,985.08,545.78
2006-07-10,ES,diesel,994.51,553.91
2006-07-17,ES,diesel,1003.74,561.83
2006-07-24,ES,diesel,1004.76,562.74
2006-07-31,ES,diesel,1002.33,560.63
2006-08-07,ES,diesel,1006.07,563.85
2006-08-14,ES,diesel,1009.53,566.82
2006-08-21,ES,diesel,1000.47,559.02
2006-08-28,ES,diesel,997.2,556.2
2006-09-04,ES,diesel,991.1,550.95
2006-09-11,ES,diesel,976.73,538.56
2006-09-18,ES,diesel,953.37,518.43
2006-09-25,ES,diesel,938.02,505.12
2006-10-02,ES,diesel,925.08,494.03
2006-10-09,ES,diesel,922.49,491.81
2006-10-16,ES,diesel,921.13,490.64
2006-10-23,ES,diesel,921.25,490.8
2006-10-30,ES,diesel,917.82,487.7
2006-11-06,ES,diesel,905.88,477.51
2006-11-13,ES,diesel,908.86,480.0
2006-11-20,ES,diesel,906.91,478.28
2006-11-27,ES,diesel,906.3,477.89
2006-12-04,ES,diesel,909.04,480.24
2006-12-11,ES,diesel,911.54,482.49
2006-12-18,ES,diesel,909.25,480.63
2007-01-08,ES,diesel,900.98,465.35
2007-01-15,ES,diesel,890.78,456.52
2007-01-22,ES,diesel,884.65,451.22
2007-01-29,ES,diesel,884.58,451.2
2007-02-05,ES,diesel,889.15,455.16
2007-02-12,ES,diesel,899.09,463.75
2007-02-19,ES,diesel,898.85,463.6
2007-02-26,ES,diesel,906.39,470.05
2007-03-05,ES,diesel,915.03,477.51
2007-03-12,ES,diesel,923.04,484.44
2007-03-19,ES,diesel,917.6,479.74
2007-03-26,ES,diesel,916.58,478.86
2007-04-02,ES,diesel,935.89,495.47
2007-04-16,ES,diesel,951.05,508.59
2007-04-23,ES,diesel,945.43,503.77
2007-04-30,ES,diesel,946.91,505.01
2007-05-07,ES,diesel,950.81,508.35
2007-05-14,ES,diesel,954.75,511.78
2007-05-21,ES,diesel,959.15,515.47
2007-05-28,ES,diesel,963.99,519.62
2007-06-04,ES,diesel,954.64,511.97
2007-06-11,ES,diesel,964.13,519.84
2007-06-18,ES,diesel,970.5,525.31
2007-06-25,ES,diesel,976.04,530.08
2007-07-02,ES,diesel,977.23,531.14
2007-07-09,ES,diesel,973.41,527.74
2007-07-16,ES,diesel,980.37,533.81
2007-07-23,ES,diesel,982.16,535.36
2007-07-30,ES,diesel,978.45,532.17
2007-08-06,ES,diesel,981.37,534.77
2007-08-13,ES,diesel,963.01,519.77
2007-08-20,ES,diesel,973.53,527.94
2007-08-27,ES,diesel,969.56,526.46
2007-09-03,ES,diesel,973.12,527.58
2007-09-10,ES,diesel,984.0,536.99
2007-09-17,ES,diesel,995.72,546.94
2007-09-24,ES,diesel,1003.1,553.39
2007-10-01,ES,diesel,1004.32,554.42
2007-10-08,ES,diesel,994.67,546.09
2007-10-15,ES,diesel,995.37,546.74
2007-10-22,ES,diesel,1008.41,557.92
2007-10-29,ES,diesel,1021.14,568.89
2007-11-05,ES,diesel,1030.33,576.82
2007-11-12,ES,diesel,1048.23,592.26
2007-11-19,ES,diesel,1051.8,595.33
2007-11-26,ES,diesel,1072.14,612.87
2007-12-03,ES,diesel,1081.72,621.11
2007-12-10,ES,diesel,1070.03,611.05
2007-12-17,ES,diesel,1064.5,606.29
2008-01-07,ES,diesel,1082.89,622.16
2008-01-14,ES,diesel,1068.2,609.51
2008-01-21,ES,diesel,1052.45,596.0
2008-01-28,ES,diesel,1049.54,593.44
2008-02-04,ES,diesel,1051.3,594.95
2008-02-11,ES,diesel,1063.21,605.15
2008-02-18,ES,diesel,1083.12,622.34
2008-02-25,ES,diesel,1103.87,640.25
2008-03-03,ES,diesel,1107.62,643.48
2008-03-10,ES,diesel,1135.86,667.85
2008-03-17,ES,diesel,1149.63,679.69
2008-03-31,ES,diesel,1128.33,661.33
2008-04-07,ES,diesel,1126.5,659.77
2008-04-14,ES,diesel,1149.82,679.89
2008-04-21,ES,diesel,1169.22,696.59
2008-04-28,ES,diesel,1190.54,714.96
2008-05-05,ES,diesel,1198.55,721.88
2008-05-12,ES,diesel,1218.57,739.12
2008-05-19,ES,diesel,1269.98,783.46
2008-05-26,ES,diesel,1308.54,816.72
2008-06-02,ES,diesel,1300.49,809.77
2008-06-09,ES,diesel,1289.0,799.83
2008-06-16,ES,diesel,1296.73,806.53
2008-06-23,ES,diesel,1299.06,808.55
2008-06-30,ES,diesel,1305.17,813.85
2008-07-07,ES,diesel,1323.42,829.54
2008-07-14,ES,diesel,1329.02,834.37
2008-07-21,ES,diesel,1318.52,825.34
2008-07-28,ES,diesel,1288.8,799.66
2008-08-04,ES,diesel,1262.83,777.3
2008-08-11,ES,diesel,1217.09,737.85
2008-08-18,ES,diesel,1204.66,727.18
2008-08-25,ES,diesel,1194.86,718.76
2008-09-01,ES,diesel,1200.56,723.65
2008-09-08,ES,diesel,1192.59,716.74
2008-09-15,ES,diesel,1185.08,710.24
2008-09-22,ES,diesel,1162.56,690.8
2008-09-29,ES,diesel,1150.78,680.75
2008-10-06,ES,diesel,1155.49,684.8
2008-10-13,ES,diesel,1126.98,660.14
2008-10-20,ES,diesel,1070.49,611.42
2008-10-27,ES,diesel,1053.6,596.88
2008-11-03,ES,diesel,1016.6,565.03
2008-11-10,ES,diesel,1009.77,559.13
2008-11-17,ES,diesel,997.69,548.71
2008-11-24,ES,diesel,968.7,523.7
2008-12-01,ES,diesel,949.27,506.93
2008-12-08,ES,diesel,920.51,482.14
2008-12-15,ES,diesel,889.2,455.2
2009-01-05,ES,diesel,836.37,409.63
2009-01-12,ES,diesel,877.81,445.37
2009-01-19,ES,diesel,881.53,448.61
2009-01-26,ES,diesel,873.44,441.62
2009-02-02,ES,diesel,873.72,441.87
2009-02-09,ES,diesel,873.69,441.83
2009-02-16,ES,diesel,867.33,436.38
2009-02-23,ES,diesel,846.64,418.52
2009-03-02,ES,diesel,845.2,417.28
2009-03-09,ES,diesel,840.28,413.06
2009-03-16,ES,diesel,831.46,405.43
2009-03-23,ES,diesel,837.18,410.36
2009-03-30,ES,diesel,856.83,427.32
2009-04-06,ES,diesel,860.59,430.57
2009-04-20,ES,diesel,869.08,435.58
2009-04-27,ES,diesel,867.28,436.34
2009-05-04,ES,diesel,859.68,429.78
2009-05-11,ES,diesel,868.22,437.16
2009-05-18,ES,diesel,877.03,444.71
2009-05-25,ES,diesel,874.88,442.86
2009-06-01,ES,diesel,872.46,440.79
2009-06-08,ES,diesel,904.49,468.4
2009-06-15,ES,diesel,951.54,479.94
2009-06-22,ES,diesel,961.35,488.42
2009-06-29,ES,diesel,953.81,481.91
2009-07-06,ES,diesel,944.27,473.67
2009-07-13,ES,diesel,919.76,452.52
2009-07-20,ES,diesel,905.58,440.32
2009-07-27,ES,diesel,930.11,461.47
2009-08-03,ES,diesel,945.35,474.61
2009-08-10,ES,diesel,970.2,496.03
2009-08-17,ES,diesel,970.04,495.89
2009-08-24,ES,diesel,969.23,495.14
2009-08-31,ES,diesel,962.59,489.44
2009-09-07,ES,diesel,949.21,477.92
2009-09-14,ES,diesel,937.63,467.93
2009-09-21,ES,diesel,936.17,466.68
2009-09-28,ES,diesel,927.69,459.32
2009-10-05,ES,diesel,925.48,457.45
2009-10-12,ES,diesel,935.28,465.93
2009-10-19,ES,diesel,957.85,485.35
2009-10-26,ES,diesel,969.84,495.7
2009-11-02,ES,diesel,977.68,502.48
2009-11-09,ES,diesel,976.44,501.39
2009-11-16,ES,diesel,967.04,493.3
2009-11-23,ES,diesel,968.67,494.69
2009-11-30,ES,diesel,961.61,488.59
2009-12-07,ES,diesel,965.16,491.67
2009-12-14,ES,diesel,957.61,485.13
2009-12-21,ES,diesel,955.8,483.57
2010-01-04,ES,diesel,987.56,510.96
2010-01-11,ES,diesel,1009.03,529.48
2010-01-18,ES,diesel,1001.34,522.85
2010-01-25,ES,diesel,995.53,517.85
2010-02-01,ES,diesel,987.09,510.57
2010-02-08,ES,diesel,994.45,516.9
2010-02-15,ES,diesel,987.93,511.31
2010-02-22,ES,diesel,1005.35,526.33
2010-03-01,ES,diesel,1010.07,530.41
2010-03-08,ES,diesel,1023.7,542.13
2010-03-15,ES,diesel,1036.77,553.37
2010-03-22,ES,diesel,1044.5,560.01
2010-03-29,ES,diesel,1053.13,567.44
2010-04-12,ES,diesel,1087.01,596.72
2010-04-19,ES,diesel,1077.91,588.88
2010-04-26,ES,diesel,1081.44,591.92
2010-05-03,ES,diesel,1100.02,607.93
2010-05-10,ES,diesel,1102.88,610.4
2010-05-17,ES,diesel,1095.08,603.66
2010-05-24,ES,diesel,1070.58,582.53
2010-05-31,ES,diesel,1066.01,578.61
2010-06-07,ES,diesel,1078.14,589.09
2010-06-14,ES,diesel,1088.22,597.78
2010-06-21,ES,diesel,1099.61,607.59
2010-06-28,ES,diesel,1094.8,603.57
2010-07-05,ES,diesel,1094.34,587.08
2010-07-12,ES,diesel,1076.97,568.05
2010-07-19,ES,diesel,1076.08,567.29
2010-07-26,ES,diesel,1076.85,567.94
2010-08-02,ES,diesel,1079.66,570.32
2010-08-09,ES,diesel,1100.64,588.1
2010-08-16,ES,diesel,1091.8,580.59
2010-08-23,ES,diesel,1075.21,566.56
2010-08-30,ES,diesel,1085.78,575.51
2010-09-06,ES,diesel,1088.41,577.74
2010-09-13,ES,diesel,1092.78,581.41
2010-09-20,ES,diesel,1099.43,587.06
2010-09-27,ES,diesel,1089.5,578.67
2010-10-04,ES,diesel,1090.73,579.7
2010-10-11,ES,diesel,1103.01,590.09
2010-10-18,ES,diesel,1096.1,584.26
2010-10-25,ES,diesel,1095.55,583.79
2010-11-08,ES,diesel,1103.32,590.37
2010-11-15,ES,diesel,1133.27,615.75
2010-11-22,ES,diesel,1116.8,601.81
2010-11-29,ES,diesel,1129.23,612.3
2010-12-06,ES,diesel,1147.41,627.73
2010-12-13,ES,diesel,1164.93,642.58
2010-12-20,ES,diesel,1166.12,643.6
2011-01-03,ES,diesel,1187.03,660.1
2011-01-10,ES,diesel,1193.97,665.99
2011-01-17,ES,diesel,1217.31,685.8
2011-01-24,ES,diesel,1210.38,679.94
2011-01-31,ES,diesel,1204.89,675.29
2011-02-07,ES,diesel,1234.42,700.28
2011-02-14,ES,diesel,1236.52,702.05
2011-02-21,ES,diesel,1247.6,712.66
2011-02-28,ES,diesel,1267.06,727.94
2011-03-07,ES,diesel,1289.1,746.59
2011-03-14,ES,diesel,1292.37,749.37
2011-03-21,ES,diesel,1293.31,750.16
2011-03-28,ES,diesel,1287.45,745.2
2011-04-04,ES,diesel,1292.18,749.21
2011-04-11,ES,diesel,1308.42,762.96
2011-04-18,ES,diesel,1302.2,757.7
2011-05-02,ES,diesel,1294.0,750.75
2011-05-09,ES,diesel,1241.86,706.56
2011-05-16,ES,diesel,1244.98,709.21
2011-05-23,ES,diesel,1239.69,704.72
2011-05-30,ES,diesel,1260.08,722.03
2011-06-06,ES,diesel,1251.53,714.77
2011-06-13,ES,diesel,1264.03,725.36
2011-06-20,ES,diesel,1272.1,732.2
2011-06-27,ES,diesel,1243.46,707.94
2011-07-04,ES,diesel,1242.56,707.18
2011-07-11,ES,diesel,1258.63,720.8
2011-07-18,ES,diesel,1283.63,741.97
2011-07-25,ES,diesel,1282.97,741.4
2011-08-01,ES,diesel,1280.9,739.68
2011-08-08,ES,diesel,1267.51,728.33
2011-08-22,ES,diesel,1239.17,704.3
2011-08-29,ES,diesel,1243.41,707.93
2011-09-05,ES,diesel,1265.21,726.38
2011-09-12,ES,diesel,1276.84,736.22
2011-09-19,ES,diesel,1275.75,735.3
2011-09-26,ES,diesel,1275.47,735.06
2011-10-03,ES,diesel,1261.92,723.57
2011-10-10,ES,diesel,1268.67,729.28
2011-10-17,ES,diesel,1279.39,738.37
2011-10-24,ES,diesel,1291.51,748.66
2011-10-31,ES,diesel,1296.05,752.5
2011-11-07,ES,diesel,1295.35,751.89
2011-11-14,ES,diesel,1315.98,769.36
2011-11-21,ES,diesel,1322.5,774.92
2011-11-28,ES,diesel,1299.44,755.39
2011-12-05,ES,diesel,1296.79,753.13
2011-12-12,ES,diesel,1297.01,753.31
2011-12-19,ES,diesel,1285.4,743.48
2012-01-09,ES,diesel,1336.26,782.35
2012-01-16,ES,diesel,1360.5,802.96
2012-01-23,ES,diesel,1334.82,781.17
2012-01-30,ES,diesel,1321.86,770.15
2012-02-06,ES,diesel,1325.56,773.27
2012-02-13,ES,diesel,1350.04,794.04
2012-02-20,ES,diesel,1368.3,809.52
2012-02-27,ES,diesel,1372.82,813.35
2012-03-05,ES,diesel,1364.7,802.3
2012-03-12,ES,diesel,1390.83,824.39
2012-03-19,ES,diesel,1399.24,831.54
2012-03-26,ES,diesel,1388.5,822.37
2012-04-02,ES,diesel,1392.56,822.28
2012-04-16,ES,diesel,1375.58,807.88
2012-04-23,ES,diesel,1372.58,805.36
2012-04-30,ES,diesel,1371.76,804.64
2012-05-07,ES,diesel,1373.74,803.49
2012-05-14,ES,diesel,1350.13,783.49
2012-05-21,ES,diesel,1345.11,779.21
2012-05-28,ES,diesel,1330.32,766.62
2012-06-04,ES,diesel,1318.62,755.96
2012-06-11,ES,diesel,1298.74,739.12
2012-06-18,ES,diesel,1290.95,732.54
2012-06-25,ES,diesel,1280.97,719.1
2012-07-02,ES,diesel,1285.06,721.52
2012-07-09,ES,diesel,1324.98,755.34
2012-07-16,ES,diesel,1338.05,766.41
2012-07-23,ES,diesel,1378.38,800.61
2012-07-30,ES,diesel,1374.07,797.0
2012-08-06,ES,diesel,1361.8,786.61
2012-08-13,ES,diesel,1395.14,814.82
2012-08-20,ES,diesel,1420.1,835.99
2012-08-27,ES,diesel,1422.83,838.3
2012-09-03,ES,diesel,1444.99,826.72
2012-09-10,ES,diesel,1441.22,823.55
2012-09-17,ES,diesel,1432.11,816.05
2012-09-24,ES,diesel,1411.95,799.44
2012-10-01,ES,diesel,1415.01,801.96
2012-10-08,ES,diesel,1418.38,804.68
2012-10-15,ES,diesel,1428.32,812.9
2012-10-22,ES,diesel,1403.75,792.58
2012-10-29,ES,diesel,1385.76,777.75
2012-11-05,ES,diesel,1366.84,760.6
2012-11-12,ES,diesel,1350.71,747.28
2012-11-19,ES,diesel,1345.52,742.98
2012-11-26,ES,diesel,1350.54,747.11
2012-12-03,ES,diesel,1354.75,750.6
2012-12-10,ES,diesel,1345.87,743.26
2012-12-17,ES,diesel,1341.34,739.54
2013-01-07,ES,diesel,1362.95,756.91
2013-01-14,ES,diesel,1377.15,768.64
2013-01-21,ES,diesel,1366.96,760.2
2013-01-28,ES,diesel,1375.06,766.9
2013-02-04,ES,diesel,1378.31,769.6
2013-02-11,ES,diesel,1389.04,778.48
2013-02-18,ES,diesel,1410.11,795.9
2013-02-25,ES,diesel,1414.58,799.57
2013-03-04,ES,diesel,1397.71,785.65
2013-03-11,ES,diesel,1377.0,768.55
2013-03-18,ES,diesel,1370.45,763.13
2013-03-25,ES,diesel,1362.61,756.65
2013-04-08,ES,diesel,1374.42,766.41
2013-04-15,ES,diesel,1342.26,739.82
2013-04-22,ES,diesel,1311.28,714.23
2013-04-29,ES,diesel,1308.9,712.26
2013-05-06,ES,diesel,1304.76,708.84
2013-05-13,ES,diesel,1323.84,724.6
2013-05-20,ES,diesel,1329.51,728.88
2013-05-27,ES,diesel,1348.68,744.66
2013-06-03,ES,diesel,1342.69,739.88
2013-06-10,ES,diesel,1329.21,728.74
2013-06-17,ES,diesel,1326.48,726.48
2013-06-24,ES,diesel,1333.91,732.46
2013-07-01,ES,diesel,1332.65,731.45
2013-07-08,ES,diesel,1339.19,736.43
2013-07-15,ES,diesel,1364.18,757.37
2013-07-22,ES,diesel,1372.99,764.63
2013-07-29,ES,diesel,1376.3,767.37
2013-08-05,ES,diesel,1364.06,757.32
2013-08-12,ES,diesel,1359.49,753.55
2013-08-19,ES,diesel,1360.81,754.52
2013-08-26,ES,diesel,1370.63,762.57
2013-09-02,ES,diesel,1382.01,772.0
2013-09-09,ES,diesel,1401.32,787.79
2013-09-16,ES,diesel,1397.4,785.37
2013-09-23,ES,diesel,1380.42,771.34
2013-09-30,ES,diesel,1361.46,755.68
2013-10-07,ES,diesel,1359.35,753.91
2013-10-14,ES,diesel,1360.65,754.94
2013-10-21,ES,diesel,1361.71,755.87
2013-10-28,ES,diesel,1347.27,743.96
2013-11-04,ES,diesel,1338.56,736.76
2013-11-11,ES,diesel,1335.92,734.57
2013-11-18,ES,diesel,1336.54,735.11
2013-11-25,ES,diesel,1343.76,741.07
2013-12-02,ES,diesel,1356.88,751.9
2013-12-09,ES,diesel,1360.61,754.97
2013-12-16,ES,diesel,1346.82,743.56
2014-01-06,ES,diesel,1357.56,751.15
2014-01-13,ES,diesel,1342.56,738.54
2014-01-20,ES,diesel,1335.22,732.48
2014-01-27,ES,diesel,1339.31,735.85
2014-02-03,ES,diesel,1335.81,732.94
2014-02-10,ES,diesel,1335.7,732.87
2014-02-17,ES,diesel,1338.44,735.14
2014-02-24,ES,diesel,1340.08,736.47
2014-03-03,ES,diesel,1342.01,738.08
2014-03-10,ES,diesel,1335.26,732.48
2014-03-17,ES,diesel,1323.39,722.67
2014-03-24,ES,diesel,1314.89,715.66
2014-03-31,ES,diesel,1319.8,719.76
2014-04-07,ES,diesel,1319.12,719.14
2014-04-14,ES,diesel,1320.32,720.12
2014-04-28,ES,diesel,1328.81,727.13
2014-05-05,ES,diesel,1326.82,725.49
2014-05-12,ES,diesel,1314.93,715.68
2014-05-19,ES,diesel,1321.93,721.44
2014-05-26,ES,diesel,1325.62,724.48
2014-06-02,ES,diesel,1326.92,725.58
2014-06-09,ES,diesel,1316.1,716.63
2014-06-16,ES,diesel,1320.18,719.99
2014-06-23,ES,diesel,1340.75,737.0
2014-06-30,ES,diesel,1346.99,742.18
2014-07-07,ES,diesel,1337.88,734.63
2014-07-14,ES,diesel,1327.9,726.39
2014-07-21,ES,diesel,1320.93,720.66
2014-07-28,ES,diesel,1318.72,718.84
2014-08-04,ES,diesel,1315.68,716.35
2014-08-11,ES,diesel,1324.55,723.66
2014-08-18,ES,diesel,1326.24,725.07
2014-08-25,ES,diesel,1319.09,719.18
2014-09-01,ES,diesel,1324.61,723.74
2014-09-08,ES,diesel,1327.61,726.19
2014-09-15,ES,diesel,1326.62,725.36
2014-09-22,ES,diesel,1318.67,718.78
2014-09-29,ES,diesel,1312.81,713.92
2014-10-06,ES,diesel,1313.12,714.2
2014-10-13,ES,diesel,1298.32,701.93
2014-10-20,ES,diesel,1274.06,681.88
2014-10-27,ES,diesel,1259.62,669.98
2014-11-03,ES,diesel,1264.24,673.76
2014-11-10,ES,diesel,1265.8,675.04
2014-11-17,ES,diesel,1262.67,672.49
2014-11-24,ES,diesel,1241.19,654.72
2014-12-01,ES,diesel,1228.73,644.43
2014-12-08,ES,diesel,1195.21,616.67
2014-12-15,ES,diesel,1162.4,589.54
2015-01-05,ES,diesel,1102.08,541.98
2015-01-12,ES,diesel,1079.52,524.24
2015-01-19,ES,diesel,1056.88,505.48
2015-01-26,ES,diesel,1059.48,507.64
2015-02-02,ES,diesel,1071.98,517.98
2015-02-09,ES,diesel,1108.19,547.9
2015-02-16,ES,diesel,1140.62,574.7
2015-02-23,ES,diesel,1162.26,592.58
2015-03-02,ES,diesel,1171.36,600.09
2015-03-09,ES,diesel,1178.2,605.7
2015-03-16,ES,diesel,1178.85,606.28
2015-03-23,ES,diesel,1159.82,590.57
2015-03-30,ES,diesel,1156.04,587.42
2015-04-13,ES,diesel,1152.89,585.17
2015-04-20,ES,diesel,1179.89,607.48
2015-04-27,ES,diesel,1196.77,621.45
2015-05-04,ES,diesel,1200.76,624.71
2015-05-11,ES,diesel,1204.52,627.83
2015-05-18,ES,diesel,1202.56,626.21
2015-05-25,ES,diesel,1203.61,627.08
2015-06-01,ES,diesel,1200.73,624.66
2015-06-08,ES,diesel,1194.56,619.57
2015-06-15,ES,diesel,1185.98,612.5
2015-06-22,ES,diesel,1182.39,609.55
2015-06-29,ES,diesel,1177.22,605.29
2015-07-06,ES,diesel,1177.78,605.74
2015-07-13,ES,diesel,1157.61,589.04
2015-07-20,ES,diesel,1145.32,578.91
2015-07-27,ES,diesel,1137.87,572.76
2015-08-03,ES,diesel,1119.8,557.83
2015-08-10,ES,diesel,1105.81,546.23
2015-08-17,ES,diesel,1096.32,538.39
2015-08-24,ES,diesel,1086.98,530.7
2015-08-31,ES,diesel,1053.98,503.42
2015-09-07,ES,diesel,1081.02,525.72
2015-09-14,ES,diesel,1085.44,529.39
2015-09-21,ES,diesel,1072.39,518.62
2015-09-28,ES,diesel,1071.04,517.49
2015-10-05,ES,diesel,1070.34,516.92
2015-10-12,ES,diesel,1077.48,522.8
2015-10-19,ES,diesel,1062.95,510.83
2015-10-26,ES,diesel,1050.95,500.89
2015-11-02,ES,diesel,1052.99,502.58
2015-11-09,ES,diesel,1067.48,514.55
2015-11-16,ES,diesel,1065.71,513.07
2015-11-23,ES,diesel,1051.33,501.21
2015-11-30,ES,diesel,1053.55,503.04
2015-12-07,ES,diesel,1039.2,491.18
2015-12-14,ES,diesel,1005.97,463.74
2016-01-04,ES,diesel,962.51,427.66
2016-01-11,ES,diesel,957.79,423.65
2016-01-18,ES,diesel,933.65,403.66
2016-01-25,ES,diesel,909.48,383.7
2016-02-01,ES,diesel,918.14,390.84
2016-02-08,ES,diesel,930.03,400.66
2016-02-15,ES,diesel,919.83,392.22
2016-02-22,ES,diesel,928.61,399.48
2016-02-29,ES,diesel,929.62,400.35
2016-03-07,ES,diesel,946.36,414.18
2016-03-14,ES,diesel,971.18,434.68
2016-03-21,ES,diesel,977.67,440.04
2016-04-04,ES,diesel,976.15,438.79
2016-04-11,ES,diesel,953.72,420.25
2016-04-18,ES,diesel,970.94,434.47
2016-04-25,ES,diesel,986.23,447.1
2016-05-02,ES,diesel,1004.22,461.95
2016-05-09,ES,diesel,1005.68,463.16
2016-05-16,ES,diesel,1007.99,465.07
2016-05-23,ES,diesel,1032.1,485.01
2016-05-30,ES,diesel,1048.21,498.3
2016-06-06,ES,diesel,1055.46,504.27
2016-06-13,ES,diesel,1056.75,505.36
2016-06-20,ES,diesel,1052.34,501.74
2016-06-27,ES,diesel,1047.8,498.01
2016-07-04,ES,diesel,1050.43,500.17
2016-07-11,ES,diesel,1041.63,492.85
2016-07-18,ES,diesel,1030.5,483.65
2016-07-25,ES,diesel,1026.62,480.48
2016-08-01,ES,diesel,1014.79,470.68
2016-08-08,ES,diesel,996.32,455.41
2016-08-15,ES,diesel,1003.54,461.39
2016-08-22,ES,diesel,1023.67,478.03
2016-08-29,ES,diesel,1037.45,489.44
2016-09-05,ES,diesel,1034.75,487.18
2016-09-12,ES,diesel,1027.66,481.32
2016-09-19,ES,diesel,1028.65,482.15
2016-09-26,ES,diesel,1028.16,481.79
2016-10-03,ES,diesel,1032.97,485.73
2016-10-10,ES,diesel,1053.09,502.33
2016-10-17,ES,diesel,1067.38,514.16
2016-10-24,ES,diesel,1073.49,519.23
2016-10-31,ES,diesel,1075.12,520.59
2016-11-07,ES,diesel,1061.48,509.33
2016-11-14,ES,diesel,1041.64,492.94
2016-11-21,ES,diesel,1041.24,492.6
2016-11-28,ES,diesel,1059.45,507.64
2016-12-05,ES,diesel,1069.99,516.33
2016-12-12,ES,diesel,1089.81,532.72
2016-12-19,ES,diesel,1105.7,545.86
2017-01-02,ES,diesel,1127.56,564.11
2017-01-09,ES,diesel,1136.88,572.22
2017-01-16,ES,diesel,1129.07,565.75
2017-01-23,ES,diesel,1123.73,561.37
2017-01-30,ES,diesel,1122.78,560.58
2017-02-06,ES,diesel,1124.56,562.03
2017-02-13,ES,diesel,1127.52,564.46
2017-02-20,ES,diesel,1131.11,567.43
2017-02-27,ES,diesel,1133.76,569.64
2017-03-06,ES,diesel,1132.0,568.22
2017-03-13,ES,diesel,1125.05,562.49
2017-03-20,ES,diesel,1105.8,546.58
2017-03-27,ES,diesel,1096.44,538.79
2017-04-03,ES,diesel,1094.37,537.04
2017-04-10,ES,diesel,1108.57,548.81
2017-04-24,ES,diesel,1125.52,562.83
2017-05-01,ES,diesel,1109.45,549.56
2017-05-08,ES,diesel,1093.27,536.17
2017-05-15,ES,diesel,1079.74,524.97
2017-05-22,ES,diesel,1082.44,527.19
2017-05-29,ES,diesel,1087.67,531.51
2017-06-05,ES,diesel,1079.35,524.63
2017-06-12,ES,diesel,1060.65,509.18
2017-06-19,ES,diesel,1050.07,500.44
2017-06-26,ES,diesel,1041.45,493.3
2017-07-03,ES,diesel,1039.07,491.35
2017-07-10,ES,diesel,1048.74,499.35
2017-07-17,ES,diesel,1048.21,498.91
2017-07-24,ES,diesel,1054.4,504.03
2017-07-31,ES,diesel,1061.0,509.51
2017-08-07,ES,diesel,1072.29,518.8
2017-08-14,ES,diesel,1073.15,519.49
2017-08-21,ES,diesel,1070.55,517.34
2017-08-28,ES,diesel,1067.13,514.56
2017-09-04,ES,diesel,1072.36,518.86
2017-09-11,ES,diesel,1084.45,528.8
2017-09-18,ES,diesel,1089.51,533.0
2017-09-25,ES,diesel,1094.92,537.48
2017-10-02,ES,diesel,1107.02,547.49
2017-10-09,ES,diesel,1108.93,549.05
2017-10-16,ES,diesel,1104.24,545.17
2017-10-23,ES,diesel,1109.69,549.69
2017-10-30,ES,diesel,1110.01,549.92
2017-11-06,ES,diesel,1120.9,558.94
2017-11-13,ES,diesel,1134.64,570.3
2017-11-20,ES,diesel,1136.89,572.16
2017-11-27,ES,diesel,1135.36,570.9
2017-12-04,ES,diesel,1135.13,570.71
2017-12-11,ES,diesel,1133.58,569.42
2017-12-18,ES,diesel,1137.64,572.8
2018-01-01,ES,diesel,1146.15,579.85
2018-01-08,ES,diesel,1155.64,587.73
2018-01-15,ES,diesel,1163.62,594.28
2018-01-22,ES,diesel,1165.75,596.05
2018-01-29,ES,diesel,1163.53,594.22
2018-02-05,ES,diesel,1162.79,593.61
2018-02-12,ES,diesel,1153.63,586.05
2018-02-19,ES,diesel,1132.5,568.57
2018-02-26,ES,diesel,1129.88,566.41
2018-03-05,ES,diesel,1136.84,572.18
2018-03-12,ES,diesel,1131.07,567.4
2018-03-19,ES,diesel,1129.76,566.36
2018-03-26,ES,diesel,1140.38,575.14
2018-04-09,ES,diesel,1155.2,587.36
2018-04-16,ES,diesel,1164.14,594.75
2018-04-23,ES,diesel,1173.26,602.31
2018-04-30,ES,diesel,1183.38,610.68
2018-05-07,ES,diesel,1190.79,616.79
2018-05-14,ES,diesel,1207.13,630.27
2018-05-21,ES,diesel,1227.82,647.32
2018-05-28,ES,diesel,1240.83,658.1
2018-06-04,ES,diesel,1242.56,659.53
2018-06-11,ES,diesel,1237.96,655.76
2018-06-18,ES,diesel,1232.37,651.16
2018-06-25,ES,diesel,1223.11,643.46
2018-07-02,ES,diesel,1221.72,642.34
2018-07-09,ES,diesel,1229.1,648.44
2018-07-16,ES,diesel,1229.25,648.57
2018-07-23,ES,diesel,1221.44,642.15
2018-07-30,ES,diesel,1221.78,642.44
2018-08-06,ES,diesel,1226.21,646.05
2018-08-13,ES,diesel,1226.61,646.37
2018-08-20,ES,diesel,1228.54,647.98
2018-08-27,ES,diesel,1230.38,649.51
2018-09-03,ES,diesel,1238.76,656.45
2018-09-10,ES,diesel,1246.42,662.74
2018-09-17,ES,diesel,1247.53,663.7
2018-09-24,ES,diesel,1244.79,661.41
2018-10-01,ES,diesel,1250.24,665.94
2018-10-08,ES,diesel,1271.48,683.48
2018-10-15,ES,diesel,1284.92,694.57
2018-10-22,ES,diesel,1275.65,686.94
2018-10-29,ES,diesel,1276.55,687.68
2018-11-05,ES,diesel,1274.83,686.24
2018-11-12,ES,diesel,1263.1,676.55
2018-11-19,ES,diesel,1247.38,663.55
2018-11-26,ES,diesel,1225.69,645.62
2018-12-03,ES,diesel,1195.64,620.8
2018-12-10,ES,diesel,1176.62,605.06
2018-12-17,ES,diesel,1163.62,594.33
2019-01-07,ES,diesel,1129.84,554.75
2019-01-14,ES,diesel,1148.32,570.02
2019-01-21,ES,diesel,1166.3,584.88
2019-01-28,ES,diesel,1177.68,594.29
2019-02-04,ES,diesel,1184.95,600.3
2019-02-11,ES,diesel,1190.86,605.18
2019-02-18,ES,diesel,1200.36,613.03
2019-02-25,ES,diesel,1219.89,629.17
2019-03-04,ES,diesel,1225.46,633.78
2019-03-11,ES,diesel,1228.87,636.6
2019-03-18,ES,diesel,1230.1,637.61
2019-03-25,ES,diesel,1228.48,636.27
2019-04-01,ES,diesel,1228.41,636.21
2019-04-08,ES,diesel,1232.49,639.59
2019-04-15,ES,diesel,1242.22,647.63
2019-04-29,ES,diesel,1257.37,660.15
2019-05-06,ES,diesel,1258.08,660.74
2019-05-13,ES,diesel,1257.94,660.62
2019-05-20,ES,diesel,1259.11,661.59
2019-05-27,ES,diesel,1260.94,663.1
2019-06-03,ES,diesel,1247.11,651.67
2019-06-10,ES,diesel,1219.12,628.54
2019-06-17,ES,diesel,1199.2,612.07
2019-06-24,ES,diesel,1194.23,607.97
2019-07-01,ES,diesel,1201.47,613.95
2019-07-08,ES,diesel,1205.21,617.04
2019-07-15,ES,diesel,1210.54,621.45
2019-07-22,ES,diesel,1213.55,623.93
2019-07-29,ES,diesel,1212.06,622.7
2019-08-05,ES,diesel,1216.72,626.55
2019-08-12,ES,diesel,1208.16,619.48
2019-08-19,ES,diesel,1200.28,612.97
2019-08-26,ES,diesel,1198.25,611.29
2019-09-02,ES,diesel,1197.61,610.76
2019-09-09,ES,diesel,1200.17,612.88
2019-09-16,ES,diesel,1209.16,620.31
2019-09-23,ES,diesel,1226.2,634.39
2019-09-30,ES,diesel,1229.67,637.26
2019-10-07,ES,diesel,1221.0,630.09
2019-10-14,ES,diesel,1213.19,623.64
2019-10-21,ES,diesel,1211.74,622.44
2019-10-28,ES,diesel,1211.89,622.56
2019-11-04,ES,diesel,1214.45,624.68
2019-11-11,ES,diesel,1215.81,625.8
2019-11-18,ES,diesel,1214.55,624.76
2019-11-25,ES,diesel,1214.53,624.74
2019-12-02,ES,diesel,1219.17,628.58
2019-12-09,ES,diesel,1218.48,628.01
2019-12-16,ES,diesel,1221.01,630.1
2020-01-06,ES,diesel,1247.07,651.64
2020-01-13,ES,diesel,1253.95,657.32
2020-01-20,ES,diesel,1246.58,651.23
2020-01-27,ES,diesel,1235.97,642.46
2020-02-03,ES,diesel,1221.4,630.42
2020-02-10,ES,diesel,1206.24,617.89
2020-02-17,ES,diesel,1200.35,613.02
2020-02-24,ES,diesel,1201.55,614.02
2020-03-02,ES,diesel,1190.06,604.52
2020-03-09,ES,diesel,1171.08,588.83
2020-03-16,ES,diesel,1127.8,553.07
2020-03-23,ES,diesel,1084.89,517.6
2020-03-30,ES,diesel,1057.41,494.89
2020-04-06,ES,diesel,1037.83,478.71
2020-04-20,ES,diesel,1022.21,465.8
2020-04-27,ES,diesel,999.8,447.28
2020-05-04,ES,diesel,981.42,432.09
2020-05-11,ES,diesel,980.7,431.5
2020-05-18,ES,diesel,985.0,435.05
2020-05-25,ES,diesel,997.96,445.76
2020-06-01,ES,diesel,1001.88,449.0
2020-06-08,ES,diesel,1007.95,454.02
2020-06-15,ES,diesel,1019.17,463.29
2020-06-22,ES,diesel,1028.0,470.59
2020-06-29,ES,diesel,1040.34,480.79
2020-07-06,ES,diesel,1045.77,485.27
2020-07-13,ES,diesel,1056.5,494.14
2020-07-20,ES,diesel,1060.5,497.45
2020-07-27,ES,diesel,1063.04,499.55
2020-08-03,ES,diesel,1060.96,497.83
2020-08-10,ES,diesel,1059.84,496.9
2020-08-17,ES,diesel,1061.22,498.04
2020-08-24,ES,diesel,1061.26,498.07
2020-08-31,ES,diesel,1059.43,496.56
2020-09-07,ES,diesel,1054.79,492.73
2020-09-14,ES,diesel,1040.11,480.6
2020-09-21,ES,diesel,1033.85,475.42
2020-09-28,ES,diesel,1030.46,472.62
2020-10-05,ES,diesel,1028.93,471.36
2020-10-12,ES,diesel,1029.87,472.13
2020-10-19,ES,diesel,1029.92,472.17
2020-10-26,ES,diesel,1025.58,468.59
2020-11-02,ES,diesel,1017.54,461.94
2020-11-09,ES,diesel,1014.27,459.24
2020-11-16,ES,diesel,1024.85,467.98
2020-11-23,ES,diesel,1031.86,473.78
2020-11-30,ES,diesel,1043.21,483.16
2020-12-07,ES,diesel,1048.53,487.55
2020-12-14,ES,diesel,1057.85,495.26
2020-12-21,ES,diesel,1069.01,504.48
2021-01-11,ES,diesel,1085.33,517.97
2021-01-18,ES,diesel,1099.19,529.42
2021-01-25,ES,diesel,1106.61,535.55
2021-02-01,ES,diesel,1108.17,536.84
2021-02-08,ES,diesel,1119.3,546.04
2021-02-15,ES,diesel,1133.67,557.92
2021-02-22,ES,diesel,1150.63,571.93
2021-03-01,ES,diesel,1165.15,583.93
2021-03-08,ES,diesel,1173.29,590.66
2021-03-15,ES,diesel,1187.35,602.28
2021-03-22,ES,diesel,1192.73,606.73
2021-03-29,ES,diesel,1184.25,599.72
2021-04-12,ES,diesel,1179.02,595.4
2021-04-19,ES,diesel,1179.82,596.06
2021-04-26,ES,diesel,1183.48,599.08
2021-05-03,ES,diesel,1188.29,603.06
2021-05-10,ES,diesel,1199.8,612.57
2021-05-17,ES,diesel,1208.0,619.35
2021-05-24,ES,diesel,1210.66,621.55
2021-05-31,ES,diesel,1212.41,622.99
2021-06-07,ES,diesel,1221.29,630.33
2021-06-14,ES,diesel,1231.68,638.92
2021-06-21,ES,diesel,1238.17,644.28
2021-06-28,ES,diesel,1246.55,651.21
2021-07-05,ES,diesel,1253.82,657.21
2021-07-12,ES,diesel,1262.57,664.45
2021-07-19,ES,diesel,1267.52,668.54
2021-07-26,ES,diesel,1263.72,665.4
2021-08-02,ES,diesel,1269.75,670.38
2021-08-09,ES,diesel,1270.44,670.95
2021-08-16,ES,diesel,1266.15,667.4
2021-08-23,ES,diesel,1260.41,662.66
2021-08-30,ES,diesel,1258.97,661.47
2021-09-06,ES,diesel,1265.64,666.98
2021-09-13,ES,diesel,1270.75,671.21
2021-09-20,ES,diesel,1279.86,678.74
2021-09-27,ES,diesel,1290.97,687.92
2021-10-04,ES,diesel,1309.47,703.21
2021-10-11,ES,diesel,1335.29,724.55
2021-10-18,ES,diesel,1357.86,743.2
2021-10-25,ES,diesel,1373.56,756.17
2021-11-01,ES,diesel,1381.95,763.11
2021-11-08,ES,diesel,1384.35,765.09
2021-11-15,ES,diesel,1385.64,766.16
2021-11-22,ES,diesel,1380.57,761.97
2021-11-29,ES,diesel,1376.55,758.64
2021-12-06,ES,diesel,1354.78,740.65
2021-12-13,ES,diesel,1346.64,733.93
2021-12-20,ES,diesel,1344.36,732.04
2022-01-03,ES,diesel,1347.15,734.35
2022-01-10,ES,diesel,1359.84,744.83
2022-01-17,ES,diesel,1380.66,762.04
2022-01-24,ES,diesel,1403.82,781.18
2022-01-31,ES,diesel,1422.17,796.35
2022-02-07,ES,diesel,1444.36,814.69
2022-02-14,ES,diesel,1462.7,829.84
2022-02-21,ES,diesel,1479.49,843.72
2022-02-28,ES,diesel,1496.79,858.02
2022-03-07,ES,diesel,1581.01,927.62
2022-03-14,ES,diesel,1817.36,1122.95
2022-03-21,ES,diesel,1797.63,1106.64
2022-03-28,ES,diesel,1837.19,1139.34
2022-04-04,ES,diesel,1847.03,1147.47
2022-04-11,ES,diesel,1813.87,1120.07
2022-04-25,ES,diesel,1847.41,1147.79
2022-05-02,ES,diesel,1872.79,1168.76
2022-05-09,ES,diesel,1911.49,1200.74
2022-05-16,ES,diesel,1887.07,1180.56
2022-05-23,ES,diesel,1867.03,1164.0
2022-05-30,ES,diesel,1852.21,1151.75
2022-06-06,ES,diesel,1916.9,1205.21
2022-06-13,ES,diesel,2003.73,1276.98
2022-06-20,ES,diesel,2076.53,1337.14
2022-06-27,ES,diesel,2100.48,1356.93
2022-07-04,ES,diesel,2076.49,1337.11
2022-07-11,ES,diesel,2022.5,1292.49
2022-07-18,ES,diesel,1971.61,1250.43
2022-07-25,ES,diesel,1933.06,1218.57
2022-08-01,ES,diesel,1893.32,1185.73
2022-08-08,ES,diesel,1854.26,1153.45
2022-08-15,ES,diesel,1806.08,1113.63
2022-08-22,ES,diesel,1816.15,1121.95
2022-08-29,ES,diesel,1882.55,1176.83
2022-09-05,ES,diesel,1921.21,1208.78
2022-09-12,ES,diesel,1905.73,1195.98
2022-09-19,ES,diesel,1867.99,1164.79
2022-09-26,ES,diesel,1822.01,1126.79
2022-10-03,ES,diesel,1808.35,1115.5
2022-10-10,ES,diesel,1856.6,1155.38
2022-10-17,ES,diesel,1949.2,1231.91
2022-10-24,ES,diesel,1972.9,1251.5
2022-10-31,ES,diesel,1971.43,1250.28
2022-11-07,ES,diesel,1963.98,1244.12
2022-11-14,ES,diesel,1939.9,1224.22
2022-11-21,ES,diesel,1876.78,1172.06
2022-11-28,ES,diesel,1821.57,1126.43
2022-12-05,ES,diesel,1763.96,1078.82
2022-12-12,ES,diesel,1710.97,1035.02
2022-12-19,ES,diesel,1661.75,994.35
2022-12-26,ES,diesel,1643.35,979.14
2023-01-02,ES,diesel,1660.81,993.57
2023-01-09,ES,diesel,1681.94,1011.03
2023-01-16,ES,diesel,1679.08,1008.67
2023-01-23,ES,diesel,1688.31,1016.3
2023-01-30,ES,diesel,1704.04,1029.3
2023-02-06,ES,diesel,1677.42,1007.3
2023-02-13,ES,diesel,1628.75,967.07
2023-02-20,ES,diesel,1611.4,952.74
2023-02-27,ES,diesel,1589.1,934.31
2023-03-06,ES,diesel,1588.8,934.06
2023-03-13,ES,diesel,1592.66,937.25
2023-03-20,ES,diesel,1571.04,919.38
2023-03-27,ES,diesel,1545.89,898.6
2023-04-03,ES,diesel,1529.96,885.43
2023-04-10,ES,diesel,1523.72,880.27
2023-04-17,ES,diesel,1519.75,876.99
2023-04-24,ES,diesel,1496.46,857.74
2023-05-01,ES,diesel,1464.69,831.49
2023-05-08,ES,diesel,1433.72,805.89
2023-05-15,ES,diesel,1411.99,787.93
2023-05-22,ES,diesel,1409.1,785.55
2023-05-29,ES,diesel,1415.84,791.12
2023-06-05,ES,diesel,1417.19,792.23
2023-06-12,ES,diesel,1424.16,797.99
2023-06-19,ES,diesel,1427.15,800.46
2023-06-26,ES,diesel,1441.39,812.23
2023-07-03,ES,diesel,1437.57,809.07
2023-07-10,ES,diesel,1439.65,810.79
2023-07-17,ES,diesel,1453.48,822.22
2023-07-24,ES,diesel,1465.31,832.0
2023-07-31,ES,diesel,1501.79,862.15
2023-08-07,ES,diesel,1552.66,904.19
2023-08-14,ES,diesel,1586.19,931.9
2023-08-21,ES,diesel,1601.91,944.89
2023-08-28,ES,diesel,1612.26,953.45
2023-09-04,ES,diesel,1622.82,962.17
2023-09-11,ES,diesel,1634.15,971.54
2023-09-18,ES,diesel,1668.26,999.73
2023-09-25,ES,diesel,1685.91,1014.31
2023-10-02,ES,diesel,1687.7,1015.79
2023-10-09,ES,diesel,1682.77,1011.72
2023-10-16,ES,diesel,1656.88,990.32
2023-10-23,ES,diesel,1654.07,988.0
2023-10-30,ES,diesel,1645.78,981.15
2023-11-06,ES,diesel,1640.81,977.04
2023-11-13,ES,diesel,1607.09,949.17
2023-11-20,ES,diesel,1577.08,924.37
2023-11-27,ES,diesel,1558.59,909.09
2023-12-04,ES,diesel,1543.08,896.27
2023-12-11,ES,diesel,1526.59,882.64
2023-12-18,ES,diesel,1501.66,862.04
2023-12-25,ES,diesel,1492.96,854.85
2024-01-01,ES,diesel,1493.65,855.42
2024-01-08,ES,diesel,1488.02,850.77
2024-01-15,ES,diesel,1483.88,847.35
2024-01-22,ES,diesel,1486.82,849.78
2024-01-29,ES,diesel,1495.81,857.21
2024-02-05,ES,diesel,1512.95,871.37
2024-02-12,ES,diesel,1527.89,883.72
2024-02-19,ES,diesel,1558.29,908.84
2024-02-26,ES,diesel,1561.32,911.35
2024-03-04,ES,diesel,1552.25,903.85
2024-03-11,ES,diesel,1542.49,895.79
2024-03-18,ES,diesel,1532.37,887.42
2024-03-25,ES,diesel,1540.1,893.81
2024-04-01,ES,diesel,1541.86,895.26
2024-04-08,ES,diesel,1551.58,903.3
2024-04-15,ES,diesel,1560.52,910.69
2024-04-22,ES,diesel,1558.75,909.22
2024-04-29,ES,diesel,1541.72,895.15
2024-05-06,ES,diesel,1531.16,886.42
2024-05-13,ES,diesel,1512.33,870.86
2024-05-20,ES,diesel,1495.38,856.85
2024-05-27,ES,diesel,1484.46,847.83
2024-06-03,ES,diesel,1474.82,839.86
2024-06-10,ES,diesel,1457.23,825.32
2024-06-17,ES,diesel,1453.51,822.25
2024-06-24,ES,diesel,1470.49,836.28
2024-07-01,ES,diesel,1488.2,850.92
2024-07-08,ES,diesel,1499.79,860.5
2024-07-15,ES,diesel,1500.03,860.69
2024-07-22,ES,diesel,1492.58,854.54
2024-07-29,ES,diesel,1483.25,846.83
2024-08-05,ES,diesel,1473.61,873.0362406797295
2024-08-12,ES,diesel,1459.36,827.08
2024-08-19,ES,diesel,1453.27,822.05
2024-08-26,ES,diesel,1437.74,809.21
2024-09-02,ES,diesel,1424.24,798.06
2024-09-09,ES,diesel,1406.02,783.0
2024-09-16,ES,diesel,1380.38,761.81
2024-09-23,ES,diesel,1367.42,751.1
2024-09-30,ES,diesel,1362.4,746.95
2024-10-07,ES,diesel,1362.42,746.97
2024-10-14,ES,diesel,1383.79,764.63
2024-10-21,ES,diesel,1392.53,771.85
2024-10-28,ES,diesel,1392.86,772.12
2024-11-04,ES,diesel,1391.46,770.97
2024-11-11,ES,diesel,1399.27,770.97
2024-11-18,ES,diesel,1406.18,783.13
2024-11-25,ES,diesel,1420.23,794.74
2024-12-02,ES,diesel,1431.08,803.71
2024-12-09,ES,diesel,1431.54,804.09
2024-12-16,ES,diesel,1432.37,804.78
2024-12-23,ES,diesel,1438.58,809.91
2024-12-30,ES,diesel,1442.69,813.31
2005-01-03,ES,gasoline,841.42,322.62
2005-01-10,ES,gasoline,840.6,321.89
2005-01-17,ES,gasoline,844.13,324.94
2005-01-24,ES,gasoline,852.62,332.25
2005-01-31,ES,gasoline,861.46,339.88
2005-02-07,ES,gasoline,872.58,349.46
2005-02-14,ES,gasoline,883.57,358.94
2005-02-21,ES,gasoline,884.58,359.82
2005-02-28,ES,gasoline,888.52,363.21
2005-03-07,ES,gasoline,902.43,375.19
2005-03-14,ES,gasoline,902.36,375.14
2005-03-21,ES,gasoline,902.84,375.55
2005-04-04,ES,gasoline,914.52,385.62
2005-04-11,ES,gasoline,922.63,392.59
2005-04-18,ES,gasoline,933.13,401.63
2005-04-25,ES,gasoline,943.11,410.23
2005-05-02,ES,gasoline,943.37,410.45
2005-05-09,ES,gasoline,935.08,403.32
2005-05-16,ES,gasoline,928.72,397.86
2005-05-23,ES,gasoline,930.4,399.29
2005-05-30,ES,gasoline,927.04,396.4
2005-06-06,ES,gasoline,930.51,399.38
2005-06-13,ES,gasoline,946.39,413.07
2005-06-20,ES,gasoline,965.09,429.19
2005-06-27,ES,gasoline,981.58,443.38
2005-07-04,ES,gasoline,980.95,442.84
2005-07-11,ES,gasoline,996.1,455.92
2005-07-18,ES,gasoline,1000.0,459.28
2005-07-25,ES,gasoline,999.18,458.55
2005-08-01,ES,gasoline,1008.98,467.01
2005-08-08,ES,gasoline,1016.34,473.36
2005-08-15,ES,gasoline,1016.34,473.36
2005-08-22,ES,gasoline,1034.27,488.72
2005-08-29,ES,gasoline,1045.38,498.31
2005-09-05,ES,gasoline,1099.32,544.87
2005-09-12,ES,gasoline,1092.89,539.34
2005-09-19,ES,gasoline,1073.24,522.42
2005-09-26,ES,gasoline,1074.12,523.18
2005-10-03,ES,gasoline,1064.34,514.76
2005-10-10,ES,gasoline,1064.13,514.54
2005-10-17,ES,gasoline,1051.27,503.43
2005-10-24,ES,gasoline,1033.82,488.42
2005-11-07,ES,gasoline,1005.38,463.91
2005-11-14,ES,gasoline,992.38,452.7
2005-11-21,ES,gasoline,980.77,442.71
2005-11-28,ES,gasoline,960.34,425.08
2005-12-05,ES,gasoline,957.86,423.07
2005-12-12,ES,gasoline,977.18,439.63
2005-12-19,ES,gasoline,980.34,442.34
2006-01-09,ES,gasoline,991.91,447.66
2006-01-16,ES,gasoline,1000.83,455.35
2006-01-23,ES,gasoline,1005.13,459.05
2006-01-30,ES,gasoline,1005.89,459.7
2006-02-06,ES,gasoline,1008.0,461.51
2006-02-13,ES,gasoline,1003.44,457.58
2006-02-20,ES,gasoline,982.74,439.72
2006-02-27,ES,gasoline,1000.82,455.31
2006-03-06,ES,gasoline,998.3,453.15
2006-03-13,ES,gasoline,1003.02,457.22
2006-03-20,ES,gasoline,1017.27,469.5
2006-03-27,ES,gasoline,1022.07,473.64
2006-04-03,ES,gasoline,1037.03,486.54
2006-04-10,ES,gasoline,1051.0,498.58
2006-04-24,ES,gasoline,1084.31,527.28
2006-05-01,ES,gasoline,1094.31,535.91
2006-05-08,ES,gasoline,1098.03,539.1
2006-05-15,ES,gasoline,1098.48,539.51
2006-05-22,ES,gasoline,1087.21,529.79
2006-05-29,ES,gasoline,1089.81,532.01
2006-06-05,ES,gasoline,1083.68,526.75
2006-06-12,ES,gasoline,1090.14,532.3
2006-06-19,ES,gasoline,1093.83,535.52
2006-06-26,ES,gasoline,1085.62,528.42
2006-07-03,ES,gasoline,1101.0,541.69
2006-07-10,ES,gasoline,1110.25,549.66
2006-07-17,ES,gasoline,1130.65,567.23
2006-07-24,ES,gasoline,1135.39,571.33
2006-07-31,ES,gasoline,1137.98,573.55
2006-08-07,ES,gasoline,1136.59,572.37
2006-08-14,ES,gasoline,1128.07,565.01
2006-08-21,ES,gasoline,1105.66,545.71
2006-08-28,ES,gasoline,1078.25,522.07
2006-09-04,ES,gasoline,1061.4,507.55
2006-09-11,ES,gasoline,1026.35,477.32
2006-09-18,ES,gasoline,1006.58,460.29
2006-09-25,ES,gasoline,993.3,448.72
2006-10-02,ES,gasoline,976.28,434.16
2006-10-09,ES,gasoline,969.3,428.14
2006-10-16,ES,gasoline,966.69,425.89
2006-10-23,ES,gasoline,960.53,420.66
2006-10-30,ES,gasoline,960.48,420.43
2006-11-06,ES,gasoline,950.56,411.98
2006-11-13,ES,gasoline,955.78,416.36
2006-11-20,ES,gasoline,956.38,416.86
2006-11-27,ES,gasoline,957.31,417.73
2006-12-04,ES,gasoline,958.59,418.76
2006-12-11,ES,gasoline,964.18,423.68
2006-12-18,ES,gasoline,965.44,424.88
2007-01-08,ES,gasoline,959.96,420.02
2007-01-15,ES,gasoline,949.8,411.24
2007-01-22,ES,gasoline,940.27,402.99
2007-01-29,ES,gasoline,941.6,404.17
2007-02-05,ES,gasoline,947.2,409.02
2007-02-12,ES,gasoline,956.66,417.2
2007-02-19,ES,gasoline,956.55,417.15
2007-02-26,ES,gasoline,969.17,428.01
2007-03-05,ES,gasoline,998.25,453.09
2007-03-12,ES,gasoline,1009.11,462.43
2007-03-19,ES,gasoline,1001.39,455.79
2007-03-26,ES,gasoline,1001.7,456.04
2007-04-02,ES,gasoline,1024.12,475.34
2007-04-16,ES,gasoline,1046.34,494.54
2007-04-23,ES,gasoline,1046.04,494.3
2007-04-30,ES,gasoline,1063.5,509.34
2007-05-07,ES,gasoline,1075.46,519.63
2007-05-14,ES,gasoline,1081.19,524.59
2007-05-21,ES,gasoline,1092.33,534.09
2007-05-28,ES,gasoline,1096.86,537.95
2007-06-04,ES,gasoline,1091.43,534.0
2007-06-11,ES,gasoline,1086.91,529.5
2007-06-18,ES,gasoline,1092.67,534.44
2007-06-25,ES,gasoline,1098.19,539.2
2007-07-02,ES,gasoline,1098.5,539.47
2007-07-09,ES,gasoline,1090.94,532.87
2007-07-16,ES,gasoline,1093.38,535.03
2007-07-23,ES,gasoline,1082.99,526.07
2007-07-30,ES,gasoline,1071.4,516.08
2007-08-06,ES,gasoline,1067.58,512.92
2007-08-13,ES,gasoline,1054.54,502.78
2007-08-20,ES,gasoline,1056.44,503.25
2007-08-27,ES,gasoline,1052.4,499.97
2007-09-03,ES,gasoline,1055.69,502.59
2007-09-10,ES,gasoline,1063.21,509.11
2007-09-17,ES,gasoline,1064.1,509.79
2007-09-24,ES,gasoline,1066.53,511.98
2007-10-01,ES,gasoline,1066.87,512.28
2007-10-08,ES,gasoline,1055.32,502.31
2007-10-15,ES,gasoline,1055.71,502.68
2007-10-22,ES,gasoline,1065.0,510.63
2007-10-29,ES,gasoline,1075.45,519.61
2007-11-05,ES,gasoline,1083.68,526.69
2007-11-12,ES,gasoline,1091.54,533.5
2007-11-19,ES,gasoline,1092.16,534.03
2007-11-26,ES,gasoline,1105.1,545.19
2007-12-03,ES,gasoline,1109.89,549.29
2007-12-10,ES,gasoline,1095.71,537.06
2007-12-17,ES,gasoline,1095.87,537.14
2008-01-07,ES,gasoline,1114.73,553.42
2008-01-14,ES,gasoline,1112.51,551.54
2008-01-21,ES,gasoline,1098.33,539.39
2008-01-28,ES,gasoline,1094.56,536.09
2008-02-04,ES,gasoline,1093.12,534.87
2008-02-11,ES,gasoline,1099.38,540.19
2008-02-18,ES,gasoline,1112.52,551.57
2008-02-25,ES,gasoline,1128.54,565.38
2008-03-03,ES,gasoline,1127.39,564.41
2008-03-10,ES,gasoline,1120.52,558.51
2008-03-17,ES,gasoline,1130.42,567.02
2008-03-31,ES,gasoline,1125.74,563.0
2008-04-07,ES,gasoline,1123.59,561.15
2008-04-14,ES,gasoline,1130.61,567.2
2008-04-21,ES,gasoline,1143.99,578.72
2008-04-28,ES,gasoline,1166.28,597.94
2008-05-05,ES,gasoline,1173.93,604.53
2008-05-12,ES,gasoline,1186.43,615.3
2008-05-19,ES,gasoline,1205.04,631.36
2008-05-26,ES,gasoline,1228.46,651.58
2008-06-02,ES,gasoline,1233.52,655.93
2008-06-09,ES,gasoline,1237.12,658.98
2008-06-16,ES,gasoline,1251.6,671.52
2008-06-23,ES,gasoline,1255.59,674.97
2008-06-30,ES,gasoline,1260.61,679.33
2008-07-07,ES,gasoline,1270.74,688.02
2008-07-14,ES,gasoline,1276.94,693.34
2008-07-21,ES,gasoline,1264.16,682.35
2008-07-28,ES,gasoline,1234.05,656.34
2008-08-04,ES,gasoline,1212.44,637.72
2008-08-11,ES,gasoline,1196.86,624.26
2008-08-18,ES,gasoline,1192.11,620.22
2008-08-25,ES,gasoline,1189.29,617.82
2008-09-01,ES,gasoline,1194.46,622.27
2008-09-08,ES,gasoline,1185.88,614.83
2008-09-15,ES,gasoline,1183.19,612.48
2008-09-22,ES,gasoline,1161.66,593.93
2008-09-29,ES,gasoline,1144.02,578.81
2008-10-06,ES,gasoline,1140.35,575.63
2008-10-13,ES,gasoline,1111.32,550.51
2008-10-20,ES,gasoline,1057.63,504.22
2008-10-27,ES,gasoline,1022.71,474.14
2008-11-03,ES,gasoline,990.54,446.44
2008-11-10,ES,gasoline,966.76,425.91
2008-11-17,ES,gasoline,944.14,406.42
2008-11-24,ES,gasoline,908.74,375.9
2008-12-01,ES,gasoline,901.8,369.87
2008-12-08,ES,gasoline,889.1,359.01
2008-12-15,ES,gasoline,860.94,334.75
2009-01-05,ES,gasoline,825.15,303.81
2009-01-12,ES,gasoline,867.71,340.55
2009-01-19,ES,gasoline,881.29,352.28
2009-01-26,ES,gasoline,890.63,360.31
2009-02-02,ES,gasoline,901.72,369.89
2009-02-09,ES,gasoline,913.55,380.09
2009-02-16,ES,gasoline,921.9,387.33
2009-02-23,ES,gasoline,900.89,369.2
2009-03-02,ES,gasoline,895.35,364.43
2009-03-09,ES,gasoline,918.14,384.09
2009-03-16,ES,gasoline,906.8,374.27
2009-03-23,ES,gasoline,911.46,378.28
2009-03-30,ES,gasoline,939.29,402.29
2009-04-06,ES,gasoline,942.21,404.81
2009-04-20,ES,gasoline,953.42,413.51
2009-04-27,ES,gasoline,956.17,416.85
2009-05-04,ES,gasoline,950.91,412.31
2009-05-11,ES,gasoline,969.86,428.65
2009-05-18,ES,gasoline,983.36,440.25
2009-05-25,ES,gasoline,1005.95,459.71
2009-06-01,ES,gasoline,1004.12,458.15
2009-06-08,ES,gasoline,1025.18,476.3
2009-06-15,ES,gasoline,1075.33,490.51
2009-06-22,ES,gasoline,1100.82,512.52
2009-06-29,ES,gasoline,1083.86,497.89
2009-07-06,ES,gasoline,1066.51,482.91
2009-07-13,ES,gasoline,1048.8,467.62
2009-07-20,ES,gasoline,1034.88,455.64
2009-07-27,ES,gasoline,1047.11,466.18
2009-08-03,ES,gasoline,1072.63,488.17
2009-08-10,ES,gasoline,1099.03,510.95
2009-08-17,ES,gasoline,1098.8,510.74
2009-08-24,ES,gasoline,1091.77,504.64
2009-08-31,ES,gasoline,1077.37,492.24
2009-09-07,ES,gasoline,1066.2,482.65
2009-09-14,ES,gasoline,1054.73,472.77
2009-09-21,ES,gasoline,1052.23,470.61
2009-09-28,ES,gasoline,1032.45,453.51
2009-10-05,ES,gasoline,1027.84,449.57
2009-10-12,ES,gasoline,1037.92,458.29
2009-10-19,ES,gasoline,1055.33,473.28
2009-10-26,ES,gasoline,1069.02,485.07
2009-11-02,ES,gasoline,1080.9,495.31
2009-11-09,ES,gasoline,1079.15,493.79
2009-11-16,ES,gasoline,1070.73,486.54
2009-11-23,ES,gasoline,1072.72,488.24
2009-11-30,ES,gasoline,1065.98,482.42
2009-12-07,ES,gasoline,1069.55,485.53
2009-12-14,ES,gasoline,1060.58,477.73
2009-12-21,ES,gasoline,1052.87,471.1
2010-01-04,ES,gasoline,1089.81,502.97
2010-01-11,ES,gasoline,1108.53,519.12
2010-01-18,ES,gasoline,1104.29,515.47
2010-01-25,ES,gasoline,1100.19,511.93
2010-02-01,ES,gasoline,1095.21,507.63
2010-02-08,ES,gasoline,1105.32,516.32
2010-02-15,ES,gasoline,1098.85,510.79
2010-02-22,ES,gasoline,1107.94,518.61
2010-03-01,ES,gasoline,1119.41,528.53
2010-03-08,ES,gasoline,1135.66,542.49
2010-03-15,ES,gasoline,1156.18,560.14
2010-03-22,ES,gasoline,1158.55,562.17
2010-03-29,ES,gasoline,1169.07,571.23
2010-04-12,ES,gasoline,1185.12,585.15
2010-04-19,ES,gasoline,1177.75,578.81
2010-04-26,ES,gasoline,1175.68,577.03
2010-05-03,ES,gasoline,1189.76,589.16
2010-05-10,ES,gasoline,1189.34,588.79
2010-05-17,ES,gasoline,1181.7,582.2
2010-05-24,ES,gasoline,1159.03,562.64
2010-05-31,ES,gasoline,1152.88,557.35
2010-06-07,ES,gasoline,1164.47,567.38
2010-06-14,ES,gasoline,1165.92,568.63
2010-06-21,ES,gasoline,1175.99,577.3
2010-06-28,ES,gasoline,1167.7,570.17
2010-07-05,ES,gasoline,1179.13,562.79
2010-07-12,ES,gasoline,1166.76,547.98
2010-07-19,ES,gasoline,1165.3,546.74
2010-07-26,ES,gasoline,1165.49,546.9
2010-08-02,ES,gasoline,1167.76,548.83
2010-08-09,ES,gasoline,1175.8,555.62
2010-08-16,ES,gasoline,1167.26,548.36
2010-08-23,ES,gasoline,1152.15,535.6
2010-08-30,ES,gasoline,1156.54,539.33
2010-09-06,ES,gasoline,1163.25,545.0
2010-09-13,ES,gasoline,1169.46,550.24
2010-09-20,ES,gasoline,1179.38,558.66
2010-09-27,ES,gasoline,1155.14,538.13
2010-10-04,ES,gasoline,1152.76,536.12
2010-10-11,ES,gasoline,1172.85,553.13
2010-10-18,ES,gasoline,1175.63,555.5
2010-10-25,ES,gasoline,1173.46,553.67
2010-11-08,ES,gasoline,1171.72,552.16
2010-11-15,ES,gasoline,1196.82,573.43
2010-11-22,ES,gasoline,1190.57,568.16
2010-11-29,ES,gasoline,1207.9,582.81
2010-12-06,ES,gasoline,1230.21,601.75
2010-12-13,ES,gasoline,1241.99,611.73
2010-12-20,ES,gasoline,1235.29,606.07
2011-01-03,ES,gasoline,1256.78,622.42
2011-01-10,ES,gasoline,1265.11,629.47
2011-01-17,ES,gasoline,1285.6,646.87
2011-01-24,ES,gasoline,1271.22,634.71
2011-01-31,ES,gasoline,1258.51,623.93
2011-02-07,ES,gasoline,1270.75,634.28
2011-02-14,ES,gasoline,1271.24,634.67
2011-02-21,ES,gasoline,1284.73,647.96
2011-02-28,ES,gasoline,1308.9,666.61
2011-03-07,ES,gasoline,1321.77,677.48
2011-03-14,ES,gasoline,1324.55,679.84
2011-03-21,ES,gasoline,1305.06,663.32
2011-03-28,ES,gasoline,1330.56,684.94
2011-04-04,ES,gasoline,1336.76,690.21
2011-04-11,ES,gasoline,1354.26,705.03
2011-04-18,ES,gasoline,1363.69,713.03
2011-05-02,ES,gasoline,1381.57,728.18
2011-05-09,ES,gasoline,1346.66,698.6
2011-05-16,ES,gasoline,1345.1,697.29
2011-05-23,ES,gasoline,1325.49,680.67
2011-05-30,ES,gasoline,1348.62,700.28
2011-06-06,ES,gasoline,1324.36,679.7
2011-06-13,ES,gasoline,1318.62,674.84
2011-06-20,ES,gasoline,1323.26,678.77
2011-06-27,ES,gasoline,1305.57,663.79
2011-07-04,ES,gasoline,1309.98,667.52
2011-07-11,ES,gasoline,1332.79,686.84
2011-07-18,ES,gasoline,1356.56,707.0
2011-07-25,ES,gasoline,1356.04,706.55
2011-08-01,ES,gasoline,1354.34,705.13
2011-08-08,ES,gasoline,1337.96,691.24
2011-08-22,ES,gasoline,1311.26,668.61
2011-08-29,ES,gasoline,1319.35,675.5
2011-09-05,ES,gasoline,1354.08,704.9
2011-09-12,ES,gasoline,1356.53,706.97
2011-09-19,ES,gasoline,1352.42,703.51
2011-09-26,ES,gasoline,1329.54,684.1
2011-10-03,ES,gasoline,1311.27,668.61
2011-10-10,ES,gasoline,1315.9,672.53
2011-10-17,ES,gasoline,1330.06,684.54
2011-10-24,ES,gasoline,1314.6,671.44
2011-10-31,ES,gasoline,1314.28,671.19
2011-11-07,ES,gasoline,1305.67,663.87
2011-11-14,ES,gasoline,1309.78,667.34
2011-11-21,ES,gasoline,1295.19,655.0
2011-11-28,ES,gasoline,1285.69,646.96
2011-12-05,ES,gasoline,1284.14,645.63
2011-12-12,ES,gasoline,1294.29,654.23
2011-12-19,ES,gasoline,1296.07,655.76
2012-01-09,ES,gasoline,1358.07,705.4
2012-01-16,ES,gasoline,1367.34,713.34
2012-01-23,ES,gasoline,1370.11,715.67
2012-01-30,ES,gasoline,1370.87,716.26
2012-02-06,ES,gasoline,1378.19,722.46
2012-02-13,ES,gasoline,1392.74,734.8
2012-02-20,ES,gasoline,1415.02,753.7
2012-02-27,ES,gasoline,1432.09,768.15
2012-03-05,ES,gasoline,1437.2,768.3
2012-03-12,ES,gasoline,1451.32,780.23
2012-03-19,ES,gasoline,1477.15,802.15
2012-03-26,ES,gasoline,1478.5,803.23
2012-04-02,ES,gasoline,1498.13,816.34
2012-04-16,ES,gasoline,1498.91,816.99
2012-04-23,ES,gasoline,1473.68,795.63
2012-04-30,ES,gasoline,1457.82,782.16
2012-05-07,ES,gasoline,1436.53,761.27
2012-05-14,ES,gasoline,1414.58,742.68
2012-05-21,ES,gasoline,1407.14,736.35
2012-05-28,ES,gasoline,1409.72,738.48
2012-06-04,ES,gasoline,1401.68,730.92
2012-06-11,ES,gasoline,1373.14,706.74
2012-06-18,ES,gasoline,1361.47,696.87
2012-06-25,ES,gasoline,1348.14,680.63
2012-07-02,ES,gasoline,1348.51,680.08
2012-07-09,ES,gasoline,1398.46,722.4
2012-07-16,ES,gasoline,1402.96,726.19
2012-07-23,ES,gasoline,1430.15,749.26
2012-07-30,ES,gasoline,1429.26,748.54
2012-08-06,ES,gasoline,1440.68,758.21
2012-08-13,ES,gasoline,1470.55,783.49
2012-08-20,ES,gasoline,1511.97,818.6
2012-08-27,ES,gasoline,1512.62,819.16
2012-09-03,ES,gasoline,1522.48,795.53
2012-09-10,ES,gasoline,1518.97,792.58
2012-09-17,ES,gasoline,1501.39,778.06
2012-09-24,ES,gasoline,1461.75,745.35
2012-10-01,ES,gasoline,1475.21,756.48
2012-10-08,ES,gasoline,1477.09,757.97
2012-10-15,ES,gasoline,1498.33,775.54
2012-10-22,ES,gasoline,1436.75,724.63
2012-10-29,ES,gasoline,1391.67,687.39
2012-11-05,ES,gasoline,1380.32,677.02
2012-11-12,ES,gasoline,1364.48,663.95
2012-11-19,ES,gasoline,1371.66,669.88
2012-11-26,ES,gasoline,1374.31,672.05
2012-12-03,ES,gasoline,1376.99,674.28
2012-12-10,ES,gasoline,1375.98,673.43
2012-12-17,ES,gasoline,1374.49,672.22
2013-01-07,ES,gasoline,1400.41,693.06
2013-01-14,ES,gasoline,1423.82,712.41
2013-01-21,ES,gasoline,1412.44,703.0
2013-01-28,ES,gasoline,1427.29,715.28
2013-02-04,ES,gasoline,1453.07,736.58
2013-02-11,ES,gasoline,1461.67,743.7
2013-02-18,ES,gasoline,1484.13,762.28
2013-02-25,ES,gasoline,1509.43,783.18
2013-03-04,ES,gasoline,1488.52,765.92
2013-03-11,ES,gasoline,1454.59,737.88
2013-03-18,ES,gasoline,1443.51,728.73
2013-03-25,ES,gasoline,1452.79,736.4
2013-04-08,ES,gasoline,,746.08
2013-04-15,ES,gasoline,1428.24,716.09
2013-04-22,ES,gasoline,1403.51,695.67
2013-04-29,ES,gasoline,1402.69,694.98
2013-05-06,ES,gasoline,1396.93,690.23
2013-05-13,ES,gasoline,1405.0,696.89
2013-05-20,ES,gasoline,1412.07,702.48
2013-05-27,ES,gasoline,1437.3,723.22
2013-06-03,ES,gasoline,1436.1,722.32
2013-06-10,ES,gasoline,1430.33,717.55
2013-06-17,ES,gasoline,1424.19,712.54
2013-06-24,ES,gasoline,1425.53,713.55
2013-07-01,ES,gasoline,1420.97,709.83
2013-07-08,ES,gasoline,1422.28,710.54
2013-07-15,ES,gasoline,1450.92,734.38
2013-07-22,ES,gasoline,1472.97,752.54
2013-07-29,ES,gasoline,1471.51,751.44
2013-08-05,ES,gasoline,1457.56,739.95
2013-08-12,ES,gasoline,1450.9,734.42
2013-08-19,ES,gasoline,1448.92,732.7
2013-08-26,ES,gasoline,1456.81,739.21
2013-09-02,ES,gasoline,1470.19,750.27
2013-09-09,ES,gasoline,1477.78,756.52
2013-09-16,ES,gasoline,1453.93,737.31
2013-09-23,ES,gasoline,1424.6,713.12
2013-09-30,ES,gasoline,1415.84,705.88
2013-10-07,ES,gasoline,1411.47,702.22
2013-10-14,ES,gasoline,1407.2,698.68
2013-10-21,ES,gasoline,1407.81,699.22
2013-10-28,ES,gasoline,1399.28,692.19
2013-11-04,ES,gasoline,1383.44,679.1
2013-11-11,ES,gasoline,1378.57,675.05
2013-11-18,ES,gasoline,1390.87,685.25
2013-11-25,ES,gasoline,1400.12,692.88
2013-12-02,ES,gasoline,1405.88,697.65
2013-12-09,ES,gasoline,1405.01,696.93
2013-12-16,ES,gasoline,1396.44,689.82
2014-01-06,ES,gasoline,1407.34,698.15
2014-01-13,ES,gasoline,1395.44,688.22
2014-01-20,ES,gasoline,1387.09,681.31
2014-01-27,ES,gasoline,1388.76,682.69
2014-02-03,ES,gasoline,1387.25,681.42
2014-02-10,ES,gasoline,1387.72,681.81
2014-02-17,ES,gasoline,1396.43,689.01
2014-02-24,ES,gasoline,1402.44,693.96
2014-03-03,ES,gasoline,1407.72,698.33
2014-03-10,ES,gasoline,1399.75,691.72
2014-03-17,ES,gasoline,1392.41,685.69
2014-03-24,ES,gasoline,1392.59,685.87
2014-03-31,ES,gasoline,1398.57,690.87
2014-04-07,ES,gasoline,1399.73,691.78
2014-04-14,ES,gasoline,1410.12,700.32
2014-04-28,ES,gasoline,1427.79,714.93
2014-05-05,ES,gasoline,1427.51,714.67
2014-05-12,ES,gasoline,1417.04,706.04
2014-05-19,ES,gasoline,1415.49,704.74
2014-05-26,ES,gasoline,1423.59,711.45
2014-06-02,ES,gasoline,1428.24,715.31
2014-06-09,ES,gasoline,1421.91,710.07
2014-06-16,ES,gasoline,1427.84,714.94
2014-06-23,ES,gasoline,1448.91,732.38
2014-06-30,ES,gasoline,1456.8,738.93
2014-07-07,ES,gasoline,1452.35,735.24
2014-07-14,ES,gasoline,1444.14,728.44
2014-07-21,ES,gasoline,1437.07,722.62
2014-07-28,ES,gasoline,1424.3,712.09
2014-08-04,ES,gasoline,1405.48,696.56
2014-08-11,ES,gasoline,1410.27,700.49
2014-08-18,ES,gasoline,1414.36,703.88
2014-08-25,ES,gasoline,1406.89,697.73
2014-09-01,ES,gasoline,1413.01,702.78
2014-09-08,ES,gasoline,1416.56,705.68
2014-09-15,ES,gasoline,1415.68,704.94
2014-09-22,ES,gasoline,1405.89,696.84
2014-09-29,ES,gasoline,1401.94,693.57
2014-10-06,ES,gasoline,1405.07,696.18
2014-10-13,ES,gasoline,1392.42,685.7
2014-10-20,ES,gasoline,1352.36,652.58
2014-10-27,ES,gasoline,1328.58,632.95
2014-11-03,ES,gasoline,1331.8,635.59
2014-11-10,ES,gasoline,1331.31,635.18
2014-11-17,ES,gasoline,1328.47,632.86
2014-11-24,ES,gasoline,1308.15,616.06
2014-12-01,ES,gasoline,1293.78,604.19
2014-12-08,ES,gasoline,1253.72,571.01
2014-12-15,ES,gasoline,1217.59,541.14
2015-01-05,ES,gasoline,1150.96,488.37
2015-01-12,ES,gasoline,1132.05,473.63
2015-01-19,ES,gasoline,1117.31,461.41
2015-01-26,ES,gasoline,1121.42,464.8
2015-02-02,ES,gasoline,1136.21,477.04
2015-02-09,ES,gasoline,1178.67,512.13
2015-02-16,ES,gasoline,1209.47,537.57
2015-02-23,ES,gasoline,1225.11,550.5
2015-03-02,ES,gasoline,1237.32,560.58
2015-03-09,ES,gasoline,1258.98,578.43
2015-03-16,ES,gasoline,1269.42,587.09
2015-03-23,ES,gasoline,1261.68,580.72
2015-03-30,ES,gasoline,1267.15,585.21
2015-04-13,ES,gasoline,1261.4,580.81
2015-04-20,ES,gasoline,1287.92,602.72
2015-04-27,ES,gasoline,1307.52,618.93
2015-05-04,ES,gasoline,1317.01,626.74
2015-05-11,ES,gasoline,1314.91,625.02
2015-05-18,ES,gasoline,1310.56,621.43
2015-05-25,ES,gasoline,1315.23,625.28
2015-06-01,ES,gasoline,1318.62,628.05
2015-06-08,ES,gasoline,1323.4,632.02
2015-06-15,ES,gasoline,1330.14,637.61
2015-06-22,ES,gasoline,1337.7,643.87
2015-06-29,ES,gasoline,1325.02,633.41
2015-07-06,ES,gasoline,1326.65,634.73
2015-07-13,ES,gasoline,1331.79,638.94
2015-07-20,ES,gasoline,1320.94,630.0
2015-07-27,ES,gasoline,1307.31,618.74
2015-08-03,ES,gasoline,1284.35,599.79
2015-08-10,ES,gasoline,1271.53,589.15
2015-08-17,ES,gasoline,1252.53,573.46
2015-08-24,ES,gasoline,1232.59,556.99
2015-08-31,ES,gasoline,1183.74,516.62
2015-09-07,ES,gasoline,1193.51,524.64
2015-09-14,ES,gasoline,1194.8,525.72
2015-09-21,ES,gasoline,1178.87,512.57
2015-09-28,ES,gasoline,1174.76,509.16
2015-10-05,ES,gasoline,1170.41,505.55
2015-10-12,ES,gasoline,1177.99,511.81
2015-10-19,ES,gasoline,1165.82,501.79
2015-10-26,ES,gasoline,1151.28,489.74
2015-11-02,ES,gasoline,1154.9,492.74
2015-11-09,ES,gasoline,1171.84,506.74
2015-11-16,ES,gasoline,1170.11,505.3
2015-11-23,ES,gasoline,1156.67,494.22
2015-11-30,ES,gasoline,1165.54,501.56
2015-12-07,ES,gasoline,1162.28,498.84
2015-12-14,ES,gasoline,1140.68,481.01
2016-01-04,ES,gasoline,1132.42,474.09
2016-01-11,ES,gasoline,1131.65,473.39
2016-01-18,ES,gasoline,1109.92,455.39
2016-01-25,ES,gasoline,1095.08,443.13
2016-02-01,ES,gasoline,1104.45,450.87
2016-02-08,ES,gasoline,1098.13,445.65
2016-02-15,ES,gasoline,1069.71,422.15
2016-02-22,ES,gasoline,1069.58,422.03
2016-02-29,ES,gasoline,1065.48,418.67
2016-03-07,ES,gasoline,1078.35,429.3
2016-03-14,ES,gasoline,1104.93,451.27
2016-03-21,ES,gasoline,1116.39,460.73
2016-04-04,ES,gasoline,1135.89,476.85
2016-04-11,ES,gasoline,1127.45,469.88
2016-04-18,ES,gasoline,1148.26,487.07
2016-04-25,ES,gasoline,1152.35,490.45
2016-05-02,ES,gasoline,1164.18,500.21
2016-05-09,ES,gasoline,1159.84,496.63
2016-05-16,ES,gasoline,1156.73,494.07
2016-05-23,ES,gasoline,1177.92,511.59
2016-05-30,ES,gasoline,1190.0,521.56
2016-06-06,ES,gasoline,1192.26,523.42
2016-06-13,ES,gasoline,1185.75,518.04
2016-06-20,ES,gasoline,1179.07,512.55
2016-06-27,ES,gasoline,1184.19,516.79
2016-07-04,ES,gasoline,1182.78,515.61
2016-07-11,ES,gasoline,1167.77,503.17
2016-07-18,ES,gasoline,1149.95,488.44
2016-07-25,ES,gasoline,1144.34,483.84
2016-08-01,ES,gasoline,1134.45,475.64
2016-08-08,ES,gasoline,1121.81,465.18
2016-08-15,ES,gasoline,1131.72,473.38
2016-08-22,ES,gasoline,1145.05,484.4
2016-08-29,ES,gasoline,1156.62,493.98
2016-09-05,ES,gasoline,1158.52,495.52
2016-09-12,ES,gasoline,1154.8,492.46
2016-09-19,ES,gasoline,1157.88,495.03
2016-09-26,ES,gasoline,1156.35,493.78
2016-10-03,ES,gasoline,1159.81,496.62
2016-10-10,ES,gasoline,1178.72,512.23
2016-10-17,ES,gasoline,1186.13,518.35
2016-10-24,ES,gasoline,1189.22,520.94
2016-10-31,ES,gasoline,1189.78,521.41
2016-11-07,ES,gasoline,1179.54,512.96
2016-11-14,ES,gasoline,1161.97,498.44
2016-11-21,ES,gasoline,1158.55,495.6
2016-11-28,ES,gasoline,1174.3,508.61
2016-12-05,ES,gasoline,1184.18,516.77
2016-12-12,ES,gasoline,1202.96,532.29
2016-12-19,ES,gasoline,1215.97,543.05
2017-01-02,ES,gasoline,1237.09,560.67
2017-01-09,ES,gasoline,1246.86,569.09
2017-01-16,ES,gasoline,1241.88,564.97
2017-01-23,ES,gasoline,1242.11,565.2
2017-01-30,ES,gasoline,1243.84,566.62
2017-02-06,ES,gasoline,1245.71,568.15
2017-02-13,ES,gasoline,1247.76,569.83
2017-02-20,ES,gasoline,1254.67,575.55
2017-02-27,ES,gasoline,1253.18,574.33
2017-03-06,ES,gasoline,1249.54,571.34
2017-03-13,ES,gasoline,1236.91,560.92
2017-03-20,ES,gasoline,1217.62,544.99
2017-03-27,ES,gasoline,1212.71,540.87
2017-04-03,ES,gasoline,1215.73,543.34
2017-04-10,ES,gasoline,1236.25,560.32
2017-04-24,ES,gasoline,1257.61,578.0
2017-05-01,ES,gasoline,1239.46,563.02
2017-05-08,ES,gasoline,1220.42,547.24
2017-05-15,ES,gasoline,1206.27,535.54
2017-05-22,ES,gasoline,1210.96,539.4
2017-05-29,ES,gasoline,1215.88,543.47
2017-06-05,ES,gasoline,1207.92,536.88
2017-06-12,ES,gasoline,1194.44,525.74
2017-06-19,ES,gasoline,1182.45,515.83
2017-06-26,ES,gasoline,1172.15,507.33
2017-07-03,ES,gasoline,1168.16,504.03
2017-07-10,ES,gasoline,1174.55,509.32
2017-07-17,ES,gasoline,1172.49,507.62
2017-07-24,ES,gasoline,1176.92,511.29
2017-07-31,ES,gasoline,1180.86,514.57
2017-08-07,ES,gasoline,1187.83,520.3
2017-08-14,ES,gasoline,1191.54,523.35
2017-08-21,ES,gasoline,1190.73,522.68
2017-08-28,ES,gasoline,1189.77,521.92
2017-09-04,ES,gasoline,1200.16,530.48
2017-09-11,ES,gasoline,1217.72,544.96
2017-09-18,ES,gasoline,1214.38,542.21
2017-09-25,ES,gasoline,1211.03,539.46
2017-10-02,ES,gasoline,1211.45,539.83
2017-10-09,ES,gasoline,1206.06,535.33
2017-10-16,ES,gasoline,1203.49,533.21
2017-10-23,ES,gasoline,1203.42,533.16
2017-10-30,ES,gasoline,1206.7,535.86
2017-11-06,ES,gasoline,1220.68,547.42
2017-11-13,ES,gasoline,1239.1,562.65
2017-11-20,ES,gasoline,1241.45,564.6
2017-11-27,ES,gasoline,1238.04,561.78
2017-12-04,ES,gasoline,1237.84,561.62
2017-12-11,ES,gasoline,1234.72,559.01
2017-12-18,ES,gasoline,1235.48,559.68
2018-01-01,ES,gasoline,1242.52,565.52
2018-01-08,ES,gasoline,1248.99,570.9
2018-01-15,ES,gasoline,1254.12,575.09
2018-01-22,ES,gasoline,1254.87,575.72
2018-01-29,ES,gasoline,1256.05,576.7
2018-02-05,ES,gasoline,1256.71,577.25
2018-02-12,ES,gasoline,1248.24,570.26
2018-02-19,ES,gasoline,1228.09,553.58
2018-02-26,ES,gasoline,1224.49,550.62
2018-03-05,ES,gasoline,1226.93,552.64
2018-03-12,ES,gasoline,1221.61,548.25
2018-03-19,ES,gasoline,1220.52,547.37
2018-03-26,ES,gasoline,1236.52,560.62
2018-04-09,ES,gasoline,1253.49,574.62
2018-04-16,ES,gasoline,1260.74,580.6
2018-04-23,ES,gasoline,1269.06,587.5
2018-04-30,ES,gasoline,1279.05,595.76
2018-05-07,ES,gasoline,1286.28,601.73
2018-05-14,ES,gasoline,1302.36,614.99
2018-05-21,ES,gasoline,1322.5,631.59
2018-05-28,ES,gasoline,1335.32,642.2
2018-06-04,ES,gasoline,1337.18,643.74
2018-06-11,ES,gasoline,1333.43,640.67
2018-06-18,ES,gasoline,1328.43,636.56
2018-06-25,ES,gasoline,1319.6,629.23
2018-07-02,ES,gasoline,1318.45,628.28
2018-07-09,ES,gasoline,1325.75,634.32
2018-07-16,ES,gasoline,1325.97,634.52
2018-07-23,ES,gasoline,1318.17,628.12
2018-07-30,ES,gasoline,1318.84,628.67
2018-08-06,ES,gasoline,1325.13,633.83
2018-08-13,ES,gasoline,1326.91,635.28
2018-08-20,ES,gasoline,1327.86,636.07
2018-08-27,ES,gasoline,1329.38,637.34
2018-09-03,ES,gasoline,1336.35,643.11
2018-09-10,ES,gasoline,1340.62,646.61
2018-09-17,ES,gasoline,1337.51,644.08
2018-09-24,ES,gasoline,1332.49,639.91
2018-10-01,ES,gasoline,1334.91,641.93
2018-10-08,ES,gasoline,1351.04,655.25
2018-10-15,ES,gasoline,1356.95,660.11
2018-10-22,ES,gasoline,1344.14,649.55
2018-10-29,ES,gasoline,1339.87,646.03
2018-11-05,ES,gasoline,1334.81,641.82
2018-11-12,ES,gasoline,1315.68,626.02
2018-11-19,ES,gasoline,1295.8,609.58
2018-11-26,ES,gasoline,1272.45,590.27
2018-12-03,ES,gasoline,1241.87,565.02
2018-12-10,ES,gasoline,1224.17,550.36
2018-12-17,ES,gasoline,1211.71,540.06
2019-01-07,ES,gasoline,1179.5,502.1
2019-01-14,ES,gasoline,1197.11,516.66
2019-01-21,ES,gasoline,1212.66,529.51
2019-01-28,ES,gasoline,1222.14,537.34
2019-02-04,ES,gasoline,1226.46,540.91
2019-02-11,ES,gasoline,1230.5,544.25
2019-02-18,ES,gasoline,1236.28,549.03
2019-02-25,ES,gasoline,1252.7,562.6
2019-03-04,ES,gasoline,1257.55,566.61
2019-03-11,ES,gasoline,1261.15,569.58
2019-03-18,ES,gasoline,1267.9,575.16
2019-03-25,ES,gasoline,1277.78,583.33
2019-04-01,ES,gasoline,1291.09,594.33
2019-04-08,ES,gasoline,1307.56,607.94
2019-04-15,ES,gasoline,1329.72,626.25
2019-04-29,ES,gasoline,1353.94,646.27
2019-05-06,ES,gasoline,1358.42,649.97
2019-05-13,ES,gasoline,1355.26,647.36
2019-05-20,ES,gasoline,1354.64,646.85
2019-05-27,ES,gasoline,1357.44,649.16
2019-06-03,ES,gasoline,1349.11,642.28
2019-06-10,ES,gasoline,1325.17,622.49
2019-06-17,ES,gasoline,1306.62,607.16
2019-06-24,ES,gasoline,1301.65,603.05
2019-07-01,ES,gasoline,1308.35,608.59
2019-07-08,ES,gasoline,1311.77,611.42
2019-07-15,ES,gasoline,1321.49,619.45
2019-07-22,ES,gasoline,1329.97,626.46
2019-07-29,ES,gasoline,1327.56,624.47
2019-08-05,ES,gasoline,1331.48,627.71
2019-08-12,ES,gasoline,1321.68,619.61
2019-08-19,ES,gasoline,1312.94,612.38
2019-08-26,ES,gasoline,1308.95,609.09
2019-09-02,ES,gasoline,1307.0,607.48
2019-09-09,ES,gasoline,1302.09,603.42
2019-09-16,ES,gasoline,1304.28,605.23
2019-09-23,ES,gasoline,1318.47,616.95
2019-09-30,ES,gasoline,1320.95,619.0
2019-10-07,ES,gasoline,1313.56,612.9
2019-10-14,ES,gasoline,1308.45,608.67
2019-10-21,ES,gasoline,1302.34,603.62
2019-10-28,ES,gasoline,1296.57,598.86
2019-11-04,ES,gasoline,1296.59,598.87
2019-11-11,ES,gasoline,1299.51,601.29
2019-11-18,ES,gasoline,1297.79,599.86
2019-11-25,ES,gasoline,1298.95,600.82
2019-12-02,ES,gasoline,1306.23,606.84
2019-12-09,ES,gasoline,1304.52,605.43
2019-12-16,ES,gasoline,1303.01,604.18
2020-01-06,ES,gasoline,1320.63,618.74
2020-01-13,ES,gasoline,1326.03,623.2
2020-01-20,ES,gasoline,1321.78,619.69
2020-01-27,ES,gasoline,1317.96,616.53
2020-02-03,ES,gasoline,1307.63,608.0
2020-02-10,ES,gasoline,1298.9,600.78
2020-02-17,ES,gasoline,1296.79,599.04
2020-02-24,ES,gasoline,1299.83,601.55
2020-03-02,ES,gasoline,1293.13,596.01
2020-03-09,ES,gasoline,1277.79,583.33
2020-03-16,ES,gasoline,1233.13,546.43
2020-03-23,ES,gasoline,1176.33,499.48
2020-03-30,ES,gasoline,1143.67,472.49
2020-04-06,ES,gasoline,1122.36,454.88
2020-04-20,ES,gasoline,1108.5,443.43
2020-04-27,ES,gasoline,1088.59,426.97
2020-05-04,ES,gasoline,1072.47,413.65
2020-05-11,ES,gasoline,1074.45,415.29
2020-05-18,ES,gasoline,1078.86,418.93
2020-05-25,ES,gasoline,1089.72,427.91
2020-06-01,ES,gasoline,1094.19,431.6
2020-06-08,ES,gasoline,1103.32,439.14
2020-06-15,ES,gasoline,1119.09,452.18
2020-06-22,ES,gasoline,1130.54,461.64
2020-06-29,ES,gasoline,1145.37,473.9
2020-07-06,ES,gasoline,1151.6,479.05
2020-07-13,ES,gasoline,1160.95,486.77
2020-07-20,ES,gasoline,1164.4,489.62
2020-07-27,ES,gasoline,1164.56,489.76
2020-08-03,ES,gasoline,1162.2,487.81
2020-08-10,ES,gasoline,1159.21,485.33
2020-08-17,ES,gasoline,1163.55,488.92
2020-08-24,ES,gasoline,1166.4,491.28
2020-08-31,ES,gasoline,1171.34,495.36
2020-09-07,ES,gasoline,1169.81,494.1
2020-09-14,ES,gasoline,1162.37,487.95
2020-09-21,ES,gasoline,1162.12,487.74
2020-09-28,ES,gasoline,1162.75,488.26
2020-10-05,ES,gasoline,1162.29,487.88
2020-10-12,ES,gasoline,1162.4,487.97
2020-10-19,ES,gasoline,1161.12,486.91
2020-10-26,ES,gasoline,1154.78,481.67
2020-11-02,ES,gasoline,1145.81,474.26
2020-11-09,ES,gasoline,1142.09,471.19
2020-11-16,ES,gasoline,1151.65,479.09
2020-11-23,ES,gasoline,1156.93,483.45
2020-11-30,ES,gasoline,1166.68,491.51
2020-12-07,ES,gasoline,1170.26,494.47
2020-12-14,ES,gasoline,1175.91,499.14
2020-12-21,ES,gasoline,1184.71,506.41
2021-01-11,ES,gasoline,1199.98,519.03
2021-01-18,ES,gasoline,1215.89,532.18
2021-01-25,ES,gasoline,1224.65,539.42
2021-02-01,ES,gasoline,1227.1,541.44
2021-02-08,ES,gasoline,1238.47,550.84
2021-02-15,ES,gasoline,1251.56,561.66
2021-02-22,ES,gasoline,1268.02,575.26
2021-03-01,ES,gasoline,1282.73,587.42
2021-03-08,ES,gasoline,1293.59,596.39
2021-03-15,ES,gasoline,1311.14,610.9
2021-03-22,ES,gasoline,1321.48,619.44
2021-03-29,ES,gasoline,1317.04,615.77
2021-04-12,ES,gasoline,1315.43,614.44
2021-04-19,ES,gasoline,1319.9,618.14
2021-04-26,ES,gasoline,1326.45,623.55
2021-05-03,ES,gasoline,1331.94,628.09
2021-05-10,ES,gasoline,1344.14,638.17
2021-05-17,ES,gasoline,1350.83,643.7
2021-05-24,ES,gasoline,1350.68,643.57
2021-05-31,ES,gasoline,1351.38,644.15
2021-06-07,ES,gasoline,1358.64,650.15
2021-06-14,ES,gasoline,1367.48,657.46
2021-06-21,ES,gasoline,1374.15,662.97
2021-06-28,ES,gasoline,1383.0,670.29
2021-07-05,ES,gasoline,1391.25,677.1
2021-07-12,ES,gasoline,1400.89,685.07
2021-07-19,ES,gasoline,1408.72,691.54
2021-07-26,ES,gasoline,1408.17,691.09
2021-08-02,ES,gasoline,1416.2,697.72
2021-08-09,ES,gasoline,1419.89,700.77
2021-08-16,ES,gasoline,1417.89,699.12
2021-08-23,ES,gasoline,1415.22,696.91
2021-08-30,ES,gasoline,1414.46,696.29
2021-09-06,ES,gasoline,1421.23,701.88
2021-09-13,ES,gasoline,1428.71,708.06
2021-09-20,ES,gasoline,1436.87,714.81
2021-09-27,ES,gasoline,1437.48,715.31
2021-10-04,ES,gasoline,1448.15,724.13
2021-10-11,ES,gasoline,1466.51,739.3
2021-10-18,ES,gasoline,1483.7,753.51
2021-10-25,ES,gasoline,1497.2,764.67
2021-11-01,ES,gasoline,1505.85,771.81
2021-11-08,ES,gasoline,1510.0,775.24
2021-11-15,ES,gasoline,1513.03,777.75
2021-11-22,ES,gasoline,1512.73,777.5
2021-11-29,ES,gasoline,1509.28,774.65
2021-12-06,ES,gasoline,1488.04,757.1
2021-12-13,ES,gasoline,1479.53,750.06
2021-12-20,ES,gasoline,1476.46,747.52
2022-01-03,ES,gasoline,1479.63,750.14
2022-01-10,ES,gasoline,1489.51,758.31
2022-01-17,ES,gasoline,1502.33,768.91
2022-01-24,ES,gasoline,1520.46,783.89
2022-01-31,ES,gasoline,1538.04,798.42
2022-02-07,ES,gasoline,1558.88,815.64
2022-02-14,ES,gasoline,1575.46,829.34
2022-02-21,ES,gasoline,1591.66,842.73
2022-02-28,ES,gasoline,1608.84,856.93
2022-03-07,ES,gasoline,1679.83,915.6
2022-03-14,ES,gasoline,1844.63,1051.8
2022-03-21,ES,gasoline,1813.41,1026.0
2022-03-28,ES,gasoline,1818.2,1029.95
2022-04-04,ES,gasoline,1813.01,1025.67
2022-04-11,ES,gasoline,1790.7,1007.23
2022-04-25,ES,gasoline,1817.07,1029.02
2022-05-02,ES,gasoline,1837.22,1045.67
2022-05-09,ES,gasoline,1878.26,1079.59
2022-05-16,ES,gasoline,1897.84,1095.77
2022-05-23,ES,gasoline,1940.36,1130.91
2022-05-30,ES,gasoline,1968.44,1154.12
2022-06-06,ES,gasoline,2048.58,1220.35
2022-06-13,ES,gasoline,2117.09,1276.97
2022-06-20,ES,gasoline,2141.58,1297.21
2022-06-27,ES,gasoline,2128.58,1286.47
2022-07-04,ES,gasoline,2112.93,1273.53
2022-07-11,ES,gasoline,2072.79,1240.36
2022-07-18,ES,gasoline,2026.03,1201.71
2022-07-25,ES,gasoline,1954.71,1142.77
2022-08-01,ES,gasoline,1902.56,1099.67
2022-08-08,ES,gasoline,1860.78,1065.14
2022-08-15,ES,gasoline,1797.57,1012.91
2022-08-22,ES,gasoline,1786.97,1004.14
2022-08-29,ES,gasoline,1794.16,1010.09
2022-09-05,ES,gasoline,1779.6,998.05
2022-09-12,ES,gasoline,1748.56,972.4
2022-09-19,ES,gasoline,1708.99,939.7
2022-09-26,ES,gasoline,1680.99,916.56
2022-10-03,ES,gasoline,1676.48,912.83
2022-10-10,ES,gasoline,1711.01,941.37
2022-10-17,ES,gasoline,1756.63,979.07
2022-10-24,ES,gasoline,1763.29,984.57
2022-10-31,ES,gasoline,1759.65,981.57
2022-11-07,ES,gasoline,1771.32,991.21
2022-11-14,ES,gasoline,1784.84,1002.38
2022-11-21,ES,gasoline,1764.66,985.71
2022-11-28,ES,gasoline,1730.54,957.51
2022-12-05,ES,gasoline,1688.0,922.35
2022-12-12,ES,gasoline,1642.18,884.48
2022-12-19,ES,gasoline,1590.66,841.91
2022-12-26,ES,gasoline,1565.4,821.03
2023-01-02,ES,gasoline,1583.84,836.27
2023-01-09,ES,gasoline,1616.35,863.14
2023-01-16,ES,gasoline,1619.33,865.6
2023-01-23,ES,gasoline,1636.78,880.02
2023-01-30,ES,gasoline,1660.86,899.92
2023-02-06,ES,gasoline,1655.31,895.33
2023-02-13,ES,gasoline,1633.59,877.38
2023-02-20,ES,gasoline,1636.62,879.89
2023-02-27,ES,gasoline,1632.2,876.24
2023-03-06,ES,gasoline,1635.67,879.1
2023-03-13,ES,gasoline,1644.46,886.37
2023-03-20,ES,gasoline,1635.9,879.29
2023-03-27,ES,gasoline,1627.57,872.41
2023-04-03,ES,gasoline,1631.02,875.26
2023-04-10,ES,gasoline,1640.56,883.14
2023-04-17,ES,gasoline,1651.29,892.01
2023-04-24,ES,gasoline,1641.85,884.21
2023-05-01,ES,gasoline,1622.36,868.1
2023-05-08,ES,gasoline,1599.31,849.05
2023-05-15,ES,gasoline,1579.69,832.84
2023-05-22,ES,gasoline,1576.49,830.19
2023-05-29,ES,gasoline,1584.99,837.22
2023-06-05,ES,gasoline,1588.27,839.93
2023-06-12,ES,gasoline,1594.27,844.89
2023-06-19,ES,gasoline,1596.64,846.85
2023-06-26,ES,gasoline,1598.24,848.17
2023-07-03,ES,gasoline,1591.69,842.76
2023-07-10,ES,gasoline,1593.71,844.43
2023-07-17,ES,gasoline,1602.42,851.62
2023-07-24,ES,gasoline,1615.01,862.03
2023-07-31,ES,gasoline,1650.5,891.36
2023-08-07,ES,gasoline,1680.28,915.97
2023-08-14,ES,gasoline,1692.03,925.68
2023-08-21,ES,gasoline,1709.72,940.3
2023-08-28,ES,gasoline,1721.04,949.66
2023-09-04,ES,gasoline,1731.13,958.0
2023-09-11,ES,gasoline,1735.25,961.4
2023-09-18,ES,gasoline,1751.5,974.83
2023-09-25,ES,gasoline,1759.89,981.76
2023-10-02,ES,gasoline,1751.96,975.21
2023-10-09,ES,gasoline,1719.39,948.29
2023-10-16,ES,gasoline,1679.5,915.33
2023-10-23,ES,gasoline,1662.87,901.58
2023-10-30,ES,gasoline,1652.11,892.69
2023-11-06,ES,gasoline,1646.6,888.14
2023-11-13,ES,gasoline,1619.53,865.76
2023-11-20,ES,gasoline,1600.01,849.63
2023-11-27,ES,gasoline,1585.63,837.75
2023-12-04,ES,gasoline,1572.08,826.55
2023-12-11,ES,gasoline,1557.87,814.81
2023-12-18,ES,gasoline,1536.91,797.48
2023-12-25,ES,gasoline,1531.95,793.38
2024-01-01,ES,gasoline,1534.59,795.57
2024-01-08,ES,gasoline,1535.92,796.67
2024-01-15,ES,gasoline,1535.2,796.07
2024-01-22,ES,gasoline,1537.57,798.03
2024-01-29,ES,gasoline,1546.19,805.15
2024-02-05,ES,gasoline,1560.06,816.62
2024-02-12,ES,gasoline,1572.24,826.68
2024-02-19,ES,gasoline,1598.64,848.5
2024-02-26,ES,gasoline,1605.92,854.52
2024-03-04,ES,gasoline,1609.56,857.52
2024-03-11,ES,gasoline,1614.74,861.81
2024-03-18,ES,gasoline,1616.77,863.48
2024-03-25,ES,gasoline,1635.81,879.22
2024-04-01,ES,gasoline,1645.92,887.57
2024-04-08,ES,gasoline,1660.39,899.53
2024-04-15,ES,gasoline,1676.89,913.17
2024-04-22,ES,gasoline,1686.84,921.39
2024-04-29,ES,gasoline,1687.41,921.86
2024-05-06,ES,gasoline,1685.26,920.09
2024-05-13,ES,gasoline,1671.82,908.98
2024-05-20,ES,gasoline,1657.96,897.52
2024-05-27,ES,gasoline,1648.7,889.87
2024-06-03,ES,gasoline,1640.21,882.86
2024-06-10,ES,gasoline,1623.67,869.19
2024-06-17,ES,gasoline,1615.78,862.67
2024-06-24,ES,gasoline,1616.45,863.22
2024-07-01,ES,gasoline,1621.98,867.79
2024-07-08,ES,gasoline,1626.18,871.26
2024-07-15,ES,gasoline,1624.32,869.72
2024-07-22,ES,gasoline,1617.65,864.21
2024-07-29,ES,gasoline,1611.49,859.12
2024-08-05,ES,gasoline,1603.24,772.5680596497311
2024-08-12,ES,gasoline,1589.62,841.05
2024-08-19,ES,gasoline,1583.36,835.87
2024-08-26,ES,gasoline,1565.69,821.27
2024-09-02,ES,gasoline,1551.34,809.41
2024-09-09,ES,gasoline,1530.33,792.05
2024-09-16,ES,gasoline,1502.42,768.98
2024-09-23,ES,gasoline,1487.94,757.01
2024-09-30,ES,gasoline,1482.58,752.58
2024-10-07,ES,gasoline,1481.03,751.3
2024-10-14,ES,gasoline,1495.45,763.22
2024-10-21,ES,gasoline,1505.38,771.43
2024-10-28,ES,gasoline,1507.24,772.96
2024-11-04,ES,gasoline,1504.59,770.77
2024-11-11,ES,gasoline,1504.49,770.77
2024-11-18,ES,gasoline,1504.82,770.96
2024-11-25,ES,gasoline,1510.78,775.89
2024-12-02,ES,gasoline,1514.76,779.18
2024-12-09,ES,gasoline,1513.54,778.17
2024-12-16,ES,gasoline,1515.24,779.57
2024-12-23,ES,gasoline,1520.94,784.29
2024-12-30,ES,gasoline,1525.06,787.69
2005-01-03,FR,diesel,923.43,355.2
2005-01-10,FR,diesel,918.25,350.87
2005-01-17,FR,diesel,914.48,347.72
2005-01-24,FR,diesel,920.36,352.63
2005-01-31,FR,diesel,932.8,363.03
2005-02-07,FR,diesel,930.8,361.36
2005-02-14,FR,diesel,928.89,359.76
2005-02-21,FR,diesel,932.1,362.44
2005-02-28,FR,diesel,955.38,381.91
2005-03-07,FR,diesel,975.61,398.83
2005-03-14,FR,diesel,994.04,414.24
2005-03-21,FR,diesel,1008.83,426.61
2005-04-04,FR,diesel,1005.04,423.43
2005-04-11,FR,diesel,1028.42,442.98
2005-04-18,FR,diesel,1011.5,428.84
2005-04-25,FR,diesel,1005.15,423.52
2005-05-02,FR,diesel,1006.26,424.46
2005-05-09,FR,diesel,997.45,417.09
2005-05-16,FR,diesel,983.93,405.78
2005-05-23,FR,diesel,976.53,399.6
2005-05-30,FR,diesel,981.76,403.97
2005-06-06,FR,diesel,1003.87,422.45
2005-06-13,FR,diesel,1024.75,439.91
2005-06-20,FR,diesel,1045.38,457.16
2005-06-27,FR,diesel,1048.64,459.89
2005-07-04,FR,diesel,1046.35,457.97
2005-07-11,FR,diesel,1068.69,476.65
2005-07-18,FR,diesel,1066.49,474.81
2005-07-25,FR,diesel,1055.8,465.87
2005-08-01,FR,diesel,1047.27,458.74
2005-08-08,FR,diesel,1047.49,458.93
2005-08-15,FR,diesel,1047.49,458.93
2005-08-22,FR,diesel,1079.14,485.39
2005-08-29,FR,diesel,1086.74,491.75
2005-09-05,FR,diesel,1121.96,521.19
2005-09-12,FR,diesel,1109.14,510.47
2005-09-19,FR,diesel,1073.7,480.85
2005-09-26,FR,diesel,1096.97,500.3
2005-10-03,FR,diesel,1114.82,515.23
2005-10-10,FR,diesel,1124.44,523.26
2005-10-17,FR,diesel,1117.64,517.58
2005-10-24,FR,diesel,1096.43,499.85
2005-11-07,FR,diesel,1064.48,473.13
2005-11-14,FR,diesel,1046.5,458.1
2005-11-21,FR,diesel,1038.75,451.62
2005-11-28,FR,diesel,1033.18,446.96
2005-12-05,FR,diesel,1024.04,439.32
2005-12-12,FR,diesel,1035.52,448.92
2005-12-19,FR,diesel,1039.67,452.39
2006-01-09,FR,diesel,1051.84,462.56
2006-01-16,FR,diesel,1054.32,464.64
2006-01-23,FR,diesel,1060.34,469.67
2006-01-30,FR,diesel,1069.75,477.54
2006-02-06,FR,diesel,1072.54,479.88
2006-02-13,FR,diesel,1063.62,472.42
2006-02-20,FR,diesel,1057.44,467.25
2006-02-27,FR,diesel,1064.06,472.78
2006-03-06,FR,diesel,1074.87,481.82
2006-03-13,FR,diesel,1081.87,487.67
2006-03-20,FR,diesel,1084.16,489.59
2006-03-27,FR,diesel,1081.52,487.38
2006-04-03,FR,diesel,1087.97,492.77
2006-04-10,FR,diesel,1090.08,494.54
2006-04-24,FR,diesel,1124.1,522.98
2006-05-01,FR,diesel,1132.06,529.64
2006-05-08,FR,diesel,1127.42,525.76
2006-05-15,FR,diesel,1117.85,517.76
2006-05-22,FR,diesel,1106.62,508.36
2006-05-29,FR,diesel,1097.18,500.48
2006-06-05,FR,diesel,1101.69,504.24
2006-06-12,FR,diesel,1101.64,504.2
2006-06-19,FR,diesel,1102.45,504.88
2006-06-26,FR,diesel,1097.66,500.88
2006-07-03,FR,diesel,1109.06,510.41
2006-07-10,FR,diesel,1113.19,513.86
2006-07-17,FR,diesel,1117.17,517.19
2006-07-24,FR,diesel,1123.53,522.51
2006-07-31,FR,diesel,1111.69,512.61
2006-08-07,FR,diesel,1120.35,519.85
2006-08-14,FR,diesel,1126.7,525.16
2006-08-21,FR,diesel,1121.4,520.73
2006-08-28,FR,diesel,1118.26,518.1
2006-09-04,FR,diesel,1112.33,513.14
2006-09-11,FR,diesel,1095.71,499.25
2006-09-18,FR,diesel,1065.14,473.68
2006-09-25,FR,diesel,1041.65,454.04
2006-10-02,FR,diesel,1036.83,450.02
2006-10-09,FR,diesel,1037.06,450.21
2006-10-16,FR,diesel,1037.2,450.32
2006-10-23,FR,diesel,1045.82,457.53
2006-10-30,FR,diesel,1035.79,449.14
2006-11-06,FR,diesel,1028.0,442.64
2006-11-13,FR,diesel,1030.9,445.06
2006-11-20,FR,diesel,1031.15,445.27
2006-11-27,FR,diesel,1030.43,444.66
2006-12-04,FR,diesel,1029.95,444.26
2006-12-11,FR,diesel,1033.36,447.11
2006-12-18,FR,diesel,1027.15,441.92
2007-01-08,FR,diesel,1025.34,431.5
2007-01-15,FR,diesel,1010.76,419.32
2007-01-22,FR,diesel,999.85,410.2
2007-01-29,FR,diesel,1002.75,412.62
2007-02-05,FR,diesel,1012.87,421.08
2007-02-12,FR,diesel,1024.7,430.97
2007-02-19,FR,diesel,1021.57,428.36
2007-02-26,FR,diesel,1021.18,428.03
2007-03-05,FR,diesel,1037.75,441.89
2007-03-12,FR,diesel,1049.69,451.87
2007-03-19,FR,diesel,1036.02,440.44
2007-03-26,FR,diesel,1032.95,437.87
2007-04-02,FR,diesel,1053.23,454.83
2007-04-16,FR,diesel,1067.54,466.79
2007-04-23,FR,diesel,1065.16,464.8
2007-04-30,FR,diesel,1065.12,464.77
2007-05-07,FR,diesel,1066.79,466.16
2007-05-14,FR,diesel,1061.97,462.14
2007-05-21,FR,diesel,1065.57,465.15
2007-05-28,FR,diesel,1075.31,473.29
2007-06-04,FR,diesel,1075.19,473.19
2007-06-11,FR,diesel,1081.12,478.14
2007-06-18,FR,diesel,1082.33,479.15
2007-06-25,FR,diesel,1085.99,482.22
2007-07-02,FR,diesel,1089.91,485.49
2007-07-09,FR,diesel,1087.95,483.85
2007-07-16,FR,diesel,1099.46,493.48
2007-07-23,FR,diesel,1097.4,491.75
2007-07-30,FR,diesel,1096.03,490.62
2007-08-06,FR,diesel,1100.06,493.98
2007-08-13,FR,diesel,1091.09,486.48
2007-08-20,FR,diesel,1092.0,487.24
2007-08-27,FR,diesel,1090.06,485.63
2007-09-03,FR,diesel,1089.82,485.42
2007-09-10,FR,diesel,1101.91,495.53
2007-09-17,FR,diesel,1113.44,505.17
2007-09-24,FR,diesel,1122.43,512.69
2007-10-01,FR,diesel,1120.38,510.97
2007-10-08,FR,diesel,1114.57,506.11
2007-10-15,FR,diesel,1114.95,506.43
2007-10-22,FR,diesel,1134.9,523.11
2007-10-29,FR,diesel,1145.29,531.8
2007-11-05,FR,diesel,1166.12,549.21
2007-11-12,FR,diesel,1207.97,584.21
2007-11-19,FR,diesel,1210.75,586.54
2007-11-26,FR,diesel,1227.75,600.75
2007-12-03,FR,diesel,1227.2,600.29
2007-12-10,FR,diesel,1201.34,578.66
2007-12-17,FR,diesel,1195.99,574.19
2008-01-07,FR,diesel,1222.6,596.44
2008-01-14,FR,diesel,1214.76,589.89
2008-01-21,FR,diesel,1187.32,566.95
2008-01-28,FR,diesel,1169.29,551.86
2008-02-04,FR,diesel,1175.13,556.75
2008-02-11,FR,diesel,1176.41,555.72
2008-02-18,FR,diesel,1212.91,586.24
2008-02-25,FR,diesel,1236.77,606.19
2008-03-03,FR,diesel,1239.87,608.78
2008-03-10,FR,diesel,1256.0,622.27
2008-03-17,FR,diesel,1279.85,642.21
2008-03-31,FR,diesel,1258.66,624.49
2008-04-07,FR,diesel,1257.5,623.52
2008-04-14,FR,diesel,1287.11,648.28
2008-04-21,FR,diesel,1302.46,661.11
2008-04-28,FR,diesel,1316.19,672.59
2008-05-05,FR,diesel,1334.37,687.8
2008-05-12,FR,diesel,1347.98,699.17
2008-05-19,FR,diesel,1410.45,751.41
2008-05-26,FR,diesel,1437.99,774.44
2008-06-02,FR,diesel,1454.15,787.94
2008-06-09,FR,diesel,1420.37,759.7
2008-06-16,FR,diesel,1452.52,786.58
2008-06-23,FR,diesel,1445.13,780.41
2008-06-30,FR,diesel,1432.72,770.02
2008-07-07,FR,diesel,1436.64,773.3
2008-07-14,FR,diesel,1440.04,776.15
2008-07-21,FR,diesel,1437.91,774.37
2008-07-28,FR,diesel,1400.53,743.11
2008-08-04,FR,diesel,1372.58,719.74
2008-08-11,FR,diesel,1338.43,691.19
2008-08-18,FR,diesel,1321.98,677.44
2008-08-25,FR,diesel,1324.87,679.85
2008-09-01,FR,diesel,1336.1,689.24
2008-09-08,FR,diesel,1324.46,679.51
2008-09-15,FR,diesel,1306.81,664.75
2008-09-22,FR,diesel,1281.83,643.87
2008-09-29,FR,diesel,1297.1,656.63
2008-10-06,FR,diesel,1295.4,655.21
2008-10-13,FR,diesel,1249.64,616.95
2008-10-20,FR,diesel,1187.22,564.76
2008-10-27,FR,diesel,1165.03,546.21
2008-11-03,FR,diesel,1151.3,534.73
2008-11-10,FR,diesel,1150.08,533.71
2008-11-17,FR,diesel,1130.4,517.25
2008-11-24,FR,diesel,1095.9,488.4
2008-12-01,FR,diesel,1063.9,461.65
2008-12-08,FR,diesel,1033.5,436.23
2008-12-15,FR,diesel,996.8,405.54
2009-01-05,FR,diesel,946.0,363.07
2009-01-12,FR,diesel,1001.7,409.64
2009-01-19,FR,diesel,995.6,404.54
2009-01-26,FR,diesel,987.7,397.94
2009-02-02,FR,diesel,984.6,395.34
2009-02-09,FR,diesel,982.4,393.5
2009-02-16,FR,diesel,977.6,389.49
2009-02-23,FR,diesel,950.8,367.08
2009-03-02,FR,diesel,940.5,358.47
2009-03-09,FR,diesel,941.4,359.22
2009-03-16,FR,diesel,932.9,352.12
2009-03-23,FR,diesel,937.2,355.71
2009-03-30,FR,diesel,970.6,383.64
2009-04-06,FR,diesel,968.6,381.97
2009-04-20,FR,diesel,974.1,386.56
2009-04-27,FR,diesel,970.4,383.47
2009-05-04,FR,diesel,957.8,372.94
2009-05-11,FR,diesel,965.3,379.21
2009-05-18,FR,diesel,978.9,390.58
2009-05-25,FR,diesel,974.0,386.48
2009-06-01,FR,diesel,974.5,386.9
2009-06-08,FR,diesel,1004.3,411.82
2009-06-15,FR,diesel,1025.8,429.79
2009-06-22,FR,diesel,1037.9,439.91
2009-06-29,FR,diesel,1028.0,431.63
2009-07-06,FR,diesel,1020.8,425.61
2009-07-13,FR,diesel,995.1,404.12
2009-07-20,FR,diesel,985.0,395.68
2009-07-27,FR,diesel,1003.1,410.81
2009-08-03,FR,diesel,1009.6,416.25
2009-08-10,FR,diesel,1037.0,439.16
2009-08-17,FR,diesel,1046.4,447.02
2009-08-24,FR,diesel,1042.0,443.34
2009-08-31,FR,diesel,1038.6,440.49
2009-09-07,FR,diesel,1029.5,432.89
2009-09-14,FR,diesel,1014.9,420.68
2009-09-21,FR,diesel,1008.2,415.08
2009-09-28,FR,diesel,1008.2,415.08
2009-10-05,FR,diesel,1002.0,409.89
2009-10-12,FR,diesel,1011.2,417.58
2009-10-19,FR,diesel,1026.9,430.71
2009-10-26,FR,diesel,1052.4,452.03
2009-11-02,FR,diesel,1055.1,454.29
2009-11-09,FR,diesel,1055.5,454.63
2009-11-16,FR,diesel,1050.5,450.44
2009-11-23,FR,diesel,1048.5,448.77
2009-11-30,FR,diesel,1040.7,442.25
2009-12-07,FR,diesel,1042.3,443.59
2009-12-14,FR,diesel,1041.3,442.75
2009-12-21,FR,diesel,1037.6,439.66
2010-01-04,FR,diesel,1059.8,458.22
2010-01-11,FR,diesel,1088.7,482.38
2010-01-18,FR,diesel,1087.1,481.05
2010-01-25,FR,diesel,1073.1,469.34
2010-02-01,FR,diesel,1064.7,462.32
2010-02-08,FR,diesel,1072.8,469.09
2010-02-15,FR,diesel,1066.9,464.16
2010-02-22,FR,diesel,1080.1,475.19
2010-03-01,FR,diesel,1111.6,501.53
2010-03-08,FR,diesel,1111.3,501.28
2010-03-15,FR,diesel,1119.1,507.8
2010-03-22,FR,diesel,1123.3,511.31
2010-03-29,FR,diesel,1124.8,512.57
2010-04-12,FR,diesel,1162.1,543.76
2010-04-19,FR,diesel,1157.8,540.16
2010-04-26,FR,diesel,1160.0,542.0
2010-05-03,FR,diesel,1171.2,551.36
2010-05-10,FR,diesel,1182.8,561.06
2010-05-17,FR,diesel,1172.8,552.7
2010-05-24,FR,diesel,1163.4,544.84
2010-05-31,FR,diesel,1144.6,529.12
2010-06-07,FR,diesel,1152.7,535.9
2010-06-14,FR,diesel,1159.8,541.83
2010-06-21,FR,diesel,1170.6,550.86
2010-06-28,FR,diesel,1178.5,557.47
2010-07-05,FR,diesel,1161.8,543.5
2010-07-12,FR,diesel,1135.1,521.18
2010-07-19,FR,diesel,1136.6,522.43
2010-07-26,FR,diesel,1131.4,518.09
2010-08-02,FR,diesel,1121.0,509.39
2010-08-09,FR,diesel,1150.5,534.06
2010-08-16,FR,diesel,1145.0,529.46
2010-08-23,FR,diesel,1136.9,522.69
2010-08-30,FR,diesel,1129.4,516.41
2010-09-06,FR,diesel,1138.0,523.61
2010-09-13,FR,diesel,1143.6,528.29
2010-09-20,FR,diesel,1154.3,537.23
2010-09-27,FR,diesel,1145.4,529.79
2010-10-04,FR,diesel,1139.5,524.86
2010-10-11,FR,diesel,1161.2,543.0
2010-10-18,FR,diesel,1169.2,549.69
2010-10-25,FR,diesel,1177.0,556.21
2010-11-08,FR,diesel,1174.2,553.87
2010-11-15,FR,diesel,1177.3,556.46
2010-11-22,FR,diesel,1180.6,559.22
2010-11-29,FR,diesel,1180.3,558.97
2010-12-06,FR,diesel,1202.3,577.37
2010-12-13,FR,diesel,1220.3,592.42
2010-12-20,FR,diesel,1219.3,591.58
2011-01-03,FR,diesel,1247.4,605.88
2011-01-10,FR,diesel,1260.8,617.08
2011-01-17,FR,diesel,1284.5,636.9
2011-01-24,FR,diesel,1286.7,638.74
2011-01-31,FR,diesel,1278.7,632.05
2011-02-07,FR,diesel,1292.3,643.42
2011-02-14,FR,diesel,1299.9,649.77
2011-02-21,FR,diesel,1308.9,657.3
2011-02-28,FR,diesel,1328.7,673.85
2011-03-07,FR,diesel,1351.3,692.75
2011-03-14,FR,diesel,1370.2,708.55
2011-03-21,FR,diesel,1359.4,699.52
2011-03-28,FR,diesel,1360.6,700.53
2011-04-04,FR,diesel,1360.9,700.78
2011-04-11,FR,diesel,1369.8,708.22
2011-04-18,FR,diesel,1371.9,709.97
2011-05-02,FR,diesel,1359.6,699.69
2011-05-09,FR,diesel,1345.3,687.73
2011-05-16,FR,diesel,1318.1,664.99
2011-05-23,FR,diesel,1308.7,657.13
2011-05-30,FR,diesel,1314.6,662.06
2011-06-06,FR,diesel,1315.8,663.07
2011-06-13,FR,diesel,1318.4,665.24
2011-06-20,FR,diesel,1333.5,677.87
2011-06-27,FR,diesel,1308.8,657.21
2011-07-04,FR,diesel,1285.4,637.65
2011-07-11,FR,diesel,1306.1,654.96
2011-07-18,FR,diesel,1335.7,679.71
2011-07-25,FR,diesel,1347.5,689.57
2011-08-01,FR,diesel,1337.2,680.96
2011-08-08,FR,diesel,1335.7,679.71
2011-08-22,FR,diesel,1302.7,652.11
2011-08-29,FR,diesel,1301.8,651.36
2011-09-05,FR,diesel,1319.7,666.33
2011-09-12,FR,diesel,1331.5,676.19
2011-09-19,FR,diesel,1339.2,682.63
2011-09-26,FR,diesel,1340.5,683.72
2011-10-03,FR,diesel,1332.6,677.11
2011-10-10,FR,diesel,1329.4,674.44
2011-10-17,FR,diesel,1339.7,683.05
2011-10-24,FR,diesel,1358.8,699.02
2011-10-31,FR,diesel,1360.9,700.78
2011-11-07,FR,diesel,1365.4,704.54
2011-11-14,FR,diesel,1377.0,714.24
2011-11-21,FR,diesel,1395.0,729.29
2011-11-28,FR,diesel,1376.0,713.4
2011-12-05,FR,diesel,1379.0,715.91
2011-12-12,FR,diesel,1374.2,711.9
2011-12-19,FR,diesel,1368.3,706.96
2012-01-09,FR,diesel,1398.3,732.05
2012-01-16,FR,diesel,1424.0,753.54
2012-01-23,FR,diesel,1418.2,746.29
2012-01-30,FR,diesel,1396.6,728.23
2012-02-06,FR,diesel,1396.0,727.72
2012-02-13,FR,diesel,1418.0,746.12
2012-02-20,FR,diesel,1422.3,749.71
2012-02-27,FR,diesel,1440.8,765.18
2012-03-05,FR,diesel,1431.37,757.3
2012-03-12,FR,diesel,1437.8,762.67
2012-03-19,FR,diesel,1458.4,779.9
2012-03-26,FR,diesel,1456.0,777.89
2012-04-02,FR,diesel,1442.9,766.94
2012-04-16,FR,diesel,1436.2,761.34
2012-04-23,FR,diesel,1429.5,755.73
2012-04-30,FR,diesel,1426.4,753.14
2012-05-07,FR,diesel,1425.23,752.16
2012-05-14,FR,diesel,1402.3,732.99
2012-05-21,FR,diesel,1392.5,724.8
2012-05-28,FR,diesel,1377.5,712.26
2012-06-04,FR,diesel,1377.8,712.51
2012-06-11,FR,diesel,1349.0,688.43
2012-06-18,FR,diesel,1338.1,679.31
2012-06-25,FR,diesel,1328.5,671.29
2012-07-02,FR,diesel,1316.7,661.42
2012-07-09,FR,diesel,1344.9,685.0
2012-07-16,FR,diesel,1370.9,706.74
2012-07-23,FR,diesel,1400.0,731.07
2012-07-30,FR,diesel,1396.2,727.89
2012-08-06,FR,diesel,1406.0,736.09
2012-08-13,FR,diesel,1424.6,751.64
2012-08-20,FR,diesel,1449.0,772.04
2012-08-27,FR,diesel,1459.2,780.57
2012-09-03,FR,diesel,1397.3,758.81
2012-09-10,FR,diesel,1403.6,764.08
2012-09-17,FR,diesel,1399.6,760.73
2012-09-24,FR,diesel,1369.3,735.4
2012-10-01,FR,diesel,1370.8,736.65
2012-10-08,FR,diesel,1388.0,751.04
2012-10-15,FR,diesel,1403.2,763.74
2012-10-22,FR,diesel,1395.9,757.64
2012-10-29,FR,diesel,1377.6,742.34
2012-11-05,FR,diesel,1372.4,737.99
2012-11-12,FR,diesel,1365.8,732.47
2012-11-19,FR,diesel,1363.6,730.63
2012-11-26,FR,diesel,1371.6,737.32
2012-12-03,FR,diesel,1365.3,732.06
2012-12-10,FR,diesel,1360.8,718.29
2012-12-17,FR,diesel,1350.9,705.02
2013-01-07,FR,diesel,1362.9,710.05
2013-01-14,FR,diesel,1380.6,714.85
2013-01-21,FR,diesel,1382.4,716.35
2013-01-28,FR,diesel,1388.5,721.55
2013-02-04,FR,diesel,1390.8,723.48
2013-02-11,FR,diesel,1400.4,731.5
2013-02-18,FR,diesel,1415.1,743.79
2013-02-25,FR,diesel,1416.6,745.05
2013-03-04,FR,diesel,1407.8,737.69
2013-03-11,FR,diesel,1394.8,726.82
2013-03-18,FR,diesel,1387.2,720.47
2013-03-25,FR,diesel,1380.2,714.61
2013-04-01,FR,diesel,1378.8,713.44
2013-04-08,FR,diesel,1387.0,720.3
2013-04-15,FR,diesel,1359.3,697.14
2013-04-22,FR,diesel,1320.9,665.03
2013-04-29,FR,diesel,1317.4,662.11
2013-05-06,FR,diesel,1316.3,661.19
2013-05-13,FR,diesel,1320.3,664.53
2013-05-20,FR,diesel,1326.7,669.88
2013-05-27,FR,diesel,1337.5,678.91
2013-06-03,FR,diesel,1334.7,676.57
2013-06-10,FR,diesel,1324.9,668.38
2013-06-17,FR,diesel,1319.9,664.2
2013-06-24,FR,diesel,1328.5,671.39
2013-07-01,FR,diesel,1322.6,666.45
2013-07-08,FR,diesel,1333.3,675.4
2013-07-15,FR,diesel,1345.9,685.93
2013-07-22,FR,diesel,1353.9,692.62
2013-07-29,FR,diesel,1334.4,676.32
2013-08-05,FR,diesel,1343.1,683.59
2013-08-12,FR,diesel,1347.2,687.02
2013-08-19,FR,diesel,1345.1,685.27
2013-08-26,FR,diesel,1355.2,693.71
2013-09-02,FR,diesel,1370.6,706.59
2013-09-09,FR,diesel,1376.0,711.1
2013-09-16,FR,diesel,1376.1,711.19
2013-09-23,FR,diesel,1362.5,699.81
2013-09-30,FR,diesel,1341.5,682.26
2013-10-07,FR,diesel,1329.7,672.39
2013-10-14,FR,diesel,1328.7,671.55
2013-10-21,FR,diesel,1333.1,675.23
2013-10-28,FR,diesel,1323.3,667.04
2013-11-04,FR,diesel,1311.2,656.92
2013-11-11,FR,diesel,1313.3,658.68
2013-11-18,FR,diesel,1310.7,656.5
2013-11-25,FR,diesel,1316.3,661.19
2013-12-02,FR,diesel,1332.7,674.9
2013-12-09,FR,diesel,1336.8,678.33
2013-12-16,FR,diesel,1329.1,671.89
2014-01-06,FR,diesel,1338.9,676.35
2014-01-13,FR,diesel,1330.3,669.18
2014-01-20,FR,diesel,1322.8,661.43
2014-01-27,FR,diesel,1323.8,662.27
2014-02-03,FR,diesel,1326.0,664.1
2014-02-10,FR,diesel,1326.6,664.6
2014-02-17,FR,diesel,1329.43,666.96
2014-02-24,FR,diesel,1330.81,668.11
2014-03-03,FR,diesel,1331.65,668.81
2014-03-10,FR,diesel,1326.54,664.55
2014-03-17,FR,diesel,1312.94,653.22
2014-03-24,FR,diesel,1300.37,642.74
2014-03-31,FR,diesel,1304.7,646.35
2014-04-07,FR,diesel,1307.17,648.41
2014-04-14,FR,diesel,1306.18,647.58
2014-04-28,FR,diesel,1312.47,652.82
2014-05-05,FR,diesel,1311.81,652.27
2014-05-12,FR,diesel,1301.56,643.73
2014-05-19,FR,diesel,1304.4,646.1
2014-05-26,FR,diesel,1308.91,649.86
2014-06-02,FR,diesel,1308.59,649.59
2014-06-09,FR,diesel,1298.07,640.83
2014-06-16,FR,diesel,1298.38,641.08
2014-06-23,FR,diesel,1317.4,656.93
2014-06-30,FR,diesel,1325.5,663.68
2014-07-07,FR,diesel,1317.26,656.82
2014-07-14,FR,diesel,1297.6,640.43
2014-07-21,FR,diesel,1299.46,641.98
2014-07-28,FR,diesel,1300.21,642.61
2014-08-04,FR,diesel,1295.3,638.52
2014-08-11,FR,diesel,1302.25,644.31
2014-08-18,FR,diesel,1302.52,644.53
2014-08-25,FR,diesel,1296.6,639.6
2014-09-01,FR,diesel,1299.0,641.6
2014-09-08,FR,diesel,1288.1,632.52
2014-09-15,FR,diesel,1299.4,641.93
2014-09-22,FR,diesel,1293.6,637.1
2014-09-29,FR,diesel,1286.8,631.43
2014-10-06,FR,diesel,1288.6,632.93
2014-10-13,FR,diesel,1277.6,623.77
2014-10-20,FR,diesel,1254.5,604.52
2014-10-27,FR,diesel,1237.7,590.52
2014-11-03,FR,diesel,1236.7,589.68
2014-11-10,FR,diesel,1242.5,594.52
2014-11-17,FR,diesel,1246.2,597.6
2014-11-24,FR,diesel,1223.7,578.85
2014-12-01,FR,diesel,1213.6,570.43
2014-12-08,FR,diesel,1179.2,541.77
2014-12-15,FR,diesel,1149.7,517.18
2015-01-05,FR,diesel,1122.2,454.47
2015-01-12,FR,diesel,1126.8,458.3
2015-01-19,FR,diesel,1104.2,439.47
2015-01-26,FR,diesel,1104.84,440.0
2015-02-02,FR,diesel,1116.4,449.63
2015-02-09,FR,diesel,1150.39,477.96
2015-02-16,FR,diesel,1181.52,503.9
2015-02-23,FR,diesel,1204.41,522.97
2015-03-02,FR,diesel,1209.58,527.28
2015-03-09,FR,diesel,1217.44,533.83
2015-03-16,FR,diesel,1219.08,535.2
2015-03-23,FR,diesel,1200.99,520.12
2015-03-30,FR,diesel,1190.19,511.12
2015-04-13,FR,diesel,1186.18,507.78
2015-04-20,FR,diesel,1212.14,529.42
2015-04-27,FR,diesel,1224.73,539.91
2015-05-04,FR,diesel,1232.3,546.22
2015-05-11,FR,diesel,1239.0,551.8
2015-05-18,FR,diesel,1234.1,547.72
2015-05-25,FR,diesel,1231.71,545.72
2015-06-01,FR,diesel,1233.25,547.01
2015-06-08,FR,diesel,1228.86,543.35
2015-06-15,FR,diesel,1214.69,531.54
2015-06-22,FR,diesel,1210.66,528.18
2015-06-29,FR,diesel,1204.5,523.05
2015-07-06,FR,diesel,1192.28,512.87
2015-07-13,FR,diesel,1185.65,507.34
2015-07-20,FR,diesel,1175.52,498.9
2015-07-27,FR,diesel,1167.81,492.48
2015-08-03,FR,diesel,1141.9,470.88
2015-08-10,FR,diesel,1137.5,467.22
2015-08-17,FR,diesel,1127.5,458.88
2015-08-24,FR,diesel,1118.37,451.27
2015-08-31,FR,diesel,1086.82,424.98
2015-09-07,FR,diesel,1095.37,432.11
2015-09-14,FR,diesel,1114.86,448.35
2015-09-21,FR,diesel,1105.49,440.54
2015-09-28,FR,diesel,1104.4,439.63
2015-10-05,FR,diesel,1105.53,440.57
2015-10-12,FR,diesel,1113.42,447.15
2015-10-19,FR,diesel,1105.24,440.33
2015-10-26,FR,diesel,1090.37,427.94
2015-11-02,FR,diesel,1090.69,428.21
2015-11-09,FR,diesel,1104.53,439.74
2015-11-16,FR,diesel,1108.48,443.03
2015-11-23,FR,diesel,1094.99,431.79
2015-11-30,FR,diesel,1092.69,429.87
2015-12-07,FR,diesel,1082.16,421.1
2015-12-14,FR,diesel,1047.7,392.38
2016-01-04,FR,diesel,1021.4,340.57
2016-01-11,FR,diesel,1045.36,360.53
2016-01-18,FR,diesel,1024.37,343.04
2016-01-25,FR,diesel,999.69,322.47
2016-02-01,FR,diesel,1002.07,324.46
2016-02-08,FR,diesel,1017.19,337.06
2016-02-15,FR,diesel,1010.49,331.47
2016-02-22,FR,diesel,1016.1,336.15
2016-02-29,FR,diesel,1020.87,340.12
2016-03-07,FR,diesel,1035.28,352.13
2016-03-14,FR,diesel,1064.7,376.65
2016-03-21,FR,diesel,1067.43,378.92
2016-04-04,FR,diesel,1064.78,376.72
2016-04-11,FR,diesel,1043.69,359.14
2016-04-18,FR,diesel,1059.8,372.57
2016-04-25,FR,diesel,1071.49,382.31
2016-05-02,FR,diesel,1088.85,396.77
2016-05-09,FR,diesel,1094.49,401.47
2016-05-16,FR,diesel,1094.0,401.07
2016-05-23,FR,diesel,1127.27,428.79
2016-05-30,FR,diesel,1174.04,467.77
2016-06-06,FR,diesel,1174.62,468.25
2016-06-13,FR,diesel,1160.96,456.87
2016-06-20,FR,diesel,1150.81,448.41
2016-06-27,FR,diesel,1143.25,442.11
2016-07-04,FR,diesel,1140.68,439.97
2016-07-11,FR,diesel,1127.51,428.99
2016-07-18,FR,diesel,1122.73,425.01
2016-07-25,FR,diesel,1113.95,417.69
2016-08-01,FR,diesel,1095.05,401.94
2016-08-08,FR,diesel,1080.1,389.48
2016-08-15,FR,diesel,1088.7,396.65
2016-08-22,FR,diesel,1110.07,414.46
2016-08-29,FR,diesel,1123.34,425.52
2016-09-05,FR,diesel,1113.48,417.3
2016-09-12,FR,diesel,1110.27,414.62
2016-09-19,FR,diesel,1111.35,415.52
2016-09-26,FR,diesel,1107.07,411.96
2016-10-03,FR,diesel,1114.43,418.09
2016-10-10,FR,diesel,1140.31,439.66
2016-10-17,FR,diesel,1160.65,456.61
2016-10-24,FR,diesel,1165.32,460.5
2016-10-31,FR,diesel,1168.24,462.93
2016-11-07,FR,diesel,1157.18,453.72
2016-11-14,FR,diesel,1135.4,435.57
2016-11-21,FR,diesel,1135.38,435.55
2016-11-28,FR,diesel,1153.8,450.9
2016-12-05,FR,diesel,1158.42,454.75
2016-12-12,FR,diesel,1182.46,474.78
2016-12-19,FR,diesel,1199.07,488.62
2017-01-02,FR,diesel,1222.24,507.93
2017-01-09,FR,diesel,1273.35,514.42
2017-01-16,FR,diesel,1267.58,509.62
2017-01-23,FR,diesel,1263.19,505.96
2017-01-30,FR,diesel,1261.84,504.83
2017-02-06,FR,diesel,1262.45,505.34
2017-02-13,FR,diesel,1264.69,507.21
2017-02-20,FR,diesel,1267.15,509.26
2017-02-27,FR,diesel,1268.2,510.13
2017-03-06,FR,diesel,1266.97,509.11
2017-03-13,FR,diesel,1259.79,503.12
2017-03-20,FR,diesel,1238.81,485.64
2017-03-27,FR,diesel,1225.4,474.47
2017-04-03,FR,diesel,1220.78,470.62
2017-04-10,FR,diesel,1237.13,484.24
2017-04-24,FR,diesel,1254.75,498.92
2017-05-01,FR,diesel,1237.82,484.82
2017-05-08,FR,diesel,1215.72,466.4
2017-05-15,FR,diesel,1204.15,456.76
2017-05-22,FR,diesel,1207.23,459.32
2017-05-29,FR,diesel,1212.49,463.71
2017-06-05,FR,diesel,1209.56,461.27
2017-06-12,FR,diesel,1191.62,446.32
2017-06-19,FR,diesel,1175.44,432.83
2017-06-26,FR,diesel,1164.17,423.44
2017-07-03,FR,diesel,1160.37,420.27
2017-07-10,FR,diesel,1170.32,428.57
2017-07-17,FR,diesel,1173.55,431.26
2017-07-24,FR,diesel,1180.8,437.3
2017-07-31,FR,diesel,1173.88,431.53
2017-08-07,FR,diesel,1199.15,452.59
2017-08-14,FR,diesel,1199.4,452.8
2017-08-21,FR,diesel,1197.54,451.25
2017-08-28,FR,diesel,1193.8,448.13
2017-09-04,FR,diesel,1189.27,444.36
2017-09-11,FR,diesel,1215.38,466.12
2017-09-18,FR,diesel,1220.39,470.29
2017-09-25,FR,diesel,1231.0,479.13
2017-10-02,FR,diesel,1250.12,495.07
2017-10-09,FR,diesel,1246.3,491.88
2017-10-16,FR,diesel,1239.31,486.06
2017-10-23,FR,diesel,1234.84,482.33
2017-10-30,FR,diesel,1241.35,487.76
2017-11-06,FR,diesel,1257.07,500.86
2017-11-13,FR,diesel,1273.7,514.72
2017-11-20,FR,diesel,1278.12,518.4
2017-11-27,FR,diesel,1276.82,517.32
2017-12-04,FR,diesel,1277.03,517.49
2017-12-11,FR,diesel,1271.69,513.04
2017-12-18,FR,diesel,1278.52,518.73
2018-01-01,FR,diesel,1286.62,525.48
2018-01-08,FR,diesel,1393.5,551.75
2018-01-15,FR,diesel,1397.98,555.48
2018-01-22,FR,diesel,1398.14,555.62
2018-01-29,FR,diesel,1394.88,552.9
2018-02-05,FR,diesel,1394.48,552.57
2018-02-12,FR,diesel,1388.49,547.57
2018-02-19,FR,diesel,1366.67,529.39
2018-02-26,FR,diesel,1362.63,526.02
2018-03-05,FR,diesel,1373.25,534.87
2018-03-12,FR,diesel,1366.04,528.87
2018-03-19,FR,diesel,1362.35,525.79
2018-03-26,FR,diesel,1376.0,537.17
2018-04-09,FR,diesel,1388.36,547.47
2018-04-16,FR,diesel,1396.52,554.27
2018-04-23,FR,diesel,1405.91,562.09
2018-04-30,FR,diesel,1418.04,572.2
2018-05-07,FR,diesel,1423.95,577.12
2018-05-14,FR,diesel,1438.73,589.44
2018-05-21,FR,diesel,1461.07,608.06
2018-05-28,FR,diesel,1481.68,625.23
2018-06-04,FR,diesel,1479.11,623.09
2018-06-11,FR,diesel,1467.1,613.08
2018-06-18,FR,diesel,1464.84,611.2
2018-06-25,FR,diesel,1457.49,605.07
2018-07-02,FR,diesel,1450.96,599.63
2018-07-09,FR,diesel,1448.88,597.9
2018-07-16,FR,diesel,1454.98,602.98
2018-07-23,FR,diesel,1442.45,592.54
2018-07-30,FR,diesel,1434.22,585.68
2018-08-06,FR,diesel,1445.37,594.97
2018-08-13,FR,diesel,1447.73,596.94
2018-08-20,FR,diesel,1451.71,600.26
2018-08-27,FR,diesel,1452.24,600.7
2018-09-03,FR,diesel,1458.41,605.84
2018-09-10,FR,diesel,1476.83,621.19
2018-09-17,FR,diesel,1478.53,622.61
2018-09-24,FR,diesel,1476.38,620.82
2018-10-01,FR,diesel,1483.48,626.73
2018-10-08,FR,diesel,1521.72,658.6
2018-10-15,FR,diesel,1533.09,668.07
2018-10-22,FR,diesel,1522.55,659.29
2018-10-29,FR,diesel,1510.86,649.55
2018-11-05,FR,diesel,1514.97,652.97
2018-11-12,FR,diesel,1483.96,627.13
2018-11-19,FR,diesel,1465.5,611.75
2018-11-26,FR,diesel,1455.34,603.28
2018-12-03,FR,diesel,1428.67,581.06
2018-12-10,FR,diesel,1431.15,583.12
2018-12-17,FR,diesel,1424.7,577.75
2019-01-07,FR,diesel,1376.03,537.59
2019-01-14,FR,diesel,1391.71,550.66
2019-01-21,FR,diesel,1407.98,564.22
2019-01-28,FR,diesel,1418.15,572.69
2019-02-04,FR,diesel,1421.33,575.34
2019-02-11,FR,diesel,1421.13,575.17
2019-02-18,FR,diesel,1431.43,583.76
2019-02-25,FR,diesel,1450.35,599.52
2019-03-04,FR,diesel,1459.66,607.28
2019-03-11,FR,diesel,1462.0,609.23
2019-03-18,FR,diesel,1462.78,609.88
2019-03-25,FR,diesel,1459.34,607.02
2019-04-01,FR,diesel,1457.1,605.15
2019-04-08,FR,diesel,1461.2,608.57
2019-04-15,FR,diesel,1469.48,615.47
2019-04-29,FR,diesel,1481.84,625.77
2019-05-06,FR,diesel,1477.81,622.41
2019-05-13,FR,diesel,1480.91,624.99
2019-05-20,FR,diesel,1481.56,625.53
2019-05-27,FR,diesel,1489.8,632.4
2019-06-03,FR,diesel,1472.66,618.12
2019-06-10,FR,diesel,1435.63,587.26
2019-06-17,FR,diesel,1412.47,567.96
2019-06-24,FR,diesel,1408.62,564.75
2019-07-01,FR,diesel,1417.99,572.56
2019-07-08,FR,diesel,1403.38,560.38
2019-07-15,FR,diesel,1422.69,576.47
2019-07-22,FR,diesel,1430.55,583.02
2019-07-29,FR,diesel,1424.84,578.27
2019-08-05,FR,diesel,1429.26,581.95
2019-08-12,FR,diesel,1415.51,570.49
2019-08-19,FR,diesel,1406.29,562.81
2019-08-26,FR,diesel,1410.26,566.12
2019-09-02,FR,diesel,1411.98,567.55
2019-09-09,FR,diesel,1410.25,566.11
2019-09-16,FR,diesel,1429.75,582.36
2019-09-23,FR,diesel,1455.57,603.87
2019-09-30,FR,diesel,1454.76,603.2
2019-10-07,FR,diesel,1445.98,595.88
2019-10-14,FR,diesel,1440.4,591.23
2019-10-21,FR,diesel,1440.24,591.1
2019-10-28,FR,diesel,1438.84,589.93
2019-11-04,FR,diesel,1443.1,593.48
2019-11-11,FR,diesel,1441.32,592.0
2019-11-18,FR,diesel,1441.31,591.99
2019-11-25,FR,diesel,1438.1,589.32
2019-12-02,FR,diesel,1443.72,594.0
2019-12-09,FR,diesel,1451.86,600.78
2019-12-16,FR,diesel,1456.39,604.56
2020-01-06,FR,diesel,1484.12,627.67
2020-01-13,FR,diesel,1490.84,633.27
2020-01-20,FR,diesel,1479.11,623.49
2020-01-27,FR,diesel,1463.48,610.47
2020-02-03,FR,diesel,1434.32,586.17
2020-02-10,FR,diesel,1402.79,559.89
2020-02-17,FR,diesel,1399.9,557.48
2020-02-24,FR,diesel,1399.98,557.55
2020-03-02,FR,diesel,1391.55,550.52
2020-03-09,FR,diesel,1361.32,525.33
2020-03-16,FR,diesel,1301.22,475.25
2020-03-23,FR,diesel,1256.91,438.32
2020-03-30,FR,diesel,1239.0,423.4
2020-04-06,FR,diesel,1231.04,416.77
2020-04-20,FR,diesel,1213.25,401.94
2020-04-27,FR,diesel,1194.08,385.97
2020-05-04,FR,diesel,1166.3,362.82
2020-05-11,FR,diesel,1160.78,358.22
2020-05-18,FR,diesel,1157.81,355.74
2020-05-25,FR,diesel,1176.85,371.61
2020-06-01,FR,diesel,1185.39,378.72
2020-06-08,FR,diesel,1191.02,383.42
2020-06-15,FR,diesel,1209.15,398.52
2020-06-22,FR,diesel,1216.14,404.35
2020-06-29,FR,diesel,1230.32,416.17
2020-07-06,FR,diesel,1227.84,414.1
2020-07-13,FR,diesel,1242.02,425.92
2020-07-20,FR,diesel,1244.63,428.09
2020-07-27,FR,diesel,1247.42,430.42
2020-08-03,FR,diesel,1235.34,420.35
2020-08-10,FR,diesel,1236.35,421.19
2020-08-17,FR,diesel,1236.71,421.49
2020-08-24,FR,diesel,1236.19,421.06
2020-08-31,FR,diesel,1227.88,414.13
2020-09-07,FR,diesel,1219.0,406.73
2020-09-14,FR,diesel,1209.44,398.77
2020-09-21,FR,diesel,1195.12,386.83
2020-09-28,FR,diesel,1194.66,386.45
2020-10-05,FR,diesel,1196.26,387.78
2020-10-12,FR,diesel,1199.76,390.7
2020-10-19,FR,diesel,1207.79,397.39
2020-10-26,FR,diesel,1199.06,390.12
2020-11-02,FR,diesel,1206.68,396.47
2020-11-09,FR,diesel,1196.78,388.22
2020-11-16,FR,diesel,1212.15,401.02
2020-11-23,FR,diesel,1218.02,405.92
2020-11-30,FR,diesel,1238.32,422.83
2020-12-07,FR,diesel,1246.52,429.67
2020-12-14,FR,diesel,1252.73,434.84
2020-12-21,FR,diesel,1261.45,442.11
2021-01-11,FR,diesel,1285.81,462.41
2021-01-18,FR,diesel,1308.42,481.25
2021-01-25,FR,diesel,1314.57,486.37
2021-02-01,FR,diesel,1313.47,485.46
2021-02-08,FR,diesel,1323.23,493.59
2021-02-15,FR,diesel,1341.59,508.89
2021-02-22,FR,diesel,1361.71,525.66
2021-03-01,FR,diesel,1372.96,535.03
2021-03-08,FR,diesel,1375.8,537.4
2021-03-15,FR,diesel,1390.28,549.47
2021-03-22,FR,diesel,1392.98,551.72
2021-03-29,FR,diesel,1377.94,539.18
2021-04-12,FR,diesel,1369.44,532.1
2021-04-19,FR,diesel,1371.82,534.08
2021-04-26,FR,diesel,1378.64,539.77
2021-05-03,FR,diesel,1377.46,538.78
2021-05-10,FR,diesel,1391.33,550.34
2021-05-17,FR,diesel,1388.85,548.27
2021-05-24,FR,diesel,1391.26,550.28
2021-05-31,FR,diesel,1391.52,550.5
2021-06-07,FR,diesel,1402.2,559.4
2021-06-14,FR,diesel,1408.73,564.84
2021-06-21,FR,diesel,1419.38,573.72
2021-06-28,FR,diesel,1429.63,582.26
2021-07-05,FR,diesel,1438.24,589.43
2021-07-12,FR,diesel,1437.66,588.95
2021-07-19,FR,diesel,1446.56,596.37
2021-07-26,FR,diesel,1441.06,591.78
2021-08-02,FR,diesel,1433.74,585.68
2021-08-09,FR,diesel,1441.93,592.51
2021-08-16,FR,diesel,1433.46,585.45
2021-08-23,FR,diesel,1427.75,580.69
2021-08-30,FR,diesel,1425.16,578.53
2021-09-06,FR,diesel,1429.43,582.09
2021-09-13,FR,diesel,1441.72,592.33
2021-09-20,FR,diesel,1453.74,602.35
2021-09-27,FR,diesel,1465.9,612.48
2021-10-04,FR,diesel,1497.03,638.42
2021-10-11,FR,diesel,1535.4,670.4
2021-10-18,FR,diesel,1558.27,689.46
2021-10-25,FR,diesel,1553.13,685.17
2021-11-01,FR,diesel,1556.65,688.11
2021-11-08,FR,diesel,1549.32,682.0
2021-11-15,FR,diesel,1557.67,688.96
2021-11-22,FR,diesel,1556.03,687.59
2021-11-29,FR,diesel,1553.65,685.61
2021-12-06,FR,diesel,1553.65,685.61
2021-12-13,FR,diesel,1525.49,662.14
2021-12-20,FR,diesel,1531.63,667.26
2022-01-03,FR,diesel,1536.7,671.48
2022-01-10,FR,diesel,1588.35,714.52
2022-01-17,FR,diesel,1621.4,742.07
2022-01-24,FR,diesel,1654.02,769.25
2022-01-31,FR,diesel,1670.43,782.92
2022-02-07,FR,diesel,1685.38,795.38
2022-02-14,FR,diesel,1699.54,807.18
2022-02-21,FR,diesel,1705.12,811.83
2022-02-28,FR,diesel,1741.54,842.18
2022-03-07,FR,diesel,1883.12,960.17
2022-03-14,FR,diesel,2140.67,1174.79
2022-03-21,FR,diesel,1975.54,1037.18
2022-03-28,FR,diesel,2116.49,1154.64
2022-04-04,FR,diesel,1891.04,966.77
2022-04-11,FR,diesel,1820.47,907.96
2022-04-25,FR,diesel,1875.9,954.15
2022-05-02,FR,diesel,1881.46,958.78
2022-05-09,FR,diesel,1943.83,1010.76
2022-05-16,FR,diesel,1878.4,956.23
2022-05-23,FR,diesel,1852.02,934.25
2022-05-30,FR,diesel,1828.05,914.27
2022-06-06,FR,diesel,1961.46,1025.45
2022-06-13,FR,diesel,2069.35,1115.36
2022-06-20,FR,diesel,2134.54,1169.68
2022-06-27,FR,diesel,2130.19,1166.06
2022-07-04,FR,diesel,2064.32,1111.17
2022-07-11,FR,diesel,1994.57,1053.04
2022-07-18,FR,diesel,1969.56,1032.2
2022-07-25,FR,diesel,1934.29,1002.81
2022-08-01,FR,diesel,1878.23,956.09
2022-08-08,FR,diesel,1839.31,923.66
2022-08-15,FR,diesel,1789.91,882.49
2022-08-22,FR,diesel,1840.0,924.23
2022-08-29,FR,diesel,1948.81,1014.91
2022-09-05,FR,diesel,1780.07,874.29
2022-09-12,FR,diesel,1754.74,853.18
2022-09-19,FR,diesel,1696.48,804.63
2022-09-26,FR,diesel,1659.3,773.65
2022-10-03,FR,diesel,1695.61,803.91
2022-10-10,FR,diesel,1803.47,893.79
2022-10-17,FR,diesel,1921.08,991.8
2022-10-24,FR,diesel,1905.26,978.62
2022-10-31,FR,diesel,1867.76,947.37
2022-11-07,FR,diesel,1831.93,917.51
2022-11-14,FR,diesel,1802.03,892.59
2022-11-21,FR,diesel,1905.88,979.13
2022-11-28,FR,diesel,1861.14,941.85
2022-12-05,FR,diesel,1820.22,907.75
2022-12-12,FR,diesel,1732.05,834.27
2022-12-19,FR,diesel,1742.73,843.17
2022-12-26,FR,diesel,1749.39,848.72
2023-01-02,FR,diesel,1766.53,863.01
2023-01-09,FR,diesel,1899.39,973.82
2023-01-16,FR,diesel,1884.56,961.47
2023-01-23,FR,diesel,1916.18,987.82
2023-01-30,FR,diesel,1943.18,1010.32
2023-02-06,FR,diesel,1887.27,963.72
2023-02-13,FR,diesel,1827.85,914.21
2023-02-20,FR,diesel,1838.19,922.82
2023-02-27,FR,diesel,1810.14,899.45
2023-03-06,FR,diesel,1812.04,901.03
2023-03-13,FR,diesel,1838.32,922.93
2023-03-20,FR,diesel,1818.28,906.23
2023-03-27,FR,diesel,1816.23,904.52
2023-04-03,FR,diesel,1809.26,898.72
2023-04-10,FR,diesel,1801.43,892.19
2023-04-17,FR,diesel,1799.84,890.87
2023-04-24,FR,diesel,1762.14,859.45
2023-05-01,FR,diesel,1719.98,824.32
2023-05-08,FR,diesel,1665.51,778.92
2023-05-15,FR,diesel,1655.53,770.61
2023-05-22,FR,diesel,1660.11,774.42
2023-05-29,FR,diesel,1672.24,784.53
2023-06-05,FR,diesel,1665.84,779.2
2023-06-12,FR,diesel,1679.67,790.72
2023-06-19,FR,diesel,1675.99,787.66
2023-06-26,FR,diesel,1703.47,810.56
2023-07-03,FR,diesel,1675.18,786.98
2023-07-10,FR,diesel,1665.81,779.17
2023-07-17,FR,diesel,1694.86,803.38
2023-07-24,FR,diesel,1700.23,807.86
2023-07-31,FR,diesel,1739.87,840.89
2023-08-07,FR,diesel,1806.4,896.33
2023-08-14,FR,diesel,1834.63,919.86
2023-08-21,FR,diesel,1833.64,919.03
2023-08-28,FR,diesel,1823.99,910.99
2023-09-04,FR,diesel,1858.69,939.91
2023-09-11,FR,diesel,1881.67,959.06
2023-09-18,FR,diesel,1929.38,998.82
2023-09-25,FR,diesel,1940.97,1008.47
2023-10-02,FR,diesel,1912.11,984.42
2023-10-09,FR,diesel,1892.11,967.76
2023-10-16,FR,diesel,1848.0,931.0
2023-10-23,FR,diesel,1881.77,959.14
2023-10-30,FR,diesel,1854.22,936.18
2023-11-06,FR,diesel,1846.63,929.86
2023-11-13,FR,diesel,1807.71,897.42
2023-11-20,FR,diesel,1801.1,891.92
2023-11-27,FR,diesel,1781.18,875.32
2023-12-04,FR,diesel,1783.21,877.01
2023-12-11,FR,diesel,1747.05,846.87
2023-12-18,FR,diesel,1734.02,836.02
2023-12-25,FR,diesel,1742.23,842.86
2024-01-01,FR,diesel,1749.15,848.62
2024-01-08,FR,diesel,1727.8,830.93
2024-01-15,FR,diesel,1722.72,826.7
2024-01-22,FR,diesel,1736.13,837.87
2024-01-29,FR,diesel,1755.55,854.06
2024-02-05,FR,diesel,1793.38,885.58
2024-02-12,FR,diesel,1796.95,888.56
2024-02-19,FR,diesel,1830.15,916.22
2024-02-26,FR,diesel,1814.89,903.51
2024-03-04,FR,diesel,1797.82,889.28
2024-03-11,FR,diesel,1785.07,878.66
2024-03-18,FR,diesel,1778.72,873.37
2024-03-25,FR,diesel,1787.13,880.37
2024-04-01,FR,diesel,1764.87,861.83
2024-04-08,FR,diesel,1789.86,882.65
2024-04-15,FR,diesel,1790.74,883.38
2024-04-22,FR,diesel,1768.7,865.02
2024-04-29,FR,diesel,1752.09,851.17
2024-05-06,FR,diesel,1739.9,841.02
2024-05-13,FR,diesel,1718.62,823.28
2024-05-20,FR,diesel,1704.77,811.74
2024-05-27,FR,diesel,1698.54,806.55
2024-06-03,FR,diesel,1695.43,803.96
2024-06-10,FR,diesel,1673.83,785.96
2024-06-17,FR,diesel,1682.51,793.19
2024-06-24,FR,diesel,1713.25,818.81
2024-07-01,FR,diesel,1724.94,828.55
2024-07-08,FR,diesel,1723.32,827.2
2024-07-15,FR,diesel,1725.35,828.89
2024-07-22,FR,diesel,1697.0,805.27
2024-07-29,FR,diesel,1682.41,793.11
2024-08-05,FR,diesel,1664.87,778.49
2024-08-12,FR,diesel,1660.5,774.85
2024-08-19,FR,diesel,1644.78,761.75
2024-08-26,FR,diesel,1634.52,753.2
2024-09-02,FR,diesel,1609.31,732.19
2024-09-09,FR,diesel,1611.74,734.22
2024-09-16,FR,diesel,1588.7,715.02
2024-09-23,FR,diesel,1581.93,709.37
2024-09-30,FR,diesel,1585.51,712.36
2024-10-07,FR,diesel,1590.53,716.54
2024-10-14,FR,diesel,1623.14,743.72
2024-10-21,FR,diesel,1618.64,739.97
2024-10-28,FR,diesel,1597.7,722.52
2024-11-04,FR,diesel,1600.81,725.11
2024-11-11,FR,diesel,1619.29,740.51
2024-11-18,FR,diesel,1625.08,745.33
2024-11-25,FR,diesel,1641.73,759.21
2024-12-02,FR,diesel,1654.25,769.64
2024-12-09,FR,diesel,1645.58,762.42
2024-12-16,FR,diesel,1641.57,759.07
2024-12-23,FR,diesel,1639.64,757.47
2024-12-30,FR,diesel,1655.38,770.58
2005-01-03,FR,gasoline,1015.1,259.55
2005-01-10,FR,gasoline,1027.62,270.01
2005-01-17,FR,gasoline,1038.24,278.89
2005-01-24,FR,gasoline,1056.64,294.28
2005-01-31,FR,gasoline,1081.02,314.66
2005-02-07,FR,gasoline,1087.11,319.76
2005-02-14,FR,gasoline,1082.5,315.9
2005-02-21,FR,gasoline,1086.9,319.58
2005-02-28,FR,gasoline,1090.29,322.41
2005-03-07,FR,gasoline,1094.72,326.12
2005-03-14,FR,gasoline,1106.92,336.32
2005-03-21,FR,gasoline,1107.21,336.56
2005-04-04,FR,gasoline,1137.9,362.22
2005-04-11,FR,gasoline,1163.53,383.65
2005-04-18,FR,gasoline,1140.79,364.64
2005-04-25,FR,gasoline,1139.45,363.52
2005-05-02,FR,gasoline,1147.82,370.51
2005-05-09,FR,gasoline,1134.39,359.29
2005-05-16,FR,gasoline,1126.74,352.89
2005-05-23,FR,gasoline,1120.74,347.88
2005-05-30,FR,gasoline,1122.64,349.46
2005-06-06,FR,gasoline,1134.56,359.43
2005-06-13,FR,gasoline,1145.3,368.41
2005-06-20,FR,gasoline,1160.45,381.08
2005-06-27,FR,gasoline,1173.47,391.96
2005-07-04,FR,gasoline,1175.93,394.02
2005-07-11,FR,gasoline,1204.23,417.68
2005-07-18,FR,gasoline,1199.34,413.59
2005-07-25,FR,gasoline,1202.21,415.99
2005-08-01,FR,gasoline,1200.51,414.57
2005-08-08,FR,gasoline,1208.69,421.41
2005-08-15,FR,gasoline,1208.69,421.41
2005-08-22,FR,gasoline,1238.2,446.08
2005-08-29,FR,gasoline,1239.95,447.55
2005-09-05,FR,gasoline,1328.92,521.94
2005-09-12,FR,gasoline,1306.62,503.29
2005-09-19,FR,gasoline,1251.82,457.47
2005-09-26,FR,gasoline,1264.68,468.23
2005-10-03,FR,gasoline,1290.15,489.52
2005-10-10,FR,gasoline,1287.96,487.69
2005-10-17,FR,gasoline,1245.25,451.98
2005-10-24,FR,gasoline,1209.91,422.43
2005-11-07,FR,gasoline,1181.08,398.33
2005-11-14,FR,gasoline,1172.8,391.4
2005-11-21,FR,gasoline,1163.25,383.42
2005-11-28,FR,gasoline,1160.84,381.41
2005-12-05,FR,gasoline,1155.72,377.12
2005-12-12,FR,gasoline,1170.62,389.58
2005-12-19,FR,gasoline,1180.65,397.97
2006-01-09,FR,gasoline,1208.96,421.63
2006-01-16,FR,gasoline,1219.68,430.6
2006-01-23,FR,gasoline,1225.89,435.79
2006-01-30,FR,gasoline,1225.38,435.37
2006-02-06,FR,gasoline,1225.69,435.62
2006-02-13,FR,gasoline,1214.61,426.36
2006-02-20,FR,gasoline,1193.14,408.41
2006-02-27,FR,gasoline,1198.25,412.68
2006-03-06,FR,gasoline,1203.7,417.24
2006-03-13,FR,gasoline,1208.06,420.89
2006-03-20,FR,gasoline,1234.98,443.4
2006-03-27,FR,gasoline,1237.03,445.11
2006-04-03,FR,gasoline,1254.62,459.82
2006-04-10,FR,gasoline,1265.57,468.97
2006-04-24,FR,gasoline,1306.38,503.09
2006-05-01,FR,gasoline,1314.71,510.05
2006-05-08,FR,gasoline,1314.72,510.06
2006-05-15,FR,gasoline,1304.92,501.87
2006-05-22,FR,gasoline,1290.55,489.86
2006-05-29,FR,gasoline,1279.8,480.87
2006-06-05,FR,gasoline,1287.74,487.51
2006-06-12,FR,gasoline,1296.46,494.8
2006-06-19,FR,gasoline,1292.97,491.88
2006-06-26,FR,gasoline,1284.7,484.97
2006-07-03,FR,gasoline,1304.2,501.27
2006-07-10,FR,gasoline,1314.15,509.58
2006-07-17,FR,gasoline,1323.14,517.1
2006-07-24,FR,gasoline,1340.73,531.81
2006-07-31,FR,gasoline,1332.38,524.83
2006-08-07,FR,gasoline,1338.2,529.7
2006-08-14,FR,gasoline,1326.77,520.14
2006-08-21,FR,gasoline,1301.71,499.18
2006-08-28,FR,gasoline,1271.06,473.56
2006-09-04,FR,gasoline,1250.52,456.39
2006-09-11,FR,gasoline,1218.57,429.67
2006-09-18,FR,gasoline,1188.5,404.53
2006-09-25,FR,gasoline,1171.81,390.57
2006-10-02,FR,gasoline,1167.05,386.59
2006-10-09,FR,gasoline,1161.71,382.13
2006-10-16,FR,gasoline,1157.61,378.7
2006-10-23,FR,gasoline,1158.89,379.77
2006-10-30,FR,gasoline,1153.32,375.11
2006-11-06,FR,gasoline,1152.75,374.64
2006-11-13,FR,gasoline,1154.88,376.42
2006-11-20,FR,gasoline,1157.9,378.95
2006-11-27,FR,gasoline,1157.99,379.02
2006-12-04,FR,gasoline,1160.56,381.16
2006-12-11,FR,gasoline,1167.49,386.96
2006-12-18,FR,gasoline,1164.04,384.08
2007-01-08,FR,gasoline,1186.8,390.01
2007-01-15,FR,gasoline,1168.81,374.96
2007-01-22,FR,gasoline,1149.55,358.86
2007-01-29,FR,gasoline,1154.37,362.9
2007-02-05,FR,gasoline,1168.61,374.8
2007-02-12,FR,gasoline,1182.42,386.35
2007-02-19,FR,gasoline,1180.57,384.8
2007-02-26,FR,gasoline,1186.52,389.77
2007-03-05,FR,gasoline,1223.92,421.05
2007-03-12,FR,gasoline,1238.54,433.26
2007-03-19,FR,gasoline,1233.54,429.09
2007-03-26,FR,gasoline,1228.92,425.23
2007-04-02,FR,gasoline,1255.14,447.15
2007-04-16,FR,gasoline,1279.21,467.27
2007-04-23,FR,gasoline,1278.45,466.64
2007-04-30,FR,gasoline,1299.14,483.93
2007-05-07,FR,gasoline,1316.37,498.34
2007-05-14,FR,gasoline,1310.14,493.14
2007-05-21,FR,gasoline,1317.21,499.04
2007-05-28,FR,gasoline,1326.57,506.87
2007-06-04,FR,gasoline,1321.41,502.56
2007-06-11,FR,gasoline,1314.75,496.99
2007-06-18,FR,gasoline,1311.12,493.96
2007-06-25,FR,gasoline,1315.31,497.46
2007-07-02,FR,gasoline,1315.73,497.81
2007-07-09,FR,gasoline,1312.93,495.47
2007-07-16,FR,gasoline,1325.67,506.12
2007-07-23,FR,gasoline,1307.68,491.08
2007-07-30,FR,gasoline,1287.63,474.31
2007-08-06,FR,gasoline,1282.15,469.73
2007-08-13,FR,gasoline,1270.61,460.09
2007-08-20,FR,gasoline,1272.99,462.07
2007-08-27,FR,gasoline,1266.27,456.45
2007-09-03,FR,gasoline,1272.97,462.06
2007-09-10,FR,gasoline,1287.1,473.87
2007-09-17,FR,gasoline,1276.55,465.05
2007-09-24,FR,gasoline,1284.02,471.3
2007-10-01,FR,gasoline,1277.11,465.52
2007-10-08,FR,gasoline,1268.06,457.95
2007-10-15,FR,gasoline,1269.74,459.35
2007-10-22,FR,gasoline,1286.75,473.58
2007-10-29,FR,gasoline,1294.54,480.09
2007-11-05,FR,gasoline,1315.28,497.43
2007-11-12,FR,gasoline,1344.96,522.25
2007-11-19,FR,gasoline,1344.41,521.78
2007-11-26,FR,gasoline,1343.77,521.26
2007-12-03,FR,gasoline,1337.64,516.13
2007-12-10,FR,gasoline,1318.8,500.37
2007-12-17,FR,gasoline,1322.39,503.38
2008-01-07,FR,gasoline,1370.07,543.24
2008-01-14,FR,gasoline,1369.98,543.17
2008-01-21,FR,gasoline,1338.44,516.8
2008-01-28,FR,gasoline,1321.23,502.4
2008-02-04,FR,gasoline,1326.36,506.7
2008-02-11,FR,gasoline,1322.89,500.0
2008-02-18,FR,gasoline,1355.51,527.27
2008-02-25,FR,gasoline,1379.47,547.3
2008-03-03,FR,gasoline,1374.67,543.29
2008-03-10,FR,gasoline,1367.67,537.44
2008-03-17,FR,gasoline,1368.95,538.51
2008-03-31,FR,gasoline,1365.56,535.67
2008-04-07,FR,gasoline,1370.96,540.18
2008-04-14,FR,gasoline,1380.4,548.08
2008-04-21,FR,gasoline,1382.93,550.19
2008-04-28,FR,gasoline,1401.66,565.86
2008-05-05,FR,gasoline,1408.11,571.25
2008-05-12,FR,gasoline,1415.52,577.44
2008-05-19,FR,gasoline,1445.37,602.41
2008-05-26,FR,gasoline,1465.9,619.56
2008-06-02,FR,gasoline,1475.53,627.62
2008-06-09,FR,gasoline,1471.28,624.07
2008-06-16,FR,gasoline,1493.52,642.66
2008-06-23,FR,gasoline,1497.13,645.68
2008-06-30,FR,gasoline,1490.93,640.5
2008-07-07,FR,gasoline,1490.17,639.86
2008-07-14,FR,gasoline,1486.18,636.52
2008-07-21,FR,gasoline,1478.3,629.93
2008-07-28,FR,gasoline,1442.74,600.2
2008-08-04,FR,gasoline,1419.41,580.7
2008-08-11,FR,gasoline,1418.3,579.77
2008-08-18,FR,gasoline,1416.8,578.52
2008-08-25,FR,gasoline,1420.98,582.01
2008-09-01,FR,gasoline,1436.45,594.94
2008-09-08,FR,gasoline,1425.51,585.8
2008-09-15,FR,gasoline,1426.66,586.76
2008-09-22,FR,gasoline,1391.29,557.19
2008-09-29,FR,gasoline,1388.08,554.5
2008-10-06,FR,gasoline,1382.1,549.5
2008-10-13,FR,gasoline,1342.44,516.34
2008-10-20,FR,gasoline,1276.86,461.51
2008-10-27,FR,gasoline,1242.48,432.76
2008-11-03,FR,gasoline,1230.53,422.77
2008-11-10,FR,gasoline,1201.93,398.86
2008-11-17,FR,gasoline,1174.8,376.17
2008-11-24,FR,gasoline,1141.8,348.58
2008-12-01,FR,gasoline,1120.3,330.61
2008-12-08,FR,gasoline,1110.03,322.02
2008-12-15,FR,gasoline,1083.5,299.84
2009-01-05,FR,gasoline,1043.4,266.31
2009-01-12,FR,gasoline,1104.3,317.23
2009-01-19,FR,gasoline,1110.8,322.66
2009-01-26,FR,gasoline,1119.2,329.69
2009-02-02,FR,gasoline,1126.5,335.79
2009-02-09,FR,gasoline,1137.4,344.9
2009-02-16,FR,gasoline,1145.2,351.43
2009-02-23,FR,gasoline,1138.5,345.72
2009-03-02,FR,gasoline,1126.5,335.69
2009-03-09,FR,gasoline,1137.9,345.22
2009-03-16,FR,gasoline,1129.8,338.45
2009-03-23,FR,gasoline,1133.0,341.12
2009-03-30,FR,gasoline,1161.1,364.62
2009-04-06,FR,gasoline,1159.9,363.62
2009-04-20,FR,gasoline,1174.4,375.74
2009-04-27,FR,gasoline,1177.4,378.25
2009-05-04,FR,gasoline,1168.5,370.81
2009-05-11,FR,gasoline,1189.2,388.11
2009-05-18,FR,gasoline,1208.4,404.17
2009-05-25,FR,gasoline,1232.6,424.4
2009-06-01,FR,gasoline,1235.3,426.66
2009-06-08,FR,gasoline,1253.1,441.54
2009-06-15,FR,gasoline,1272.6,457.85
2009-06-22,FR,gasoline,1291.2,473.4
2009-06-29,FR,gasoline,1264.7,451.24
2009-07-06,FR,gasoline,1251.5,440.2
2009-07-13,FR,gasoline,1226.1,418.97
2009-07-20,FR,gasoline,1222.2,415.71
2009-07-27,FR,gasoline,1230.9,422.98
2009-08-03,FR,gasoline,1238.9,429.67
2009-08-10,FR,gasoline,1277.4,461.86
2009-08-17,FR,gasoline,1277.8,462.19
2009-08-24,FR,gasoline,1273.0,458.18
2009-08-31,FR,gasoline,1264.6,451.16
2009-09-07,FR,gasoline,1255.0,443.13
2009-09-14,FR,gasoline,1241.4,431.76
2009-09-21,FR,gasoline,1229.4,421.73
2009-09-28,FR,gasoline,1229.0,421.39
2009-10-05,FR,gasoline,1210.0,405.51
2009-10-12,FR,gasoline,1218.2,412.36
2009-10-19,FR,gasoline,1229.2,421.56
2009-10-26,FR,gasoline,1257.0,444.8
2009-11-02,FR,gasoline,1264.7,451.24
2009-11-09,FR,gasoline,1272.1,457.43
2009-11-16,FR,gasoline,1264.8,451.33
2009-11-23,FR,gasoline,1266.4,452.66
2009-11-30,FR,gasoline,1257.2,444.97
2009-12-07,FR,gasoline,1261.6,448.65
2009-12-14,FR,gasoline,1257.2,444.97
2009-12-21,FR,gasoline,1248.1,437.36
2010-01-04,FR,gasoline,1252.89,441.37
2010-01-11,FR,gasoline,1303.4,483.6
2010-01-18,FR,gasoline,1307.2,486.78
2010-01-25,FR,gasoline,1297.1,478.33
2010-02-01,FR,gasoline,1293.6,475.41
2010-02-08,FR,gasoline,1304.0,484.1
2010-02-15,FR,gasoline,1296.6,477.91
2010-02-22,FR,gasoline,1303.3,483.52
2010-03-01,FR,gasoline,1334.4,509.52
2010-03-08,FR,gasoline,1338.3,512.78
2010-03-15,FR,gasoline,1353.3,525.32
2010-03-22,FR,gasoline,1360.8,531.59
2010-03-29,FR,gasoline,1357.5,528.83
2010-04-12,FR,gasoline,1383.9,550.91
2010-04-19,FR,gasoline,1370.0,539.28
2010-04-26,FR,gasoline,1373.0,541.79
2010-05-03,FR,gasoline,1376.4,544.64
2010-05-10,FR,gasoline,1378.7,546.56
2010-05-17,FR,gasoline,1373.0,541.79
2010-05-24,FR,gasoline,1368.4,537.95
2010-05-31,FR,gasoline,1346.8,519.89
2010-06-07,FR,gasoline,1346.2,519.39
2010-06-14,FR,gasoline,1350.6,523.06
2010-06-21,FR,gasoline,1362.7,533.18
2010-06-28,FR,gasoline,1366.2,536.11
2010-07-05,FR,gasoline,1356.9,528.33
2010-07-12,FR,gasoline,1332.7,508.1
2010-07-19,FR,gasoline,1328.8,504.84
2010-07-26,FR,gasoline,1327.3,503.58
2010-08-02,FR,gasoline,1307.4,486.94
2010-08-09,FR,gasoline,1336.2,511.02
2010-08-16,FR,gasoline,1336.5,511.27
2010-08-23,FR,gasoline,1323.7,500.57
2010-08-30,FR,gasoline,1312.6,491.29
2010-09-06,FR,gasoline,1317.3,495.22
2010-09-13,FR,gasoline,1327.3,503.58
2010-09-20,FR,gasoline,1340.5,514.62
2010-09-27,FR,gasoline,1323.8,500.66
2010-10-04,FR,gasoline,1314.7,493.05
2010-10-11,FR,gasoline,1336.5,511.27
2010-10-18,FR,gasoline,1354.4,526.24
2010-10-25,FR,gasoline,1359.1,530.17
2010-11-08,FR,gasoline,1355.7,527.33
2010-11-15,FR,gasoline,1354.8,526.58
2010-11-22,FR,gasoline,1361.7,532.35
2010-11-29,FR,gasoline,1365.4,535.44
2010-12-06,FR,gasoline,1394.7,559.94
2010-12-13,FR,gasoline,1409.6,572.4
2010-12-20,FR,gasoline,1412.2,574.57
2011-01-03,FR,gasoline,1433.1,587.24
2011-01-10,FR,gasoline,1443.2,595.69
2011-01-17,FR,gasoline,1466.8,615.42
2011-01-24,FR,gasoline,1464.8,613.75
2011-01-31,FR,gasoline,1455.0,605.56
2011-02-07,FR,gasoline,1458.3,608.31
2011-02-14,FR,gasoline,1457.4,607.56
2011-02-21,FR,gasoline,1464.4,613.41
2011-02-28,FR,gasoline,1491.5,636.07
2011-03-07,FR,gasoline,1506.7,648.78
2011-03-14,FR,gasoline,1517.9,658.15
2011-03-21,FR,gasoline,1496.9,640.59
2011-03-28,FR,gasoline,1501.9,644.77
2011-04-04,FR,gasoline,1545.3,681.06
2011-04-11,FR,gasoline,1530.4,668.6
2011-04-18,FR,gasoline,1538.3,675.2
2011-05-02,FR,gasoline,1546.9,682.39
2011-05-09,FR,gasoline,1549.2,684.32
2011-05-16,FR,gasoline,1540.2,676.79
2011-05-23,FR,gasoline,1515.2,655.89
2011-05-30,FR,gasoline,1515.4,656.06
2011-06-06,FR,gasoline,1516.4,656.89
2011-06-13,FR,gasoline,1499.5,642.76
2011-06-20,FR,gasoline,1503.0,645.69
2011-06-27,FR,gasoline,1482.1,628.21
2011-07-04,FR,gasoline,1462.8,612.08
2011-07-11,FR,gasoline,1484.4,630.14
2011-07-18,FR,gasoline,1517.9,658.15
2011-07-25,FR,gasoline,1531.0,669.1
2011-08-01,FR,gasoline,1519.9,659.82
2011-08-08,FR,gasoline,1521.6,661.24
2011-08-22,FR,gasoline,1484.6,630.3
2011-08-29,FR,gasoline,1484.8,630.47
2011-09-05,FR,gasoline,1508.8,650.54
2011-09-12,FR,gasoline,1529.5,667.85
2011-09-19,FR,gasoline,1524.1,663.33
2011-09-26,FR,gasoline,1515.5,656.14
2011-10-03,FR,gasoline,1494.7,638.75
2011-10-10,FR,gasoline,1485.1,630.72
2011-10-17,FR,gasoline,1502.4,645.19
2011-10-24,FR,gasoline,1498.1,641.59
2011-10-31,FR,gasoline,1495.4,639.33
2011-11-07,FR,gasoline,1491.3,635.91
2011-11-14,FR,gasoline,1497.9,641.42
2011-11-21,FR,gasoline,1489.7,634.57
2011-11-28,FR,gasoline,1473.6,621.11
2011-12-05,FR,gasoline,1480.7,627.04
2011-12-12,FR,gasoline,1483.2,629.13
2011-12-19,FR,gasoline,1491.1,635.74
2012-01-09,FR,gasoline,1536.2,673.45
2012-01-16,FR,gasoline,1556.3,690.25
2012-01-23,FR,gasoline,1555.5,688.09
2012-01-30,FR,gasoline,1552.8,685.83
2012-02-06,FR,gasoline,1564.0,695.19
2012-02-13,FR,gasoline,1578.7,707.48
2012-02-20,FR,gasoline,1580.3,708.82
2012-02-27,FR,gasoline,1609.4,733.15
2012-03-05,FR,gasoline,1608.84,732.68
2012-03-12,FR,gasoline,1621.1,742.93
2012-03-19,FR,gasoline,1645.1,763.0
2012-03-26,FR,gasoline,1650.6,767.6
2012-04-02,FR,gasoline,1654.6,770.94
2012-04-16,FR,gasoline,1666.4,780.81
2012-04-23,FR,gasoline,1650.7,767.68
2012-04-30,FR,gasoline,1628.2,748.87
2012-05-07,FR,gasoline,1610.94,734.44
2012-05-14,FR,gasoline,1581.5,709.82
2012-05-21,FR,gasoline,1569.2,699.54
2012-05-28,FR,gasoline,1563.0,694.36
2012-06-04,FR,gasoline,1566.8,697.53
2012-06-11,FR,gasoline,1543.4,677.97
2012-06-18,FR,gasoline,1520.5,658.82
2012-06-25,FR,gasoline,1510.3,650.29
2012-07-02,FR,gasoline,1502.6,643.85
2012-07-09,FR,gasoline,1525.3,662.83
2012-07-16,FR,gasoline,1551.2,684.49
2012-07-23,FR,gasoline,1567.2,697.87
2012-07-30,FR,gasoline,1555.0,687.67
2012-08-06,FR,gasoline,1574.0,703.55
2012-08-13,FR,gasoline,1600.7,725.88
2012-08-20,FR,gasoline,1634.9,754.47
2012-08-27,FR,gasoline,1648.2,765.59
2012-09-03,FR,gasoline,1586.1,743.67
2012-09-10,FR,gasoline,1593.6,749.94
2012-09-17,FR,gasoline,1588.9,746.01
2012-09-24,FR,gasoline,1532.0,698.44
2012-10-01,FR,gasoline,1539.4,704.62
2012-10-08,FR,gasoline,1557.7,719.92
2012-10-15,FR,gasoline,1579.7,738.32
2012-10-22,FR,gasoline,1542.1,706.88
2012-10-29,FR,gasoline,1502.3,673.6
2012-11-05,FR,gasoline,1484.8,658.97
2012-11-12,FR,gasoline,1485.5,659.56
2012-11-19,FR,gasoline,1497.8,669.84
2012-11-26,FR,gasoline,1500.5,672.1
2012-12-03,FR,gasoline,1487.0,660.81
2012-12-10,FR,gasoline,1491.6,654.66
2012-12-17,FR,gasoline,1501.9,658.27
2013-01-07,FR,gasoline,1524.0,671.75
2013-01-14,FR,gasoline,1554.5,687.25
2013-01-21,FR,gasoline,1555.9,688.42
2013-01-28,FR,gasoline,1571.2,701.21
2013-02-04,FR,gasoline,1586.7,714.17
2013-02-11,FR,gasoline,1598.1,723.7
2013-02-18,FR,gasoline,1612.6,735.83
2013-02-25,FR,gasoline,1621.5,743.27
2013-03-04,FR,gasoline,1616.2,738.84
2013-03-11,FR,gasoline,1596.5,722.37
2013-03-18,FR,gasoline,1580.0,708.57
2013-03-25,FR,gasoline,1586.6,714.09
2013-04-01,FR,gasoline,1599.4,724.79
2013-04-08,FR,gasoline,1596.8,722.62
2013-04-15,FR,gasoline,1561.6,693.19
2013-04-22,FR,gasoline,1525.0,662.58
2013-04-29,FR,gasoline,1523.0,660.91
2013-05-06,FR,gasoline,1514.9,654.14
2013-05-13,FR,gasoline,1515.2,654.39
2013-05-20,FR,gasoline,1527.1,664.34
2013-05-27,FR,gasoline,1540.2,675.29
2013-06-03,FR,gasoline,1541.1,676.05
2013-06-10,FR,gasoline,1539.8,674.96
2013-06-17,FR,gasoline,1531.4,667.93
2013-06-24,FR,gasoline,1533.0,669.27
2013-07-01,FR,gasoline,1525.2,662.75
2013-07-08,FR,gasoline,1524.8,662.42
2013-07-15,FR,gasoline,1536.3,672.03
2013-07-22,FR,gasoline,1559.1,691.1
2013-07-29,FR,gasoline,1531.2,667.77
2013-08-05,FR,gasoline,1545.6,679.81
2013-08-12,FR,gasoline,1544.3,678.72
2013-08-19,FR,gasoline,1537.5,673.04
2013-08-26,FR,gasoline,1548.0,681.81
2013-09-02,FR,gasoline,1561.5,693.1
2013-09-09,FR,gasoline,1555.3,687.92
2013-09-16,FR,gasoline,1541.7,676.55
2013-09-23,FR,gasoline,1518.6,657.23
2013-09-30,FR,gasoline,1501.3,642.77
2013-10-07,FR,gasoline,1490.1,633.4
2013-10-14,FR,gasoline,1483.6,627.97
2013-10-21,FR,gasoline,1488.1,631.73
2013-10-28,FR,gasoline,1484.1,628.39
2013-11-04,FR,gasoline,1467.7,614.67
2013-11-11,FR,gasoline,1467.1,614.17
2013-11-18,FR,gasoline,1474.9,620.69
2013-11-25,FR,gasoline,1488.3,631.9
2013-12-02,FR,gasoline,1498.7,640.59
2013-12-09,FR,gasoline,1501.1,642.6
2013-12-16,FR,gasoline,1495.3,637.75
2014-01-06,FR,gasoline,1507.8,644.0
2014-01-13,FR,gasoline,1500.0,637.5
2014-01-20,FR,gasoline,1494.8,632.37
2014-01-27,FR,gasoline,1495.0,632.53
2014-02-03,FR,gasoline,1497.98,635.02
2014-02-10,FR,gasoline,1499.7,636.45
2014-02-17,FR,gasoline,1508.28,643.6
2014-02-24,FR,gasoline,1512.33,646.98
2014-03-03,FR,gasoline,1516.76,650.67
2014-03-10,FR,gasoline,1512.22,646.88
2014-03-17,FR,gasoline,1504.5,640.45
2014-03-24,FR,gasoline,1498.19,635.19
2014-03-31,FR,gasoline,1504.5,640.45
2014-04-07,FR,gasoline,1510.41,645.37
2014-04-14,FR,gasoline,1512.6,647.2
2014-04-28,FR,gasoline,1523.45,656.24
2014-05-05,FR,gasoline,1527.85,659.91
2014-05-12,FR,gasoline,1517.42,651.22
2014-05-19,FR,gasoline,1514.56,648.83
2014-05-26,FR,gasoline,1519.13,652.64
2014-06-02,FR,gasoline,1524.69,657.27
2014-06-09,FR,gasoline,1522.57,655.51
2014-06-16,FR,gasoline,1522.96,655.83
2014-06-23,FR,gasoline,1539.68,669.77
2014-06-30,FR,gasoline,1548.9,677.45
2014-07-07,FR,gasoline,1543.7,673.12
2014-07-14,FR,gasoline,1526.6,658.87
2014-07-21,FR,gasoline,1531.35,662.83
2014-07-28,FR,gasoline,1521.94,654.98
2014-08-04,FR,gasoline,1498.91,635.79
2014-08-11,FR,gasoline,1502.97,639.17
2014-08-18,FR,gasoline,1499.03,635.89
2014-08-25,FR,gasoline,1494.7,632.28
2014-09-01,FR,gasoline,1499.3,636.12
2014-09-08,FR,gasoline,1480.8,620.7
2014-09-15,FR,gasoline,1500.0,636.7
2014-09-22,FR,gasoline,1495.5,632.95
2014-09-29,FR,gasoline,1489.5,627.95
2014-10-06,FR,gasoline,1491.7,629.78
2014-10-13,FR,gasoline,1488.7,627.28
2014-10-20,FR,gasoline,1459.6,603.03
2014-10-27,FR,gasoline,1430.0,578.37
2014-11-03,FR,gasoline,1424.4,573.7
2014-11-10,FR,gasoline,1426.7,575.62
2014-11-17,FR,gasoline,1429.0,577.53
2014-11-24,FR,gasoline,1414.2,565.2
2014-12-01,FR,gasoline,1406.7,558.95
2014-12-08,FR,gasoline,1373.3,531.12
2014-12-15,FR,gasoline,1338.8,502.37
2015-01-05,FR,gasoline,1288.0,442.83
2015-01-12,FR,gasoline,1282.7,438.42
2015-01-19,FR,gasoline,1267.5,425.75
2015-01-26,FR,gasoline,1267.66,425.88
2015-02-02,FR,gasoline,1276.93,433.61
2015-02-09,FR,gasoline,1311.43,462.36
2015-02-16,FR,gasoline,1339.97,486.14
2015-02-23,FR,gasoline,1353.41,497.34
2015-03-02,FR,gasoline,1359.2,502.17
2015-03-09,FR,gasoline,1378.62,518.35
2015-03-16,FR,gasoline,1395.02,532.02
2015-03-23,FR,gasoline,1392.85,530.21
2015-03-30,FR,gasoline,1393.64,530.87
2015-04-13,FR,gasoline,1393.4,530.67
2015-04-20,FR,gasoline,1409.66,544.22
2015-04-27,FR,gasoline,1426.36,558.13
2015-05-04,FR,gasoline,1436.71,566.76
2015-05-11,FR,gasoline,1440.95,570.29
2015-05-18,FR,gasoline,1433.5,564.08
2015-05-25,FR,gasoline,1432.41,563.17
2015-06-01,FR,gasoline,1438.5,568.25
2015-06-08,FR,gasoline,1440.37,569.81
2015-06-15,FR,gasoline,1441.2,570.5
2015-06-22,FR,gasoline,1450.31,578.09
2015-06-29,FR,gasoline,1440.9,570.25
2015-07-06,FR,gasoline,1420.39,553.16
2015-07-13,FR,gasoline,1443.59,572.49
2015-07-20,FR,gasoline,1443.07,572.06
2015-07-27,FR,gasoline,1429.78,560.98
2015-08-03,FR,gasoline,1394.2,531.33
2015-08-10,FR,gasoline,1401.0,537.0
2015-08-17,FR,gasoline,1385.0,523.67
2015-08-24,FR,gasoline,1363.94,506.12
2015-08-31,FR,gasoline,1317.34,467.28
2015-09-07,FR,gasoline,1293.91,447.76
2015-09-14,FR,gasoline,1310.44,461.53
2015-09-21,FR,gasoline,1301.57,454.14
2015-09-28,FR,gasoline,1297.0,450.33
2015-10-05,FR,gasoline,1294.16,447.97
2015-10-12,FR,gasoline,1296.05,449.54
2015-10-19,FR,gasoline,1292.63,446.69
2015-10-26,FR,gasoline,1280.63,436.69
2015-11-02,FR,gasoline,1279.19,435.49
2015-11-09,FR,gasoline,1292.73,446.77
2015-11-16,FR,gasoline,1300.32,453.1
2015-11-23,FR,gasoline,1287.16,442.13
2015-11-30,FR,gasoline,1288.18,442.98
2015-12-07,FR,gasoline,1289.98,444.48
2015-12-14,FR,gasoline,1268.7,426.75
2016-01-04,FR,gasoline,1262.1,404.15
2016-01-11,FR,gasoline,1284.15,422.52
2016-01-18,FR,gasoline,1271.23,411.76
2016-01-25,FR,gasoline,1256.9,399.82
2016-02-01,FR,gasoline,1260.89,403.14
2016-02-08,FR,gasoline,1261.15,403.36
2016-02-15,FR,gasoline,1239.94,385.68
2016-02-22,FR,gasoline,1233.58,380.38
2016-02-29,FR,gasoline,1226.57,374.54
2016-03-07,FR,gasoline,1231.19,378.39
2016-03-14,FR,gasoline,1259.28,401.8
2016-03-21,FR,gasoline,1270.45,411.11
2016-04-04,FR,gasoline,1296.18,432.55
2016-04-11,FR,gasoline,1291.66,428.78
2016-04-18,FR,gasoline,1304.23,439.26
2016-04-25,FR,gasoline,1307.83,442.26
2016-05-02,FR,gasoline,1317.58,450.38
2016-05-09,FR,gasoline,1313.8,447.23
2016-05-16,FR,gasoline,1309.03,443.26
2016-05-23,FR,gasoline,1331.87,462.29
2016-05-30,FR,gasoline,1367.5,491.98
2016-06-06,FR,gasoline,1370.67,494.62
2016-06-13,FR,gasoline,1356.15,482.52
2016-06-20,FR,gasoline,1345.3,473.48
2016-06-27,FR,gasoline,1340.07,469.12
2016-07-04,FR,gasoline,1333.98,464.05
2016-07-11,FR,gasoline,1304.81,439.74
2016-07-18,FR,gasoline,1298.21,434.24
2016-07-25,FR,gasoline,1293.9,430.65
2016-08-01,FR,gasoline,1271.39,411.89
2016-08-08,FR,gasoline,1268.4,409.4
2016-08-15,FR,gasoline,1274.5,414.48
2016-08-22,FR,gasoline,1285.09,423.31
2016-08-29,FR,gasoline,1296.25,432.61
2016-09-05,FR,gasoline,1286.45,424.44
2016-09-12,FR,gasoline,1290.77,428.04
2016-09-19,FR,gasoline,1299.19,435.06
2016-09-26,FR,gasoline,1293.33,430.17
2016-10-03,FR,gasoline,1299.52,435.33
2016-10-10,FR,gasoline,1320.74,453.02
2016-10-17,FR,gasoline,1335.35,465.19
2016-10-24,FR,gasoline,1338.23,467.59
2016-10-31,FR,gasoline,1339.32,468.5
2016-11-07,FR,gasoline,1331.2,461.73
2016-11-14,FR,gasoline,1314.8,448.07
2016-11-21,FR,gasoline,1309.5,443.65
2016-11-28,FR,gasoline,1320.7,452.98
2016-12-05,FR,gasoline,1326.03,457.42
2016-12-12,FR,gasoline,1352.79,479.72
2016-12-19,FR,gasoline,1364.62,489.58
2017-01-02,FR,gasoline,1393.01,513.24
2017-01-09,FR,gasoline,1412.89,518.01
2017-01-16,FR,gasoline,1410.3,515.85
2017-01-23,FR,gasoline,1412.02,517.28
2017-01-30,FR,gasoline,1412.79,517.92
2017-02-06,FR,gasoline,1412.6,517.77
2017-02-13,FR,gasoline,1413.31,518.36
2017-02-20,FR,gasoline,1419.71,523.69
2017-02-27,FR,gasoline,1416.98,521.42
2017-03-06,FR,gasoline,1413.16,518.23
2017-03-13,FR,gasoline,1401.46,508.48
2017-03-20,FR,gasoline,1381.21,491.61
2017-03-27,FR,gasoline,1372.08,484.0
2017-04-03,FR,gasoline,1374.58,486.08
2017-04-10,FR,gasoline,1395.5,503.52
2017-04-24,FR,gasoline,1410.63,516.12
2017-05-01,FR,gasoline,1398.08,505.67
2017-05-08,FR,gasoline,1374.39,485.92
2017-05-15,FR,gasoline,1367.02,479.78
2017-05-22,FR,gasoline,1369.36,481.73
2017-05-29,FR,gasoline,1370.17,482.41
2017-06-05,FR,gasoline,1368.32,480.87
2017-06-12,FR,gasoline,1356.99,471.42
2017-06-19,FR,gasoline,1343.56,460.23
2017-06-26,FR,gasoline,1328.5,447.68
2017-07-03,FR,gasoline,1321.96,442.23
2017-07-10,FR,gasoline,1315.4,436.77
2017-07-17,FR,gasoline,1322.55,442.72
2017-07-24,FR,gasoline,1328.27,447.49
2017-07-31,FR,gasoline,1317.9,438.85
2017-08-07,FR,gasoline,1336.63,454.46
2017-08-14,FR,gasoline,1338.63,456.12
2017-08-21,FR,gasoline,1340.48,457.67
2017-08-28,FR,gasoline,1339.94,457.22
2017-09-04,FR,gasoline,1338.82,456.28
2017-09-11,FR,gasoline,1373.87,485.49
2017-09-18,FR,gasoline,1374.56,486.07
2017-09-25,FR,gasoline,1370.68,482.83
2017-10-02,FR,gasoline,1372.68,484.5
2017-10-09,FR,gasoline,1362.54,476.05
2017-10-16,FR,gasoline,1358.66,472.82
2017-10-23,FR,gasoline,1342.76,459.57
2017-10-30,FR,gasoline,1359.94,473.88
2017-11-06,FR,gasoline,1375.98,487.25
2017-11-13,FR,gasoline,1411.07,516.49
2017-11-20,FR,gasoline,1416.1,520.68
2017-11-27,FR,gasoline,1408.4,514.27
2017-12-04,FR,gasoline,1407.54,513.55
2017-12-11,FR,gasoline,1401.62,508.62
2017-12-18,FR,gasoline,1403.2,509.93
2018-01-01,FR,gasoline,1407.94,513.88
2018-01-08,FR,gasoline,1468.22,532.12
2018-01-15,FR,gasoline,1475.09,537.84
2018-01-22,FR,gasoline,1476.27,538.82
2018-01-29,FR,gasoline,1477.6,539.93
2018-02-05,FR,gasoline,1478.91,541.02
2018-02-12,FR,gasoline,1476.82,539.28
2018-02-19,FR,gasoline,1460.61,525.78
2018-02-26,FR,gasoline,1454.04,520.3
2018-03-05,FR,gasoline,1457.02,522.78
2018-03-12,FR,gasoline,1453.42,519.78
2018-03-19,FR,gasoline,1446.87,514.32
2018-03-26,FR,gasoline,1465.32,529.7
2018-04-09,FR,gasoline,1480.75,542.56
2018-04-16,FR,gasoline,1484.46,545.65
2018-04-23,FR,gasoline,1490.93,551.04
2018-04-30,FR,gasoline,1500.52,559.03
2018-05-07,FR,gasoline,1503.99,561.92
2018-05-14,FR,gasoline,1520.1,575.35
2018-05-21,FR,gasoline,1543.33,594.71
2018-05-28,FR,gasoline,1563.69,611.67
2018-06-04,FR,gasoline,1560.71,609.19
2018-06-11,FR,gasoline,1548.9,599.35
2018-06-18,FR,gasoline,1546.83,597.62
2018-06-25,FR,gasoline,1539.1,591.18
2018-07-02,FR,gasoline,1534.1,587.02
2018-07-09,FR,gasoline,1531.51,584.86
2018-07-16,FR,gasoline,1542.22,593.78
2018-07-23,FR,gasoline,1532.44,585.63
2018-07-30,FR,gasoline,1524.53,579.04
2018-08-06,FR,gasoline,1544.78,595.92
2018-08-13,FR,gasoline,1546.96,597.73
2018-08-20,FR,gasoline,1544.95,596.06
2018-08-27,FR,gasoline,1546.86,597.65
2018-09-03,FR,gasoline,1544.03,595.29
2018-09-10,FR,gasoline,1562.23,610.46
2018-09-17,FR,gasoline,1558.41,607.27
2018-09-24,FR,gasoline,1552.39,602.26
2018-10-01,FR,gasoline,1552.05,601.97
2018-10-08,FR,gasoline,1573.28,619.67
2018-10-15,FR,gasoline,1573.53,619.87
2018-10-22,FR,gasoline,1555.48,604.83
2018-10-29,FR,gasoline,1537.33,589.71
2018-11-05,FR,gasoline,1535.33,588.04
2018-11-12,FR,gasoline,1476.5,539.02
2018-11-19,FR,gasoline,1459.19,524.59
2018-11-26,FR,gasoline,1452.77,519.24
2018-12-03,FR,gasoline,1430.47,500.66
2018-12-10,FR,gasoline,1435.17,504.57
2018-12-17,FR,gasoline,1431.91,501.86
2019-01-07,FR,gasoline,1407.14,481.42
2019-01-14,FR,gasoline,1420.78,492.78
2019-01-21,FR,gasoline,1431.64,501.83
2019-01-28,FR,gasoline,1435.32,504.9
2019-02-04,FR,gasoline,1434.52,504.23
2019-02-11,FR,gasoline,1434.28,504.03
2019-02-18,FR,gasoline,1441.17,509.77
2019-02-25,FR,gasoline,1458.62,524.32
2019-03-04,FR,gasoline,1469.89,533.71
2019-03-11,FR,gasoline,1474.53,537.57
2019-03-18,FR,gasoline,1484.95,546.26
2019-03-25,FR,gasoline,1495.6,555.13
2019-04-01,FR,gasoline,1524.53,579.24
2019-04-08,FR,gasoline,1545.57,596.77
2019-04-15,FR,gasoline,1565.32,613.23
2019-04-29,FR,gasoline,1580.22,625.65
2019-05-06,FR,gasoline,1580.21,625.64
2019-05-13,FR,gasoline,1581.04,626.33
2019-05-20,FR,gasoline,1579.5,625.05
2019-05-27,FR,gasoline,1594.32,637.4
2019-06-03,FR,gasoline,1584.1,628.88
2019-06-10,FR,gasoline,1542.95,594.59
2019-06-17,FR,gasoline,1515.35,571.59
2019-06-24,FR,gasoline,1508.03,565.49
2019-07-01,FR,gasoline,1509.58,566.78
2019-07-08,FR,gasoline,1491.78,551.95
2019-07-15,FR,gasoline,1520.68,576.03
2019-07-22,FR,gasoline,1530.88,584.53
2019-07-29,FR,gasoline,1518.28,574.03
2019-08-05,FR,gasoline,1519.26,574.85
2019-08-12,FR,gasoline,1507.06,564.68
2019-08-19,FR,gasoline,1493.31,553.22
2019-08-26,FR,gasoline,1492.07,552.19
2019-09-02,FR,gasoline,1491.39,551.62
2019-09-09,FR,gasoline,1476.85,539.51
2019-09-16,FR,gasoline,1489.45,550.01
2019-09-23,FR,gasoline,1510.47,567.52
2019-09-30,FR,gasoline,1510.39,567.46
2019-10-07,FR,gasoline,1505.23,563.16
2019-10-14,FR,gasoline,1505.59,563.46
2019-10-21,FR,gasoline,1497.11,556.39
2019-10-28,FR,gasoline,1492.13,552.24
2019-11-04,FR,gasoline,1499.26,558.18
2019-11-11,FR,gasoline,1511.29,568.21
2019-11-18,FR,gasoline,1511.67,568.52
2019-11-25,FR,gasoline,1509.63,566.82
2019-12-02,FR,gasoline,1517.73,573.57
2019-12-09,FR,gasoline,1519.6,575.13
2019-12-16,FR,gasoline,1520.77,576.11
2020-01-06,FR,gasoline,1536.49,589.11
2020-01-13,FR,gasoline,1548.32,598.97
2020-01-20,FR,gasoline,1540.13,592.14
2020-01-27,FR,gasoline,1534.3,587.28
2020-02-03,FR,gasoline,1516.02,572.05
2020-02-10,FR,gasoline,1498.87,557.76
2020-02-17,FR,gasoline,1494.75,554.32
2020-02-24,FR,gasoline,1488.95,549.49
2020-03-02,FR,gasoline,1488.51,549.12
2020-03-09,FR,gasoline,1458.94,524.48
2020-03-16,FR,gasoline,1404.43,479.06
2020-03-23,FR,gasoline,1333.82,420.22
2020-03-30,FR,gasoline,1304.79,396.02
2020-04-06,FR,gasoline,1288.08,382.1
2020-04-20,FR,gasoline,1262.14,360.48
2020-04-27,FR,gasoline,1245.13,346.31
2020-05-04,FR,gasoline,1229.62,333.38
2020-05-11,FR,gasoline,1230.27,333.92
2020-05-18,FR,gasoline,1244.2,345.53
2020-05-25,FR,gasoline,1268.36,365.67
2020-06-01,FR,gasoline,1282.65,377.57
2020-06-08,FR,gasoline,1288.63,382.56
2020-06-15,FR,gasoline,1312.53,402.47
2020-06-22,FR,gasoline,1318.08,407.1
2020-06-29,FR,gasoline,1338.93,424.47
2020-07-06,FR,gasoline,1329.76,416.83
2020-07-13,FR,gasoline,1344.06,428.75
2020-07-20,FR,gasoline,1348.46,432.42
2020-07-27,FR,gasoline,1345.69,430.11
2020-08-03,FR,gasoline,1327.49,414.94
2020-08-10,FR,gasoline,1328.02,415.38
2020-08-17,FR,gasoline,1331.6,418.37
2020-08-24,FR,gasoline,1335.53,421.64
2020-08-31,FR,gasoline,1332.9,419.45
2020-09-07,FR,gasoline,1332.42,419.05
2020-09-14,FR,gasoline,1333.15,419.66
2020-09-21,FR,gasoline,1326.05,413.74
2020-09-28,FR,gasoline,1328.56,415.83
2020-10-05,FR,gasoline,1330.7,417.62
2020-10-12,FR,gasoline,1336.2,422.2
2020-10-19,FR,gasoline,1340.67,425.92
2020-10-26,FR,gasoline,1324.42,412.38
2020-11-02,FR,gasoline,1328.97,416.17
2020-11-09,FR,gasoline,1319.66,408.42
2020-11-16,FR,gasoline,1323.95,411.99
2020-11-23,FR,gasoline,1329.28,416.43
2020-11-30,FR,gasoline,1338.83,424.39
2020-12-07,FR,gasoline,1345.51,429.96
2020-12-14,FR,gasoline,1350.12,433.8
2020-12-21,FR,gasoline,1357.91,440.29
2021-01-11,FR,gasoline,1389.93,466.97
2021-01-18,FR,gasoline,1417.54,489.98
2021-01-25,FR,gasoline,1425.02,496.22
2021-02-01,FR,gasoline,1425.23,496.39
2021-02-08,FR,gasoline,1434.63,504.22
2021-02-15,FR,gasoline,1445.12,512.97
2021-02-22,FR,gasoline,1465.19,529.69
2021-03-01,FR,gasoline,1480.61,542.54
2021-03-08,FR,gasoline,1490.36,550.67
2021-03-15,FR,gasoline,1509.68,566.77
2021-03-22,FR,gasoline,1521.68,576.77
2021-03-29,FR,gasoline,1512.39,569.02
2021-04-12,FR,gasoline,1514.34,570.65
2021-04-19,FR,gasoline,1516.31,572.29
2021-04-26,FR,gasoline,1520.82,576.05
2021-05-03,FR,gasoline,1516.65,572.57
2021-05-10,FR,gasoline,1530.75,584.32
2021-05-17,FR,gasoline,1523.45,578.24
2021-05-24,FR,gasoline,1523.22,578.05
2021-05-31,FR,gasoline,1520.77,576.01
2021-06-07,FR,gasoline,1528.77,582.67
2021-06-14,FR,gasoline,1531.41,584.87
2021-06-21,FR,gasoline,1536.06,588.75
2021-06-28,FR,gasoline,1548.13,598.81
2021-07-05,FR,gasoline,1565.48,613.27
2021-07-12,FR,gasoline,1568.05,615.41
2021-07-19,FR,gasoline,1584.0,628.7
2021-07-26,FR,gasoline,1582.43,627.39
2021-08-02,FR,gasoline,1572.7,619.28
2021-08-09,FR,gasoline,1587.64,631.73
2021-08-16,FR,gasoline,1585.74,630.15
2021-08-23,FR,gasoline,1577.74,623.48
2021-08-30,FR,gasoline,1569.21,616.37
2021-09-06,FR,gasoline,1568.57,615.84
2021-09-13,FR,gasoline,1585.47,629.92
2021-09-20,FR,gasoline,1589.49,633.28
2021-09-27,FR,gasoline,1587.23,631.39
2021-10-04,FR,gasoline,1604.08,645.43
2021-10-11,FR,gasoline,1633.2,669.7
2021-10-18,FR,gasoline,1656.68,689.27
2021-10-25,FR,gasoline,1648.77,682.67
2021-11-01,FR,gasoline,1659.59,691.69
2021-11-08,FR,gasoline,1662.55,694.16
2021-11-15,FR,gasoline,1658.96,691.17
2021-11-22,FR,gasoline,1665.14,696.32
2021-11-29,FR,gasoline,1652.88,686.1
2021-12-06,FR,gasoline,1633.98,670.35
2021-12-13,FR,gasoline,1632.02,668.72
2021-12-20,FR,gasoline,1634.59,670.86
2022-01-03,FR,gasoline,1629.32,666.47
2022-01-10,FR,gasoline,1682.32,710.63
2022-01-17,FR,gasoline,1706.9,731.12
2022-01-24,FR,gasoline,1724.88,746.1
2022-01-31,FR,gasoline,1746.44,764.07
2022-02-07,FR,gasoline,1765.36,779.83
2022-02-14,FR,gasoline,1781.0,792.87
2022-02-21,FR,gasoline,1792.41,802.37
2022-02-28,FR,gasoline,1813.34,819.82
2022-03-07,FR,gasoline,1888.92,882.8
2022-03-14,FR,gasoline,2082.49,1044.11
2022-03-21,FR,gasoline,1973.65,953.41
2022-03-28,FR,gasoline,2004.15,978.83
2022-04-04,FR,gasoline,1832.4,835.7
2022-04-11,FR,gasoline,1792.82,802.72
2022-04-25,FR,gasoline,1790.16,800.5
2022-05-02,FR,gasoline,1802.27,810.59
2022-05-09,FR,gasoline,1865.8,863.53
2022-05-16,FR,gasoline,1892.2,885.53
2022-05-23,FR,gasoline,1972.15,952.16
2022-05-30,FR,gasoline,1962.94,944.48
2022-06-06,FR,gasoline,2101.17,1059.68
2022-06-13,FR,gasoline,2130.95,1084.49
2022-06-20,FR,gasoline,2128.98,1082.85
2022-06-27,FR,gasoline,2086.74,1047.65
2022-07-04,FR,gasoline,2082.32,1043.97
2022-07-11,FR,gasoline,2028.94,999.48
2022-07-18,FR,gasoline,2000.79,976.03
2022-07-25,FR,gasoline,1923.96,912.0
2022-08-01,FR,gasoline,1844.85,846.07
2022-08-08,FR,gasoline,1836.17,838.84
2022-08-15,FR,gasoline,1779.38,791.52
2022-08-22,FR,gasoline,1770.74,784.32
2022-08-29,FR,gasoline,1779.66,791.75
2022-09-05,FR,gasoline,1618.57,657.51
2022-09-12,FR,gasoline,1568.97,616.17
2022-09-19,FR,gasoline,1554.73,604.31
2022-09-26,FR,gasoline,1547.32,598.13
2022-10-03,FR,gasoline,1573.7,620.12
2022-10-10,FR,gasoline,1644.0,678.7
2022-10-17,FR,gasoline,1726.75,747.66
2022-10-24,FR,gasoline,1704.97,729.51
2022-10-31,FR,gasoline,1672.59,702.52
2022-11-07,FR,gasoline,1679.66,708.42
2022-11-14,FR,gasoline,1685.52,713.3
2022-11-21,FR,gasoline,1782.84,794.4
2022-11-28,FR,gasoline,1756.55,772.49
2022-12-05,FR,gasoline,1733.56,753.33
2022-12-12,FR,gasoline,1693.03,719.56
2022-12-19,FR,gasoline,1660.31,692.29
2022-12-26,FR,gasoline,1655.12,687.97
2023-01-02,FR,gasoline,1678.84,707.73
2023-01-09,FR,gasoline,1851.65,851.74
2023-01-16,FR,gasoline,1857.24,856.4
2023-01-23,FR,gasoline,1900.83,892.72
2023-01-30,FR,gasoline,1933.43,919.89
2023-02-06,FR,gasoline,1929.86,916.92
2023-02-13,FR,gasoline,1903.82,895.22
2023-02-20,FR,gasoline,1907.02,897.88
2023-02-27,FR,gasoline,1897.56,890.0
2023-03-06,FR,gasoline,1885.95,880.32
2023-03-13,FR,gasoline,1916.65,905.91
2023-03-20,FR,gasoline,1912.72,902.63
2023-03-27,FR,gasoline,1921.4,909.87
2023-04-03,FR,gasoline,1936.07,922.09
2023-04-10,FR,gasoline,1949.31,933.12
2023-04-17,FR,gasoline,1961.2,943.03
2023-04-24,FR,gasoline,1941.33,926.47
2023-05-01,FR,gasoline,1910.79,901.02
2023-05-08,FR,gasoline,1871.81,868.54
2023-05-15,FR,gasoline,1855.2,854.7
2023-05-22,FR,gasoline,1850.48,850.77
2023-05-29,FR,gasoline,1876.28,872.27
2023-06-05,FR,gasoline,1871.51,868.29
2023-06-12,FR,gasoline,1878.4,874.03
2023-06-19,FR,gasoline,1872.94,869.48
2023-06-26,FR,gasoline,1870.74,867.65
2023-07-03,FR,gasoline,1825.98,830.35
2023-07-10,FR,gasoline,1812.94,819.48
2023-07-17,FR,gasoline,1835.26,838.08
2023-07-24,FR,gasoline,1846.88,847.77
2023-07-31,FR,gasoline,1893.01,886.21
2023-08-07,FR,gasoline,1910.33,900.64
2023-08-14,FR,gasoline,1912.88,902.77
2023-08-21,FR,gasoline,1932.87,919.42
2023-08-28,FR,gasoline,1933.11,919.63
2023-09-04,FR,gasoline,1956.96,939.5
2023-09-11,FR,gasoline,1961.75,943.49
2023-09-18,FR,gasoline,1967.41,948.21
2023-09-25,FR,gasoline,1971.55,951.66
2023-10-02,FR,gasoline,1926.48,914.1
2023-10-09,FR,gasoline,1881.02,876.22
2023-10-16,FR,gasoline,1835.45,838.24
2023-10-23,FR,gasoline,1850.61,850.88
2023-10-30,FR,gasoline,1846.11,847.13
2023-11-06,FR,gasoline,1859.3,858.12
2023-11-13,FR,gasoline,1840.43,842.39
2023-11-20,FR,gasoline,1843.52,844.97
2023-11-27,FR,gasoline,1809.78,816.85
2023-12-04,FR,gasoline,1812.99,819.53
2023-12-11,FR,gasoline,1798.49,807.44
2023-12-18,FR,gasoline,1792.37,802.34
2023-12-25,FR,gasoline,1799.04,807.9
2024-01-01,FR,gasoline,1805.74,813.48
2024-01-08,FR,gasoline,1806.12,813.8
2024-01-15,FR,gasoline,1798.73,807.64
2024-01-22,FR,gasoline,1808.29,815.61
2024-01-29,FR,gasoline,1824.36,829.0
2024-02-05,FR,gasoline,1841.8,843.53
2024-02-12,FR,gasoline,1844.21,845.54
2024-02-19,FR,gasoline,1870.95,867.82
2024-02-26,FR,gasoline,1868.39,865.69
2024-03-04,FR,gasoline,1867.87,865.26
2024-03-11,FR,gasoline,1876.61,872.54
2024-03-18,FR,gasoline,1875.51,871.62
2024-03-25,FR,gasoline,1900.14,892.15
2024-04-01,FR,gasoline,1900.78,892.68
2024-04-08,FR,gasoline,1928.94,916.15
2024-04-15,FR,gasoline,1931.55,918.33
2024-04-22,FR,gasoline,1939.65,925.07
2024-04-29,FR,gasoline,1936.48,922.43
2024-05-06,FR,gasoline,1932.5,919.12
2024-05-13,FR,gasoline,1911.46,901.58
2024-05-20,FR,gasoline,1888.75,882.66
2024-05-27,FR,gasoline,1881.62,876.72
2024-06-03,FR,gasoline,1871.09,867.94
2024-06-10,FR,gasoline,1842.7,844.28
2024-06-17,FR,gasoline,1839.91,841.96
2024-06-24,FR,gasoline,1847.32,848.13
2024-07-01,FR,gasoline,1853.7,853.45
2024-07-08,FR,gasoline,1850.0,850.37
2024-07-15,FR,gasoline,1857.64,856.73
2024-07-22,FR,gasoline,1828.52,832.47
2024-07-29,FR,gasoline,1824.83,829.39
2024-08-05,FR,gasoline,1807.1,814.62
2024-08-12,FR,gasoline,1811.57,818.34
2024-08-19,FR,gasoline,1794.52,804.13
2024-08-26,FR,gasoline,1784.62,795.88
2024-09-02,FR,gasoline,1755.06,771.25
2024-09-09,FR,gasoline,1742.4,760.7
2024-09-16,FR,gasoline,1717.51,739.96
2024-09-23,FR,gasoline,1718.8,741.03
2024-09-30,FR,gasoline,1720.67,742.59
2024-10-07,FR,gasoline,1729.54,749.98
2024-10-14,FR,gasoline,1750.53,767.47
2024-10-21,FR,gasoline,1761.75,776.82
2024-10-28,FR,gasoline,1742.03,760.39
2024-11-04,FR,gasoline,1747.98,765.35
2024-11-11,FR,gasoline,1750.94,767.82
2024-11-18,FR,gasoline,1749.52,766.63
2024-11-25,FR,gasoline,1757.21,773.04
2024-12-02,FR,gasoline,1760.82,776.05
2024-12-09,FR,gasoline,1755.81,771.87
2024-12-16,FR,gasoline,1762.44,777.4
2024-12-23,FR,gasoline,1756.47,772.42
2024-12-30,FR,gasoline,1770.72,784.3
2005-01-03,IT,diesel,1018.28,445.36
2005-01-10,IT,diesel,1004.39,433.78
2005-01-17,IT,diesel,1004.31,433.72
2005-01-24,IT,diesel,1004.31,433.72
2005-01-31,IT,diesel,1022.6,448.96
2005-02-07,IT,diesel,1022.67,449.02
2005-02-14,IT,diesel,1022.46,448.84
2005-02-21,IT,diesel,1022.79,449.12
2005-02-28,IT,diesel,1022.85,439.38
2005-03-07,IT,diesel,1047.59,459.99
2005-03-14,IT,diesel,1072.72,480.93
2005-03-21,IT,diesel,1072.86,481.05
2005-04-04,IT,diesel,1074.63,482.53
2005-04-11,IT,diesel,1122.8,522.67
2005-04-18,IT,diesel,1122.8,522.67
2005-04-25,IT,diesel,1121.45,521.54
2005-05-02,IT,diesel,1092.92,497.77
2005-05-09,IT,diesel,1072.72,480.93
2005-05-16,IT,diesel,1062.62,472.52
2005-05-23,IT,diesel,1052.68,464.23
2005-05-30,IT,diesel,1052.68,464.23
2005-06-06,IT,diesel,1074.55,482.46
2005-06-13,IT,diesel,1102.35,505.63
2005-06-20,IT,diesel,1104.03,507.03
2005-06-27,IT,diesel,1120.85,521.04
2005-07-04,IT,diesel,1131.05,529.54
2005-07-11,IT,diesel,1131.97,530.31
2005-07-18,IT,diesel,1133.37,531.48
2005-07-25,IT,diesel,1132.13,530.44
2005-08-01,IT,diesel,1132.13,530.44
2005-08-08,IT,diesel,1132.82,531.02
2005-08-15,IT,diesel,1132.82,531.02
2005-08-22,IT,diesel,1157.26,551.38
2005-08-29,IT,diesel,1157.9,551.92
2005-09-05,IT,diesel,1179.13,569.61
2005-09-12,IT,diesel,1206.9,592.75
2005-09-19,IT,diesel,1178.61,569.18
2005-09-26,IT,diesel,1177.67,568.39
2005-10-03,IT,diesel,1217.1,601.25
2005-10-10,IT,diesel,1218.09,602.08
2005-10-17,IT,diesel,1216.71,600.93
2005-10-24,IT,diesel,1208.15,593.79
2005-11-07,IT,diesel,1167.34,559.78
2005-11-14,IT,diesel,1138.33,535.61
2005-11-21,IT,diesel,1118.46,519.05
2005-11-28,IT,diesel,1118.46,519.05
2005-12-05,IT,diesel,1108.09,510.41
2005-12-12,IT,diesel,1114.85,516.04
2005-12-19,IT,diesel,1128.36,527.3
2006-01-09,IT,diesel,1155.76,550.13
2006-01-16,IT,diesel,1157.03,551.19
2006-01-23,IT,diesel,1156.96,551.13
2006-01-30,IT,diesel,1157.35,551.46
2006-02-06,IT,diesel,1157.27,551.39
2006-02-13,IT,diesel,1157.27,551.39
2006-02-20,IT,diesel,1137.2,534.67
2006-02-27,IT,diesel,1137.98,535.32
2006-03-06,IT,diesel,1167.02,559.52
2006-03-13,IT,diesel,1167.15,559.63
2006-03-20,IT,diesel,1169.1,561.25
2006-03-27,IT,diesel,1169.46,561.55
2006-04-03,IT,diesel,1169.51,561.59
2006-04-10,IT,diesel,1169.61,561.68
2006-04-24,IT,diesel,1208.09,593.74
2006-05-01,IT,diesel,1210.84,596.03
2006-05-08,IT,diesel,1212.62,597.52
2006-05-15,IT,diesel,1202.03,588.69
2006-05-22,IT,diesel,1198.22,585.52
2006-05-29,IT,diesel,1196.47,584.06
2006-06-05,IT,diesel,1196.99,584.49
2006-06-12,IT,diesel,1197.12,584.6
2006-06-19,IT,diesel,1197.12,584.6
2006-06-26,IT,diesel,1197.12,584.6
2006-07-03,IT,diesel,1197.12,584.6
2006-07-10,IT,diesel,1201.87,588.56
2006-07-17,IT,diesel,1207.26,593.05
2006-07-24,IT,diesel,1207.26,593.05
2006-07-31,IT,diesel,1206.43,592.36
2006-08-07,IT,diesel,1206.43,592.36
2006-08-14,IT,diesel,1206.69,592.58
2006-08-21,IT,diesel,1207.02,592.85
2006-08-28,IT,diesel,1206.81,592.68
2006-09-04,IT,diesel,1188.55,577.46
2006-09-11,IT,diesel,1177.6,568.33
2006-09-18,IT,diesel,1158.4,552.33
2006-09-25,IT,diesel,1128.68,527.57
2006-10-02,IT,diesel,1127.14,526.28
2006-10-09,IT,diesel,1116.96,514.8
2006-10-16,IT,diesel,1116.96,514.8
2006-10-23,IT,diesel,1116.96,514.8
2006-10-30,IT,diesel,1117.02,514.85
2006-11-06,IT,diesel,1116.81,514.68
2006-11-13,IT,diesel,1116.14,514.12
2006-11-20,IT,diesel,1113.76,512.13
2006-11-27,IT,diesel,1113.87,512.23
2006-12-04,IT,diesel,1113.87,512.23
2006-12-11,IT,diesel,1113.87,512.23
2006-12-18,IT,diesel,1113.87,512.23
2007-01-08,IT,diesel,1114.29,512.58
2007-01-15,IT,diesel,1098.03,499.03
2007-01-22,IT,diesel,1079.86,483.88
2007-01-29,IT,diesel,1079.72,483.77
2007-02-05,IT,diesel,1079.34,483.45
2007-02-12,IT,diesel,1081.68,485.4
2007-02-19,IT,diesel,1082.07,485.73
2007-02-26,IT,diesel,1097.83,498.86
2007-03-05,IT,diesel,1099.76,500.47
2007-03-12,IT,diesel,1108.92,508.1
2007-03-19,IT,diesel,1108.92,508.1
2007-03-26,IT,diesel,1108.45,507.71
2007-04-02,IT,diesel,1113.86,512.22
2007-04-16,IT,diesel,1127.27,523.39
2007-04-23,IT,diesel,1128.12,524.1
2007-04-30,IT,diesel,1128.71,524.59
2007-05-07,IT,diesel,1129.3,525.08
2007-05-14,IT,diesel,1129.0,524.83
2007-05-21,IT,diesel,1131.89,527.24
2007-05-28,IT,diesel,1139.33,533.44
2007-06-04,IT,diesel,1147.78,533.48
2007-06-11,IT,diesel,1150.77,535.98
2007-06-18,IT,diesel,1151.9,536.92
2007-06-25,IT,diesel,1156.35,540.63
2007-07-02,IT,diesel,1157.81,541.84
2007-07-09,IT,diesel,1158.59,542.49
2007-07-16,IT,diesel,1164.4,547.33
2007-07-23,IT,diesel,1164.32,547.27
2007-07-30,IT,diesel,1172.5,554.08
2007-08-06,IT,diesel,1182.24,562.2
2007-08-13,IT,diesel,1174.41,555.67
2007-08-20,IT,diesel,1171.43,553.19
2007-08-27,IT,diesel,1164.43,547.36
2007-09-03,IT,diesel,1167.74,550.12
2007-09-10,IT,diesel,1173.52,554.93
2007-09-17,IT,diesel,1188.59,567.49
2007-09-24,IT,diesel,1197.45,574.88
2007-10-01,IT,diesel,1203.16,579.63
2007-10-08,IT,diesel,1203.36,579.8
2007-10-15,IT,diesel,1203.36,579.8
2007-10-22,IT,diesel,1207.57,583.31
2007-10-29,IT,diesel,1213.84,588.53
2007-11-05,IT,diesel,1229.38,601.48
2007-11-12,IT,diesel,1259.41,626.51
2007-11-19,IT,diesel,1264.19,630.49
2007-11-26,IT,diesel,1289.21,651.34
2007-12-03,IT,diesel,1291.56,653.3
2007-12-10,IT,diesel,1290.03,652.03
2007-12-17,IT,diesel,1281.36,644.8
2008-01-07,IT,diesel,1295.83,656.86
2008-01-14,IT,diesel,1287.22,649.68
2008-01-21,IT,diesel,1260.5,627.42
2008-01-28,IT,diesel,1254.85,622.71
2008-02-04,IT,diesel,1258.77,625.98
2008-02-11,IT,diesel,1258.79,625.99
2008-02-18,IT,diesel,1278.86,642.72
2008-02-25,IT,diesel,1309.05,667.87
2008-03-03,IT,diesel,1313.45,671.54
2008-03-10,IT,diesel,1325.07,681.23
2008-03-17,IT,diesel,1349.0,701.17
2008-03-31,IT,diesel,1326.94,699.61
2008-04-07,IT,diesel,1326.47,699.22
2008-04-14,IT,diesel,1346.01,715.51
2008-04-21,IT,diesel,1366.36,732.46
2008-04-28,IT,diesel,1377.11,741.42
2008-05-05,IT,diesel,1411.36,753.13
2008-05-12,IT,diesel,1445.65,781.71
2008-05-19,IT,diesel,1467.06,799.55
2008-05-26,IT,diesel,1493.51,821.59
2008-06-02,IT,diesel,1490.21,818.84
2008-06-09,IT,diesel,1497.85,825.21
2008-06-16,IT,diesel,1520.34,843.95
2008-06-23,IT,diesel,1520.65,844.21
2008-06-30,IT,diesel,1520.52,844.1
2008-07-07,IT,diesel,1524.07,847.06
2008-07-14,IT,diesel,1528.42,850.68
2008-07-21,IT,diesel,1518.98,842.82
2008-07-28,IT,diesel,1484.71,814.26
2008-08-04,IT,diesel,1462.36,795.63
2008-08-11,IT,diesel,1427.88,766.9
2008-08-18,IT,diesel,1418.55,759.13
2008-08-25,IT,diesel,1418.25,758.87
2008-09-01,IT,diesel,1415.97,756.98
2008-09-08,IT,diesel,1396.53,740.77
2008-09-15,IT,diesel,1375.74,723.45
2008-09-22,IT,diesel,1353.28,704.73
2008-09-29,IT,diesel,1362.77,712.64
2008-10-06,IT,diesel,1359.63,710.03
2008-10-13,IT,diesel,1297.76,658.47
2008-10-20,IT,diesel,1252.68,620.9
2008-10-27,IT,diesel,1232.3,603.92
2008-11-03,IT,diesel,1217.37,591.47
2008-11-10,IT,diesel,1209.92,585.27
2008-11-17,IT,diesel,1192.67,570.89
2008-11-24,IT,diesel,1148.63,534.19
2008-12-01,IT,diesel,1141.85,528.54
2008-12-08,IT,diesel,1113.02,504.52
2008-12-15,IT,diesel,1080.19,477.16
2009-01-05,IT,diesel,1022.49,429.07
2009-01-12,IT,diesel,1052.18,453.82
2009-01-19,IT,diesel,1070.11,468.76
2009-01-26,IT,diesel,1061.0,461.17
2009-02-02,IT,diesel,1062.59,462.49
2009-02-09,IT,diesel,1065.93,465.27
2009-02-16,IT,diesel,1061.17,461.31
2009-02-23,IT,diesel,1033.24,438.03
2009-03-02,IT,diesel,1020.86,427.72
2009-03-09,IT,diesel,1018.14,425.45
2009-03-16,IT,diesel,1018.83,426.02
2009-03-23,IT,diesel,1026.5,432.42
2009-03-30,IT,diesel,1041.53,444.94
2009-04-06,IT,diesel,1032.3,437.25
2009-04-20,IT,diesel,1051.82,453.52
2009-04-27,IT,diesel,1055.19,456.32
2009-05-04,IT,diesel,1051.86,453.55
2009-05-11,IT,diesel,1071.09,469.57
2009-05-18,IT,diesel,1066.09,465.41
2009-05-25,IT,diesel,1060.03,460.36
2009-06-01,IT,diesel,1064.7,464.25
2009-06-08,IT,diesel,1090.13,485.44
2009-06-15,IT,diesel,1109.55,501.63
2009-06-22,IT,diesel,1118.09,508.74
2009-06-29,IT,diesel,1101.62,495.02
2009-07-06,IT,diesel,1096.17,490.48
2009-07-13,IT,diesel,1074.66,472.55
2009-07-20,IT,diesel,1064.92,464.43
2009-07-27,IT,diesel,1102.77,495.98
2009-08-03,IT,diesel,1104.0,497.0
2009-08-10,IT,diesel,1127.23,516.36
2009-08-17,IT,diesel,1123.63,513.36
2009-08-24,IT,diesel,1118.92,509.43
2009-08-31,IT,diesel,1116.85,507.71
2009-09-07,IT,diesel,1094.85,489.38
2009-09-14,IT,diesel,1092.99,487.82
2009-09-21,IT,diesel,1091.4,486.5
2009-09-28,IT,diesel,1075.68,473.4
2009-10-05,IT,diesel,1079.16,476.3
2009-10-12,IT,diesel,1086.55,482.46
2009-10-19,IT,diesel,1106.49,499.07
2009-10-26,IT,diesel,1126.57,515.81
2009-11-02,IT,diesel,1134.57,522.47
2009-11-09,IT,diesel,1129.46,518.22
2009-11-16,IT,diesel,1116.63,507.52
2009-11-23,IT,diesel,1124.63,514.19
2009-11-30,IT,diesel,1117.5,508.25
2009-12-07,IT,diesel,1118.06,508.72
2009-12-14,IT,diesel,1108.88,501.07
2009-12-21,IT,diesel,1113.34,504.78
2010-01-04,IT,diesel,1135.46,523.22
2010-01-11,IT,diesel,1152.97,537.81
2010-01-18,IT,diesel,1157.52,541.6
2010-01-25,IT,diesel,1147.15,532.96
2010-02-01,IT,diesel,1136.04,523.7
2010-02-08,IT,diesel,1142.94,529.45
2010-02-15,IT,diesel,1135.23,523.03
2010-02-22,IT,diesel,1155.08,539.57
2010-03-01,IT,diesel,1180.87,561.06
2010-03-08,IT,diesel,1181.81,561.84
2010-03-15,IT,diesel,1189.53,568.27
2010-03-22,IT,diesel,1200.84,577.7
2010-03-29,IT,diesel,1201.89,578.57
2010-04-12,IT,diesel,1219.94,593.62
2010-04-19,IT,diesel,1223.21,596.34
2010-04-26,IT,diesel,1230.4,602.33
2010-05-03,IT,diesel,1247.62,616.68
2010-05-10,IT,diesel,1245.73,615.11
2010-05-17,IT,diesel,1251.03,619.52
2010-05-24,IT,diesel,1227.12,599.6
2010-05-31,IT,diesel,1216.1,590.42
2010-06-07,IT,diesel,1229.93,601.94
2010-06-14,IT,diesel,1239.59,609.99
2010-06-21,IT,diesel,1251.71,620.09
2010-06-28,IT,diesel,1247.92,616.93
2010-07-05,IT,diesel,1219.59,593.32
2010-07-12,IT,diesel,1212.09,587.07
2010-07-19,IT,diesel,1207.36,583.13
2010-07-26,IT,diesel,1201.61,578.34
2010-08-02,IT,diesel,1210.47,585.72
2010-08-09,IT,diesel,1214.2,588.83
2010-08-16,IT,diesel,1212.66,587.55
2010-08-23,IT,diesel,1210.96,586.13
2010-08-30,IT,diesel,1207.52,583.27
2010-09-06,IT,diesel,1208.93,584.44
2010-09-13,IT,diesel,1222.45,595.71
2010-09-20,IT,diesel,1227.79,600.16
2010-09-27,IT,diesel,1215.9,590.25
2010-10-04,IT,diesel,1211.67,586.73
2010-10-11,IT,diesel,1223.72,596.77
2010-10-18,IT,diesel,1229.15,601.29
2010-10-25,IT,diesel,1223.7,596.75
2010-11-08,IT,diesel,1233.93,605.27
2010-11-15,IT,diesel,1255.91,623.59
2010-11-22,IT,diesel,1248.88,617.73
2010-11-29,IT,diesel,1260.41,627.34
2010-12-06,IT,diesel,1285.61,648.34
2010-12-13,IT,diesel,1295.23,656.36
2010-12-20,IT,diesel,1292.5,654.08
2011-01-03,IT,diesel,1312.12,670.43
2011-01-10,IT,diesel,1318.27,675.56
2011-01-17,IT,diesel,1340.35,693.96
2011-01-24,IT,diesel,1349.45,701.54
2011-01-31,IT,diesel,1345.89,698.57
2011-02-07,IT,diesel,1346.85,699.38
2011-02-14,IT,diesel,1347.68,700.07
2011-02-21,IT,diesel,1358.03,708.69
2011-02-28,IT,diesel,1392.09,737.07
2011-03-07,IT,diesel,1416.67,757.56
2011-03-14,IT,diesel,1422.61,762.51
2011-03-21,IT,diesel,1425.26,764.72
2011-03-28,IT,diesel,1428.57,767.47
2011-04-04,IT,diesel,1429.17,767.97
2011-04-11,IT,diesel,1456.62,783.55
2011-04-18,IT,diesel,1459.77,786.17
2011-05-02,IT,diesel,1456.81,783.71
2011-05-09,IT,diesel,1425.32,757.47
2011-05-16,IT,diesel,1408.96,743.83
2011-05-23,IT,diesel,1403.06,738.92
2011-05-30,IT,diesel,1402.98,738.85
2011-06-06,IT,diesel,1401.79,737.86
2011-06-13,IT,diesel,1403.85,739.57
2011-06-20,IT,diesel,1411.69,746.11
2011-06-27,IT,diesel,1384.81,723.71
2011-07-04,IT,diesel,1428.62,718.32
2011-07-11,IT,diesel,1449.14,735.42
2011-07-18,IT,diesel,1464.57,748.27
2011-07-25,IT,diesel,1465.31,748.89
2011-08-01,IT,diesel,1473.98,756.12
2011-08-08,IT,diesel,1467.92,751.07
2011-08-22,IT,diesel,1442.67,730.02
2011-08-29,IT,diesel,1441.63,729.16
2011-09-05,IT,diesel,1449.27,735.52
2011-09-12,IT,diesel,1464.8,748.47
2011-09-19,IT,diesel,1482.81,753.26
2011-09-26,IT,diesel,1485.8,755.73
2011-10-03,IT,diesel,1482.51,753.01
2011-10-10,IT,diesel,1479.61,750.62
2011-10-17,IT,diesel,1481.21,751.94
2011-10-24,IT,diesel,1491.04,760.06
2011-10-31,IT,diesel,1489.35,758.67
2011-11-07,IT,diesel,1501.36,759.69
2011-11-14,IT,diesel,1516.18,771.94
2011-11-21,IT,diesel,1525.03,779.26
2011-11-28,IT,diesel,1529.3,782.78
2011-12-05,IT,diesel,1525.92,779.99
2011-12-12,IT,diesel,1658.31,777.3
2011-12-19,IT,diesel,1653.99,773.73
2012-01-09,IT,diesel,1664.02,782.02
2012-01-16,IT,diesel,1681.51,796.48
2012-01-23,IT,diesel,1687.0,801.01
2012-01-30,IT,diesel,1685.18,799.51
2012-02-06,IT,diesel,1682.54,797.33
2012-02-13,IT,diesel,1691.14,804.44
2012-02-20,IT,diesel,1702.09,813.49
2012-02-27,IT,diesel,1712.95,822.46
2012-03-05,IT,diesel,1716.18,825.13
2012-03-12,IT,diesel,1722.74,830.55
2012-03-19,IT,diesel,1730.55,837.01
2012-03-26,IT,diesel,1735.72,841.28
2012-04-02,IT,diesel,1738.19,843.32
2012-04-16,IT,diesel,1735.1,840.77
2012-04-23,IT,diesel,1730.82,837.23
2012-04-30,IT,diesel,1727.34,834.35
2012-05-07,IT,diesel,1722.47,830.33
2012-05-14,IT,diesel,1694.62,807.31
2012-05-21,IT,diesel,1684.69,799.11
2012-05-28,IT,diesel,1679.2,794.57
2012-06-04,IT,diesel,1678.22,793.76
2012-06-11,IT,diesel,1664.54,762.45
2012-06-18,IT,diesel,1649.06,749.66
2012-06-25,IT,diesel,1622.76,727.92
2012-07-02,IT,diesel,1613.52,720.29
2012-07-09,IT,diesel,1634.69,737.78
2012-07-16,IT,diesel,1648.74,749.4
2012-07-23,IT,diesel,1682.95,777.67
2012-07-30,IT,diesel,1687.82,781.69
2012-08-06,IT,diesel,1689.27,782.89
2012-08-13,IT,diesel,1711.27,796.87
2012-08-20,IT,diesel,1740.3,820.86
2012-08-27,IT,diesel,1759.24,836.52
2012-09-03,IT,diesel,1759.94,837.1
2012-09-10,IT,diesel,1777.8,851.86
2012-09-17,IT,diesel,1773.15,848.01
2012-09-24,IT,diesel,1747.41,826.74
2012-10-01,IT,diesel,1746.67,826.13
2012-10-08,IT,diesel,1744.68,824.48
2012-10-15,IT,diesel,1749.97,828.86
2012-10-22,IT,diesel,1747.21,826.58
2012-10-29,IT,diesel,1731.79,813.83
2012-11-05,IT,diesel,1715.76,800.58
2012-11-12,IT,diesel,1704.88,791.59
2012-11-19,IT,diesel,1707.51,793.77
2012-11-26,IT,diesel,1712.26,797.69
2012-12-03,IT,diesel,1707.91,794.1
2012-12-10,IT,diesel,1699.14,786.85
2012-12-17,IT,diesel,1697.37,785.39
2013-01-07,IT,diesel,1699.08,786.8
2013-01-14,IT,diesel,1700.29,787.8
2013-01-21,IT,diesel,1683.13,773.62
2013-01-28,IT,diesel,1691.0,780.12
2013-02-04,IT,diesel,1694.41,782.94
2013-02-11,IT,diesel,1696.86,784.96
2013-02-18,IT,diesel,1705.01,791.7
2013-02-25,IT,diesel,1710.96,796.62
2013-03-04,IT,diesel,1706.02,792.53
2013-03-11,IT,diesel,1698.54,786.35
2013-03-18,IT,diesel,1686.98,776.8
2013-03-25,IT,diesel,1679.05,770.24
2013-04-08,IT,diesel,1667.3,760.53
2013-04-15,IT,diesel,1648.77,745.22
2013-04-22,IT,diesel,1621.6,722.77
2013-04-29,IT,diesel,1608.09,711.6
2013-05-06,IT,diesel,1608.48,711.92
2013-05-13,IT,diesel,1605.18,709.2
2013-05-20,IT,diesel,1615.03,717.34
2013-05-27,IT,diesel,1628.06,728.1
2013-06-03,IT,diesel,1631.24,730.73
2013-06-10,IT,diesel,1626.73,727.0
2013-06-17,IT,diesel,1622.02,723.11
2013-06-24,IT,diesel,1625.39,725.9
2013-07-01,IT,diesel,1625.78,726.22
2013-07-08,IT,diesel,1631.91,731.29
2013-07-15,IT,diesel,1652.72,748.48
2013-07-22,IT,diesel,1661.25,755.53
2013-07-29,IT,diesel,1660.73,755.1
2013-08-05,IT,diesel,1659.68,754.24
2013-08-12,IT,diesel,1658.31,753.1
2013-08-19,IT,diesel,1652.96,748.68
2013-08-26,IT,diesel,1659.96,754.47
2013-09-02,IT,diesel,1669.75,762.56
2013-09-09,IT,diesel,1680.74,771.64
2013-09-16,IT,diesel,1681.71,772.44
2013-09-23,IT,diesel,1677.51,768.97
2013-09-30,IT,diesel,1662.38,756.47
2013-10-07,IT,diesel,1663.07,745.77
2013-10-14,IT,diesel,1660.1,743.34
2013-10-21,IT,diesel,1658.37,741.92
2013-10-28,IT,diesel,1650.27,735.28
2013-11-04,IT,diesel,1633.9,721.86
2013-11-11,IT,diesel,1633.38,721.44
2013-11-18,IT,diesel,1635.38,723.08
2013-11-25,IT,diesel,1646.43,732.13
2013-12-02,IT,diesel,1656.81,740.64
2013-12-09,IT,diesel,1657.62,741.3
2013-12-16,IT,diesel,1655.97,739.95
2014-01-06,IT,diesel,1656.65,740.51
2014-01-13,IT,diesel,1649.69,734.8
2014-01-20,IT,diesel,1641.94,728.45
2014-01-27,IT,diesel,1639.49,726.44
2014-02-03,IT,diesel,1639.31,726.3
2014-02-10,IT,diesel,1636.42,723.93
2014-02-17,IT,diesel,1637.98,725.21
2014-02-24,IT,diesel,1636.92,724.34
2014-03-03,IT,diesel,1635.83,721.04
2014-03-10,IT,diesel,1635.36,720.66
2014-03-17,IT,diesel,1627.35,714.09
2014-03-24,IT,diesel,1615.99,704.78
2014-03-31,IT,diesel,1622.79,710.36
2014-04-07,IT,diesel,1627.43,714.16
2014-04-14,IT,diesel,1628.62,715.13
2014-04-28,IT,diesel,1633.1,718.81
2014-05-05,IT,diesel,1634.01,719.55
2014-05-12,IT,diesel,1629.97,716.24
2014-05-19,IT,diesel,1627.29,714.04
2014-05-26,IT,diesel,1629.38,715.76
2014-06-02,IT,diesel,1631.13,717.19
2014-06-09,IT,diesel,1628.99,715.44
2014-06-16,IT,diesel,1629.38,715.76
2014-06-23,IT,diesel,1637.47,722.39
2014-06-30,IT,diesel,1642.62,726.61
2014-07-07,IT,diesel,1643.38,727.23
2014-07-14,IT,diesel,1637.75,722.62
2014-07-21,IT,diesel,1626.54,713.43
2014-07-28,IT,diesel,1622.72,710.3
2014-08-04,IT,diesel,1623.08,710.59
2014-08-11,IT,diesel,1622.87,710.42
2014-08-18,IT,diesel,1621.66,709.43
2014-08-25,IT,diesel,1618.22,706.61
2014-09-01,IT,diesel,1617.49,706.01
2014-09-08,IT,diesel,1616.55,705.24
2014-09-15,IT,diesel,1615.28,704.2
2014-09-22,IT,diesel,1612.0,701.51
2014-09-29,IT,diesel,1607.04,697.45
2014-10-06,IT,diesel,1606.05,696.63
2014-10-13,IT,diesel,1598.82,690.71
2014-10-20,IT,diesel,1582.19,677.08
2014-10-27,IT,diesel,1570.13,667.19
2014-11-03,IT,diesel,1562.69,661.09
2014-11-10,IT,diesel,1556.26,655.82
2014-11-17,IT,diesel,1551.05,651.55
2014-11-24,IT,diesel,1541.16,643.45
2014-12-01,IT,diesel,1531.6,635.61
2014-12-08,IT,diesel,1505.87,614.52
2014-12-15,IT,diesel,1472.66,587.3
2015-01-05,IT,diesel,1425.68,551.19
2015-01-12,IT,diesel,1387.85,520.18
2015-01-19,IT,diesel,1359.97,497.33
2015-01-26,IT,diesel,1347.99,487.51
2015-02-02,IT,diesel,1356.19,494.23
2015-02-09,IT,diesel,1387.76,520.11
2015-02-16,IT,diesel,1423.98,549.8
2015-02-23,IT,diesel,1446.55,568.3
2015-03-02,IT,diesel,1460.27,579.54
2015-03-09,IT,diesel,1468.37,586.18
2015-03-16,IT,diesel,1467.49,585.46
2015-03-23,IT,diesel,1456.47,576.43
2015-03-30,IT,diesel,1450.87,571.84
2015-04-13,IT,diesel,1441.83,564.43
2015-04-20,IT,diesel,1452.21,572.94
2015-04-27,IT,diesel,1467.84,585.75
2015-05-04,IT,diesel,1475.76,592.24
2015-05-11,IT,diesel,1481.84,597.22
2015-05-18,IT,diesel,1482.95,598.13
2015-05-25,IT,diesel,1482.16,597.49
2015-06-01,IT,diesel,1484.61,599.49
2015-06-08,IT,diesel,1482.16,597.49
2015-06-15,IT,diesel,1474.15,590.92
2015-06-22,IT,diesel,1473.23,590.17
2015-06-29,IT,diesel,1463.59,582.26
2015-07-06,IT,diesel,1460.32,579.58
2015-07-13,IT,diesel,1453.38,573.9
2015-07-20,IT,diesel,1448.0,569.49
2015-07-27,IT,diesel,1432.92,557.12
2015-08-03,IT,diesel,1417.22,544.26
2015-08-10,IT,diesel,1402.17,531.92
2015-08-17,IT,diesel,1395.66,526.58
2015-08-24,IT,diesel,1381.51,514.99
2015-08-31,IT,diesel,1351.08,490.04
2015-09-07,IT,diesel,1357.2,495.06
2015-09-14,IT,diesel,1369.63,505.25
2015-09-21,IT,diesel,1359.0,496.53
2015-09-28,IT,diesel,1352.25,491.0
2015-10-05,IT,diesel,1349.16,488.47
2015-10-12,IT,diesel,1353.62,492.12
2015-10-19,IT,diesel,1350.05,489.2
2015-10-26,IT,diesel,1338.99,480.13
2015-11-02,IT,diesel,1338.3,479.57
2015-11-09,IT,diesel,1345.65,485.59
2015-11-16,IT,diesel,1344.38,484.55
2015-11-23,IT,diesel,1334.34,476.32
2015-11-30,IT,diesel,1338.51,479.74
2015-12-07,IT,diesel,1333.09,475.3
2015-12-14,IT,diesel,1311.81,457.85
2016-01-04,IT,diesel,1256.07,412.17
2016-01-11,IT,diesel,1247.32,404.99
2016-01-18,IT,diesel,1221.92,384.17
2016-01-25,IT,diesel,1196.01,362.94
2016-02-01,IT,diesel,1186.14,354.85
2016-02-08,IT,diesel,1197.52,364.17
2016-02-15,IT,diesel,1192.98,360.45
2016-02-22,IT,diesel,1192.03,359.67
2016-02-29,IT,diesel,1199.42,365.73
2016-03-07,IT,diesel,1207.28,372.17
2016-03-14,IT,diesel,1229.71,390.56
2016-03-21,IT,diesel,1243.24,401.65
2016-04-04,IT,diesel,1243.4,401.78
2016-04-11,IT,diesel,1225.62,387.21
2016-04-18,IT,diesel,1233.46,393.63
2016-04-25,IT,diesel,1247.14,404.85
2016-05-02,IT,diesel,1265.13,419.59
2016-05-09,IT,diesel,1273.79,426.69
2016-05-16,IT,diesel,1268.48,422.34
2016-05-23,IT,diesel,1289.46,439.53
2016-05-30,IT,diesel,1309.85,456.25
2016-06-06,IT,diesel,1320.9,465.3
2016-06-13,IT,diesel,1319.29,463.99
2016-06-20,IT,diesel,1317.76,462.73
2016-06-27,IT,diesel,1315.12,460.57
2016-07-04,IT,diesel,1311.97,457.99
2016-07-11,IT,diesel,1308.54,455.17
2016-07-18,IT,diesel,1303.79,451.28
2016-07-25,IT,diesel,1299.47,447.74
2016-08-01,IT,diesel,1289.4,439.49
2016-08-08,IT,diesel,1282.14,433.53
2016-08-15,IT,diesel,1282.5,433.83
2016-08-22,IT,diesel,1290.71,440.56
2016-08-29,IT,diesel,1306.83,453.77
2016-09-05,IT,diesel,1304.83,452.13
2016-09-12,IT,diesel,1299.1,447.44
2016-09-19,IT,diesel,1297.49,446.12
2016-09-26,IT,diesel,1296.81,445.56
2016-10-03,IT,diesel,1302.42,450.16
2016-10-10,IT,diesel,1318.38,463.24
2016-10-17,IT,diesel,1330.2,472.93
2016-10-24,IT,diesel,1335.48,477.26
2016-10-31,IT,diesel,1340.52,481.39
2016-11-07,IT,diesel,1339.24,480.34
2016-11-14,IT,diesel,1323.48,467.42
2016-11-21,IT,diesel,1311.12,457.29
2016-11-28,IT,diesel,1320.87,465.28
2016-12-05,IT,diesel,1332.67,474.95
2016-12-12,IT,diesel,1350.05,489.2
2016-12-19,IT,diesel,1369.06,504.78
2017-01-02,IT,diesel,1391.9,523.5
2017-01-09,IT,diesel,1404.9,534.16
2017-01-16,IT,diesel,1400.12,530.24
2017-01-23,IT,diesel,1397.33,527.95
2017-01-30,IT,diesel,1395.46,526.42
2017-02-06,IT,diesel,1397.6,528.17
2017-02-13,IT,diesel,1399.97,530.12
2017-02-20,IT,diesel,1402.69,532.35
2017-02-27,IT,diesel,1403.0,532.6
2017-03-06,IT,diesel,1403.59,533.08
2017-03-13,IT,diesel,1402.0,531.78
2017-03-20,IT,diesel,1393.57,524.87
2017-03-27,IT,diesel,1387.31,519.74
2017-04-03,IT,diesel,1383.0,516.21
2017-04-10,IT,diesel,1392.61,524.08
2017-04-24,IT,diesel,1410.49,538.74
2017-05-01,IT,diesel,1405.52,534.67
2017-05-08,IT,diesel,1391.7,523.34
2017-05-15,IT,diesel,1378.8,512.76
2017-05-22,IT,diesel,1376.0,510.47
2017-05-29,IT,diesel,1375.87,510.36
2017-06-05,IT,diesel,1370.7,506.12
2017-06-12,IT,diesel,1361.25,498.38
2017-06-19,IT,diesel,1352.91,491.54
2017-06-26,IT,diesel,1341.64,482.3
2017-07-03,IT,diesel,1337.33,478.77
2017-07-10,IT,diesel,1338.42,479.67
2017-07-17,IT,diesel,1334.72,476.63
2017-07-24,IT,diesel,1336.86,478.39
2017-07-31,IT,diesel,1341.45,482.15
2017-08-07,IT,diesel,1351.86,490.68
2017-08-14,IT,diesel,1353.75,492.23
2017-08-21,IT,diesel,1354.98,493.24
2017-08-28,IT,diesel,1353.9,492.35
2017-09-04,IT,diesel,1358.52,496.14
2017-09-11,IT,diesel,1368.86,504.62
2017-09-18,IT,diesel,1375.48,510.04
2017-09-25,IT,diesel,1373.24,508.21
2017-10-02,IT,diesel,1382.85,516.08
2017-10-09,IT,diesel,1384.77,517.66
2017-10-16,IT,diesel,1382.78,516.03
2017-10-23,IT,diesel,1388.46,520.68
2017-10-30,IT,diesel,1390.36,522.24
2017-11-06,IT,diesel,1401.76,531.58
2017-11-13,IT,diesel,1413.62,541.3
2017-11-20,IT,diesel,1417.31,544.33
2017-11-27,IT,diesel,1414.88,542.34
2017-12-04,IT,diesel,1415.73,543.03
2017-12-11,IT,diesel,1413.31,541.05
2017-12-18,IT,diesel,1420.35,546.82
2018-01-01,IT,diesel,1426.58,551.93
2018-01-08,IT,diesel,1435.68,559.39
2018-01-15,IT,diesel,1441.24,563.94
2018-01-22,IT,diesel,1446.52,568.27
2018-01-29,IT,diesel,1447.78,569.3
2018-02-05,IT,diesel,1447.59,569.15
2018-02-12,IT,diesel,1443.29,565.62
2018-02-19,IT,diesel,1424.46,550.19
2018-02-26,IT,diesel,1418.68,545.45
2018-03-05,IT,diesel,1424.66,550.35
2018-03-12,IT,diesel,1422.46,548.55
2018-03-19,IT,diesel,1419.38,546.03
2018-03-26,IT,diesel,1422.82,548.85
2018-04-09,IT,diesel,1432.51,556.79
2018-04-16,IT,diesel,1439.3,562.35
2018-04-23,IT,diesel,1450.22,571.3
2018-04-30,IT,diesel,1462.9,581.7
2018-05-07,IT,diesel,1470.26,587.73
2018-05-14,IT,diesel,1483.45,598.54
2018-05-21,IT,diesel,1501.52,613.35
2018-05-28,IT,diesel,1521.22,629.5
2018-06-04,IT,diesel,1528.71,635.64
2018-06-11,IT,diesel,1528.15,635.18
2018-06-18,IT,diesel,1524.76,632.4
2018-06-25,IT,diesel,1516.28,625.45
2018-07-02,IT,diesel,1511.55,621.58
2018-07-09,IT,diesel,1511.89,621.85
2018-07-16,IT,diesel,1510.94,621.08
2018-07-23,IT,diesel,1507.11,617.94
2018-07-30,IT,diesel,1505.34,616.49
2018-08-06,IT,diesel,1506.2,617.19
2018-08-13,IT,diesel,1505.87,616.92
2018-08-20,IT,diesel,1505.12,616.3
2018-08-27,IT,diesel,1506.86,617.73
2018-09-03,IT,diesel,1513.18,622.91
2018-09-10,IT,diesel,1524.47,632.17
2018-09-17,IT,diesel,1525.41,632.94
2018-09-24,IT,diesel,1524.91,632.53
2018-10-01,IT,diesel,1528.4,635.39
2018-10-08,IT,diesel,1548.39,651.77
2018-10-15,IT,diesel,1565.52,665.81
2018-10-22,IT,diesel,1567.14,667.14
2018-10-29,IT,diesel,1565.31,665.64
2018-11-05,IT,diesel,1562.23,663.12
2018-11-12,IT,diesel,1554.38,656.68
2018-11-19,IT,diesel,1543.8,648.01
2018-11-26,IT,diesel,1526.55,633.87
2018-12-03,IT,diesel,1501.48,613.32
2018-12-10,IT,diesel,1474.67,591.35
2018-12-17,IT,diesel,1460.96,580.11
2019-01-07,IT,diesel,1428.88,553.81
2019-01-14,IT,diesel,1426.01,551.46
2019-01-21,IT,diesel,1436.28,559.88
2019-01-28,IT,diesel,1440.68,563.49
2019-02-04,IT,diesel,1445.62,567.53
2019-02-11,IT,diesel,1451.68,572.5
2019-02-18,IT,diesel,1461.93,580.9
2019-02-25,IT,diesel,1479.85,595.59
2019-03-04,IT,diesel,1486.87,601.35
2019-03-11,IT,diesel,1493.17,606.51
2019-03-18,IT,diesel,1496.38,609.14
2019-03-25,IT,diesel,1497.19,609.8
2019-04-01,IT,diesel,1497.71,610.23
2019-04-08,IT,diesel,1499.16,611.42
2019-04-15,IT,diesel,1505.5,616.62
2019-04-29,IT,diesel,1519.7,628.26
2019-05-06,IT,diesel,1519.07,627.74
2019-05-13,IT,diesel,1518.33,627.13
2019-05-20,IT,diesel,1517.75,626.66
2019-05-27,IT,diesel,1524.63,632.3
2019-06-03,IT,diesel,1514.36,623.88
2019-06-10,IT,diesel,1497.42,609.99
2019-06-17,IT,diesel,1486.77,601.26
2019-06-24,IT,diesel,1480.69,596.28
2019-07-01,IT,diesel,1478.85,594.77
2019-07-08,IT,diesel,1480.9,596.45
2019-07-15,IT,diesel,1484.47,599.38
2019-07-22,IT,diesel,1487.01,601.46
2019-07-29,IT,diesel,1478.29,594.31
2019-08-05,IT,diesel,1478.79,594.72
2019-08-12,IT,diesel,1466.93,585.0
2019-08-19,IT,diesel,1458.8,578.34
2019-08-26,IT,diesel,1456.84,576.73
2019-09-02,IT,diesel,1455.0,575.22
2019-09-09,IT,diesel,1454.98,575.21
2019-09-16,IT,diesel,1463.15,581.9
2019-09-23,IT,diesel,1483.09,598.25
2019-09-30,IT,diesel,1485.67,600.36
2019-10-07,IT,diesel,1479.13,595.0
2019-10-14,IT,diesel,1472.95,589.94
2019-10-21,IT,diesel,1469.94,587.47
2019-10-28,IT,diesel,1467.93,585.82
2019-11-04,IT,diesel,1469.23,586.89
2019-11-11,IT,diesel,1470.29,587.76
2019-11-18,IT,diesel,1469.99,587.51
2019-11-25,IT,diesel,1470.24,587.71
2019-12-02,IT,diesel,1476.32,592.7
2019-12-09,IT,diesel,1476.08,592.5
2019-12-16,IT,diesel,1474.37,591.1
2020-01-06,IT,diesel,1489.21,603.26
2020-01-13,IT,diesel,1493.37,606.67
2020-01-20,IT,diesel,1488.57,602.74
2020-01-27,IT,diesel,1482.32,597.62
2020-02-03,IT,diesel,1468.97,586.67
2020-02-10,IT,diesel,1450.67,571.67
2020-02-17,IT,diesel,1441.36,564.04
2020-02-24,IT,diesel,1439.42,562.45
2020-03-02,IT,diesel,1432.16,556.5
2020-03-09,IT,diesel,1414.2,541.78
2020-03-16,IT,diesel,1389.03,521.15
2020-03-23,IT,diesel,1368.48,504.3
2020-03-30,IT,diesel,1347.81,487.36
2020-04-06,IT,diesel,1328.02,471.14
2020-04-20,IT,diesel,1306.43,453.44
2020-04-27,IT,diesel,1287.06,437.57
2020-05-04,IT,diesel,1267.15,421.25
2020-05-11,IT,diesel,1252.79,409.48
2020-05-18,IT,diesel,1247.39,405.05
2020-05-25,IT,diesel,1256.37,412.41
2020-06-01,IT,diesel,1260.85,416.08
2020-06-08,IT,diesel,1260.4,415.71
2020-06-15,IT,diesel,1266.49,420.71
2020-06-22,IT,diesel,1273.05,426.08
2020-06-29,IT,diesel,1285.53,436.31
2020-07-06,IT,diesel,1287.79,438.17
2020-07-13,IT,diesel,1290.32,440.24
2020-07-20,IT,diesel,1290.83,440.66
2020-07-27,IT,diesel,1289.74,439.76
2020-08-03,IT,diesel,1288.34,438.62
2020-08-10,IT,diesel,1284.32,435.32
2020-08-17,IT,diesel,1284.55,435.51
2020-08-24,IT,diesel,1285.56,436.34
2020-08-31,IT,diesel,1285.19,436.03
2020-09-07,IT,diesel,1281.64,433.12
2020-09-14,IT,diesel,1274.28,427.09
2020-09-21,IT,diesel,1267.41,421.46
2020-09-28,IT,diesel,1264.94,419.44
2020-10-05,IT,diesel,1262.69,417.59
2020-10-12,IT,diesel,1261.0,416.21
2020-10-19,IT,diesel,1260.48,415.78
2020-10-26,IT,diesel,1258.51,414.17
2020-11-02,IT,diesel,1254.77,411.1
2020-11-09,IT,diesel,1248.72,406.14
2020-11-16,IT,diesel,1255.3,411.53
2020-11-23,IT,diesel,1264.11,418.76
2020-11-30,IT,diesel,1275.25,427.89
2020-12-07,IT,diesel,1283.79,434.89
2020-12-14,IT,diesel,1288.31,438.59
2020-12-21,IT,diesel,1304.31,451.71
2021-01-11,IT,diesel,1324.98,468.65
2021-01-18,IT,diesel,1339.45,480.51
2021-01-25,IT,diesel,1346.45,486.25
2021-02-01,IT,diesel,1350.56,489.62
2021-02-08,IT,diesel,1360.65,497.89
2021-02-15,IT,diesel,1372.94,507.96
2021-02-22,IT,diesel,1390.91,522.69
2021-03-01,IT,diesel,1408.45,537.07
2021-03-08,IT,diesel,1421.19,547.51
2021-03-15,IT,diesel,1436.07,559.71
2021-03-22,IT,diesel,1444.98,567.01
2021-03-29,IT,diesel,1440.3,563.17
2021-04-12,IT,diesel,1435.18,558.98
2021-04-19,IT,diesel,1435.66,559.37
2021-04-26,IT,diesel,1437.6,560.96
2021-05-03,IT,diesel,1438.83,561.97
2021-05-10,IT,diesel,1447.2,568.83
2021-05-17,IT,diesel,1452.65,573.3
2021-05-24,IT,diesel,1451.33,572.21
2021-05-31,IT,diesel,1447.99,569.48
2021-06-07,IT,diesel,1457.56,577.32
2021-06-14,IT,diesel,1464.81,583.26
2021-06-21,IT,diesel,1474.15,590.92
2021-06-28,IT,diesel,1485.76,600.44
2021-07-05,IT,diesel,1494.54,607.63
2021-07-12,IT,diesel,1507.91,618.59
2021-07-19,IT,diesel,1512.84,622.63
2021-07-26,IT,diesel,1510.57,620.77
2021-08-02,IT,diesel,1510.17,620.44
2021-08-09,IT,diesel,1509.98,620.29
2021-08-16,IT,diesel,1507.75,618.46
2021-08-23,IT,diesel,1503.43,614.92
2021-08-30,IT,diesel,1499.96,612.08
2021-09-06,IT,diesel,1504.1,615.47
2021-09-13,IT,diesel,1510.06,620.35
2021-09-20,IT,diesel,1516.64,625.75
2021-09-27,IT,diesel,1523.47,631.35
2021-10-04,IT,diesel,1536.73,642.21
2021-10-11,IT,diesel,1567.13,667.13
2021-10-18,IT,diesel,1593.18,688.49
2021-10-25,IT,diesel,1607.9,700.55
2021-11-01,IT,diesel,1613.08,704.8
2021-11-08,IT,diesel,1613.84,705.42
2021-11-15,IT,diesel,1612.92,704.67
2021-11-22,IT,diesel,1611.31,703.35
2021-11-29,IT,diesel,1607.49,700.21
2021-12-06,IT,diesel,1597.75,692.23
2021-12-13,IT,diesel,1590.37,686.18
2021-12-20,IT,diesel,1587.14,683.53
2022-01-03,IT,diesel,1587.92,684.17
2022-01-10,IT,diesel,1598.01,692.44
2022-01-17,IT,diesel,1620.24,710.67
2022-01-24,IT,diesel,1647.14,732.71
2022-01-31,IT,diesel,1667.29,749.23
2022-02-07,IT,diesel,1690.59,768.33
2022-02-14,IT,diesel,1708.19,782.76
2022-02-21,IT,diesel,1722.36,794.37
2022-02-28,IT,diesel,1740.47,809.21
2022-03-07,IT,diesel,1829.33,882.05
2022-03-14,IT,diesel,2154.63,1148.69
2022-03-21,IT,diesel,2124.56,1124.04
2022-03-28,IT,diesel,1857.88,1155.45
2022-04-04,IT,diesel,1788.17,1098.31
2022-04-11,IT,diesel,1760.56,1075.68
2022-04-25,IT,diesel,1767.42,1081.3
2022-05-02,IT,diesel,1791.12,1100.73
2022-05-09,IT,diesel,1830.6,1133.09
2022-05-16,IT,diesel,1827.96,1130.93
2022-05-23,IT,diesel,1819.95,1124.36
2022-05-30,IT,diesel,1812.79,1118.49
2022-06-06,IT,diesel,1851.52,1150.24
2022-06-13,IT,diesel,1935.27,1218.89
2022-06-20,IT,diesel,2006.04,1276.9
2022-06-27,IT,diesel,2033.83,1299.67
2022-07-04,IT,diesel,2022.53,1290.41
2022-07-11,IT,diesel,1981.63,1256.89
2022-07-18,IT,diesel,1940.89,1223.49
2022-07-25,IT,diesel,1894.46,1185.44
2022-08-01,IT,diesel,1851.65,1150.35
2022-08-08,IT,diesel,1811.28,1117.26
2022-08-15,IT,diesel,1756.53,1072.38
2022-08-22,IT,diesel,1744.4,1062.44
2022-08-29,IT,diesel,1808.69,1115.13
2022-09-05,IT,diesel,1838.4,1139.49
2022-09-12,IT,diesel,1827.79,1130.79
2022-09-19,IT,diesel,1803.09,1110.54
2022-09-26,IT,diesel,1761.73,1076.64
2022-10-03,IT,diesel,1738.33,1057.46
2022-10-10,IT,diesel,1788.98,1098.98
2022-10-17,IT,diesel,1882.67,1175.77
2022-10-24,IT,diesel,1880.08,1173.65
2022-10-31,IT,diesel,1865.54,1161.73
2022-11-07,IT,diesel,1858.56,1156.01
2022-11-14,IT,diesel,1852.46,1151.01
2022-11-21,IT,diesel,1809.92,1116.14
2022-11-28,IT,diesel,1747.93,1065.33
2022-12-05,IT,diesel,1764.68,1079.06
2022-12-12,IT,diesel,1770.08,983.49
2022-12-19,IT,diesel,1717.14,940.09
2022-12-26,IT,diesel,1689.77,917.66
2023-01-02,IT,diesel,1890.84,932.47
2023-01-09,IT,diesel,1868.13,913.85
2023-01-16,IT,diesel,1863.68,910.21
2023-01-23,IT,diesel,1875.1,919.57
2023-01-30,IT,diesel,1912.32,950.08
2023-02-06,IT,diesel,1897.04,937.55
2023-02-13,IT,diesel,1853.17,901.59
2023-02-20,IT,diesel,1836.58,887.99
2023-02-27,IT,diesel,1821.71,875.8
2023-03-06,IT,diesel,1809.06,865.44
2023-03-13,IT,diesel,1812.58,868.32
2023-03-20,IT,diesel,1801.8,859.49
2023-03-27,IT,diesel,1800.67,858.56
2023-04-03,IT,diesel,1766.67,830.69
2023-04-10,IT,diesel,1767.22,831.14
2023-04-17,IT,diesel,1766.49,830.54
2023-04-24,IT,diesel,1745.61,813.43
2023-05-01,IT,diesel,1710.83,784.92
2023-05-08,IT,diesel,1679.86,759.53
2023-05-15,IT,diesel,1654.14,738.45
2023-05-22,IT,diesel,1650.33,735.33
2023-05-29,IT,diesel,1662.3,745.14
2023-06-05,IT,diesel,1661.44,744.44
2023-06-12,IT,diesel,1668.44,750.17
2023-06-19,IT,diesel,1677.35,757.48
2023-06-26,IT,diesel,1690.32,768.11
2023-07-03,IT,diesel,1685.02,763.76
2023-07-10,IT,diesel,1683.77,762.74
2023-07-17,IT,diesel,1703.27,778.72
2023-07-24,IT,diesel,1709.59,783.9
2023-07-31,IT,diesel,1746.1,813.83
2023-08-07,IT,diesel,1796.41,855.07
2023-08-14,IT,diesel,1827.71,880.72
2023-08-21,IT,diesel,1845.34,895.17
2023-08-28,IT,diesel,1847.35,896.82
2023-09-04,IT,diesel,1855.61,903.59
2023-09-11,IT,diesel,1876.7,920.88
2023-09-18,IT,diesel,1924.02,959.67
2023-09-25,IT,diesel,1938.24,971.32
2023-10-02,IT,diesel,1932.12,966.3
2023-10-09,IT,diesel,1921.63,957.71
2023-10-16,IT,diesel,1897.3,937.76
2023-10-23,IT,diesel,1883.7,926.62
2023-10-30,IT,diesel,1865.34,911.57
2023-11-06,IT,diesel,1847.71,897.12
2023-11-13,IT,diesel,1824.28,877.91
2023-11-20,IT,diesel,1796.53,855.17
2023-11-27,IT,diesel,1785.41,846.05
2023-12-04,IT,diesel,1773.4,836.21
2023-12-11,IT,diesel,1753.7,820.06
2023-12-18,IT,diesel,1732.08,802.34
2023-12-25,IT,diesel,1732.08,802.34
2024-01-01,IT,diesel,1730.66,801.17
2024-01-08,IT,diesel,1730.54,801.08
2024-01-15,IT,diesel,1724.52,796.14
2024-01-22,IT,diesel,1734.14,804.03
2024-01-29,IT,diesel,1766.89,830.87
2024-02-05,IT,diesel,1785.61,846.21
2024-02-12,IT,diesel,1801.49,859.23
2024-02-19,IT,diesel,1832.56,884.7
2024-02-26,IT,diesel,1826.36,879.62
2024-03-04,IT,diesel,1812.73,868.44
2024-03-11,IT,diesel,1800.71,858.59
2024-03-18,IT,diesel,1789.97,849.79
2024-03-25,IT,diesel,1800.72,858.6
2024-04-01,IT,diesel,1793.05,852.31
2024-04-08,IT,diesel,1798.77,857.0
2024-04-15,IT,diesel,1806.87,863.64
2024-04-22,IT,diesel,1802.5,860.06
2024-04-29,IT,diesel,1789.87,849.71
2024-05-06,IT,diesel,1775.21,837.69
2024-05-13,IT,diesel,1753.3,819.73
2024-05-20,IT,diesel,1733.26,803.3
2024-05-27,IT,diesel,1722.41,794.41
2024-06-03,IT,diesel,1710.95,785.02
2024-06-10,IT,diesel,1694.99,771.94
2024-06-17,IT,diesel,1694.32,771.39
2024-06-24,IT,diesel,1715.81,789.0
2024-07-01,IT,diesel,1737.52,806.8
2024-07-08,IT,diesel,1751.72,818.44
2024-07-15,IT,diesel,1751.01,817.85
2024-07-22,IT,diesel,1742.43,810.82
2024-07-29,IT,diesel,1730.64,801.16
2024-08-05,IT,diesel,1717.25,790.18
2024-08-12,IT,diesel,1705.2,780.3
2024-08-19,IT,diesel,1698.41,774.74
2024-08-26,IT,diesel,1684.24,763.12
2024-09-02,IT,diesel,1668.07,749.87
2024-09-09,IT,diesel,1655.45,739.53
2024-09-16,IT,diesel,1635.68,723.32
2024-09-23,IT,diesel,1622.17,712.25
2024-09-30,IT,diesel,1615.51,706.79
2024-10-07,IT,diesel,1612.36,704.21
2024-10-14,IT,diesel,1639.97,726.84
2024-10-21,IT,diesel,1645.3,731.21
2024-10-28,IT,diesel,1635.45,723.13
2024-11-04,IT,diesel,1631.93,720.25
2024-11-11,IT,diesel,1635.33,723.03
2024-11-18,IT,diesel,1634.42,722.29
2024-11-25,IT,diesel,1648.88,734.14
2024-12-02,IT,diesel,1661.54,744.52
2024-12-09,IT,diesel,1655.42,739.5
2024-12-16,IT,diesel,1647.8,733.26
2024-12-23,IT,diesel,1653.28,737.75
2024-12-30,IT,diesel,1656.03,740.0
2005-01-03,IT,gasoline,1115.75,371.15
2005-01-10,IT,gasoline,1088.0,348.03
2005-01-17,IT,gasoline,1088.14,348.14
2005-01-24,IT,gasoline,1090.01,349.7
2005-01-31,IT,gasoline,1132.11,384.79
2005-02-07,IT,gasoline,1135.87,387.92
2005-02-14,IT,gasoline,1135.88,387.93
2005-02-21,IT,gasoline,1136.04,388.06
2005-02-28,IT,gasoline,1136.04,382.7
2005-03-07,IT,gasoline,1158.78,401.65
2005-03-14,IT,gasoline,1185.9,424.25
2005-03-21,IT,gasoline,1185.98,424.32
2005-04-04,IT,gasoline,1187.92,425.93
2005-04-11,IT,gasoline,1236.35,466.29
2005-04-18,IT,gasoline,1236.35,466.29
2005-04-25,IT,gasoline,1234.89,465.08
2005-05-02,IT,gasoline,1234.89,465.08
2005-05-09,IT,gasoline,1215.38,448.82
2005-05-16,IT,gasoline,1201.12,436.93
2005-05-23,IT,gasoline,1186.26,424.55
2005-05-30,IT,gasoline,1186.26,424.55
2005-06-06,IT,gasoline,1197.86,434.22
2005-06-13,IT,gasoline,1216.26,449.55
2005-06-20,IT,gasoline,1216.44,449.7
2005-06-27,IT,gasoline,1231.19,461.99
2005-07-04,IT,gasoline,1245.79,474.16
2005-07-11,IT,gasoline,1246.15,474.46
2005-07-18,IT,gasoline,1247.67,475.72
2005-07-25,IT,gasoline,1245.7,474.08
2005-08-01,IT,gasoline,1246.26,474.55
2005-08-08,IT,gasoline,1246.26,474.55
2005-08-15,IT,gasoline,1246.26,474.55
2005-08-22,IT,gasoline,1275.6,499.0
2005-08-29,IT,gasoline,1277.05,500.21
2005-09-05,IT,gasoline,1306.89,525.08
2005-09-12,IT,gasoline,1329.84,544.2
2005-09-19,IT,gasoline,1296.46,516.38
2005-09-26,IT,gasoline,1293.42,513.85
2005-10-03,IT,gasoline,1335.22,548.68
2005-10-10,IT,gasoline,1337.86,550.88
2005-10-17,IT,gasoline,1334.07,547.72
2005-10-24,IT,gasoline,1295.58,515.65
2005-11-07,IT,gasoline,1255.08,481.9
2005-11-14,IT,gasoline,1245.95,474.29
2005-11-21,IT,gasoline,1226.62,458.18
2005-11-28,IT,gasoline,1226.19,457.83
2005-12-05,IT,gasoline,1207.21,442.01
2005-12-12,IT,gasoline,1214.49,448.07
2005-12-19,IT,gasoline,1228.03,459.36
2006-01-09,IT,gasoline,1255.71,482.43
2006-01-16,IT,gasoline,1259.7,485.75
2006-01-23,IT,gasoline,1260.08,486.07
2006-01-30,IT,gasoline,1260.32,486.27
2006-02-06,IT,gasoline,1258.18,484.48
2006-02-13,IT,gasoline,1257.92,484.27
2006-02-20,IT,gasoline,1228.36,459.63
2006-02-27,IT,gasoline,1226.36,457.97
2006-03-06,IT,gasoline,1256.01,482.67
2006-03-13,IT,gasoline,1256.01,482.67
2006-03-20,IT,gasoline,1261.81,487.51
2006-03-27,IT,gasoline,1261.48,487.23
2006-04-03,IT,gasoline,1286.65,508.21
2006-04-10,IT,gasoline,1289.98,510.98
2006-04-24,IT,gasoline,1338.02,551.02
2006-05-01,IT,gasoline,1342.06,554.38
2006-05-08,IT,gasoline,1345.29,557.07
2006-05-15,IT,gasoline,1344.22,556.18
2006-05-22,IT,gasoline,1337.34,550.45
2006-05-29,IT,gasoline,1335.81,549.18
2006-06-05,IT,gasoline,1336.4,549.67
2006-06-12,IT,gasoline,1336.72,549.93
2006-06-19,IT,gasoline,1336.72,549.93
2006-06-26,IT,gasoline,1336.72,549.93
2006-07-03,IT,gasoline,1354.09,564.41
2006-07-10,IT,gasoline,1367.11,575.26
2006-07-17,IT,gasoline,1385.08,590.23
2006-07-24,IT,gasoline,1387.42,592.18
2006-07-31,IT,gasoline,1387.16,591.97
2006-08-07,IT,gasoline,1388.58,593.15
2006-08-14,IT,gasoline,1389.48,593.9
2006-08-21,IT,gasoline,1362.07,571.06
2006-08-28,IT,gasoline,1329.95,544.29
2006-09-04,IT,gasoline,1293.31,513.76
2006-09-11,IT,gasoline,1271.34,495.45
2006-09-18,IT,gasoline,1251.56,478.97
2006-09-25,IT,gasoline,1231.52,462.27
2006-10-02,IT,gasoline,1230.16,461.13
2006-10-09,IT,gasoline,1220.03,452.69
2006-10-16,IT,gasoline,1219.79,452.49
2006-10-23,IT,gasoline,1219.79,452.49
2006-10-30,IT,gasoline,1219.79,452.49
2006-11-06,IT,gasoline,1220.03,452.69
2006-11-13,IT,gasoline,1219.93,452.61
2006-11-20,IT,gasoline,1218.78,451.65
2006-11-27,IT,gasoline,1218.89,451.74
2006-12-04,IT,gasoline,1219.22,452.02
2006-12-11,IT,gasoline,1219.22,452.02
2006-12-18,IT,gasoline,1219.22,452.02
2007-01-08,IT,gasoline,1218.68,451.57
2007-01-15,IT,gasoline,1207.69,442.41
2007-01-22,IT,gasoline,1198.79,434.99
2007-01-29,IT,gasoline,1198.22,434.52
2007-02-05,IT,gasoline,1198.59,434.83
2007-02-12,IT,gasoline,1200.79,436.66
2007-02-19,IT,gasoline,1201.46,437.22
2007-02-26,IT,gasoline,1221.66,454.05
2007-03-05,IT,gasoline,1231.49,462.24
2007-03-12,IT,gasoline,1241.27,470.39
2007-03-19,IT,gasoline,1240.75,469.96
2007-03-26,IT,gasoline,1240.43,469.69
2007-04-02,IT,gasoline,1256.4,483.0
2007-04-16,IT,gasoline,1276.21,499.51
2007-04-23,IT,gasoline,1279.61,502.34
2007-04-30,IT,gasoline,1293.63,514.02
2007-05-07,IT,gasoline,1309.43,527.19
2007-05-14,IT,gasoline,1312.83,530.03
2007-05-21,IT,gasoline,1326.55,541.46
2007-05-28,IT,gasoline,1342.73,554.94
2007-06-04,IT,gasoline,1343.85,555.87
2007-06-11,IT,gasoline,1346.21,557.84
2007-06-18,IT,gasoline,1346.14,557.78
2007-06-25,IT,gasoline,1350.93,561.77
2007-07-02,IT,gasoline,1351.09,561.91
2007-07-09,IT,gasoline,1352.35,562.96
2007-07-16,IT,gasoline,1358.88,568.4
2007-07-23,IT,gasoline,1356.7,566.58
2007-07-30,IT,gasoline,1348.53,559.77
2007-08-06,IT,gasoline,1332.93,546.78
2007-08-13,IT,gasoline,1302.4,521.33
2007-08-20,IT,gasoline,1301.15,520.29
2007-08-27,IT,gasoline,1293.62,514.02
2007-09-03,IT,gasoline,1297.97,517.64
2007-09-10,IT,gasoline,1308.83,526.69
2007-09-17,IT,gasoline,1307.5,525.58
2007-09-24,IT,gasoline,1313.24,530.37
2007-10-01,IT,gasoline,1314.09,531.08
2007-10-08,IT,gasoline,1311.48,528.9
2007-10-15,IT,gasoline,1311.83,529.19
2007-10-22,IT,gasoline,1313.46,530.55
2007-10-29,IT,gasoline,1319.09,535.24
2007-11-05,IT,gasoline,1331.65,545.71
2007-11-12,IT,gasoline,1356.42,566.35
2007-11-19,IT,gasoline,1360.44,569.7
2007-11-26,IT,gasoline,1363.88,572.57
2007-12-03,IT,gasoline,1363.44,572.2
2007-12-10,IT,gasoline,1361.99,570.99
2007-12-17,IT,gasoline,1358.66,568.22
2008-01-07,IT,gasoline,1377.18,583.65
2008-01-14,IT,gasoline,1371.94,579.28
2008-01-21,IT,gasoline,1355.99,565.99
2008-01-28,IT,gasoline,1351.75,562.46
2008-02-04,IT,gasoline,1352.92,563.43
2008-02-11,IT,gasoline,1352.35,562.96
2008-02-18,IT,gasoline,1367.02,575.18
2008-02-25,IT,gasoline,1385.05,590.21
2008-03-03,IT,gasoline,1388.46,593.05
2008-03-10,IT,gasoline,1388.75,593.29
2008-03-17,IT,gasoline,1385.52,590.6
2008-03-31,IT,gasoline,1363.13,588.77
2008-04-07,IT,gasoline,1364.2,589.66
2008-04-14,IT,gasoline,1380.4,603.16
2008-04-21,IT,gasoline,1380.72,603.43
2008-04-28,IT,gasoline,1395.85,616.04
2008-05-05,IT,gasoline,1431.6,629.0
2008-05-12,IT,gasoline,1459.08,651.9
2008-05-19,IT,gasoline,1473.16,663.63
2008-05-26,IT,gasoline,1497.1,683.58
2008-06-02,IT,gasoline,1496.4,683.0
2008-06-09,IT,gasoline,1502.78,688.32
2008-06-16,IT,gasoline,1524.64,706.53
2008-06-23,IT,gasoline,1525.03,706.86
2008-06-30,IT,gasoline,1524.97,706.81
2008-07-07,IT,gasoline,1528.3,709.58
2008-07-14,IT,gasoline,1532.35,712.96
2008-07-21,IT,gasoline,1524.12,706.1
2008-07-28,IT,gasoline,1489.64,677.37
2008-08-04,IT,gasoline,1467.45,658.87
2008-08-11,IT,gasoline,1453.2,647.0
2008-08-18,IT,gasoline,1448.54,643.12
2008-08-25,IT,gasoline,1450.35,644.63
2008-09-01,IT,gasoline,1454.13,647.78
2008-09-08,IT,gasoline,1445.69,640.74
2008-09-15,IT,gasoline,1444.53,639.77
2008-09-22,IT,gasoline,1405.47,607.23
2008-09-29,IT,gasoline,1413.39,613.83
2008-10-06,IT,gasoline,1403.83,605.86
2008-10-13,IT,gasoline,1351.51,562.26
2008-10-20,IT,gasoline,1292.85,513.38
2008-10-27,IT,gasoline,1266.53,491.44
2008-11-03,IT,gasoline,1255.69,482.41
2008-11-10,IT,gasoline,1222.51,454.76
2008-11-17,IT,gasoline,1199.76,435.8
2008-11-24,IT,gasoline,1154.11,397.76
2008-12-01,IT,gasoline,1146.96,391.8
2008-12-08,IT,gasoline,1127.81,375.84
2008-12-15,IT,gasoline,1114.59,364.82
2009-01-05,IT,gasoline,1082.64,338.2
2009-01-12,IT,gasoline,1112.87,363.39
2009-01-19,IT,gasoline,1132.41,379.67
2009-01-26,IT,gasoline,1136.43,383.02
2009-02-02,IT,gasoline,1144.18,389.48
2009-02-09,IT,gasoline,1142.07,387.72
2009-02-16,IT,gasoline,1134.66,381.55
2009-02-23,IT,gasoline,1143.29,388.74
2009-03-02,IT,gasoline,1156.23,399.52
2009-03-09,IT,gasoline,1160.68,403.23
2009-03-16,IT,gasoline,1165.0,406.83
2009-03-23,IT,gasoline,1164.48,406.4
2009-03-30,IT,gasoline,1186.42,424.68
2009-04-06,IT,gasoline,1175.87,415.89
2009-04-20,IT,gasoline,1196.31,432.92
2009-04-27,IT,gasoline,1197.58,433.98
2009-05-04,IT,gasoline,1183.32,422.1
2009-05-11,IT,gasoline,1229.38,460.48
2009-05-18,IT,gasoline,1234.04,464.37
2009-05-25,IT,gasoline,1263.06,488.55
2009-06-01,IT,gasoline,1275.81,499.17
2009-06-08,IT,gasoline,1283.37,505.47
2009-06-15,IT,gasoline,1305.07,523.56
2009-06-22,IT,gasoline,1316.06,532.72
2009-06-29,IT,gasoline,1291.46,512.22
2009-07-06,IT,gasoline,1279.43,502.19
2009-07-13,IT,gasoline,1259.53,485.61
2009-07-20,IT,gasoline,1251.29,478.74
2009-07-27,IT,gasoline,1279.4,502.17
2009-08-03,IT,gasoline,1280.03,502.69
2009-08-10,IT,gasoline,1307.44,525.53
2009-08-17,IT,gasoline,1303.9,522.58
2009-08-24,IT,gasoline,1296.28,516.23
2009-08-31,IT,gasoline,1292.07,512.72
2009-09-07,IT,gasoline,1272.05,496.04
2009-09-14,IT,gasoline,1270.04,494.37
2009-09-21,IT,gasoline,1267.19,491.99
2009-09-28,IT,gasoline,1241.0,470.17
2009-10-05,IT,gasoline,1236.39,466.32
2009-10-12,IT,gasoline,1251.18,478.65
2009-10-19,IT,gasoline,1264.46,489.72
2009-10-26,IT,gasoline,1286.54,508.12
2009-11-02,IT,gasoline,1294.88,515.07
2009-11-09,IT,gasoline,1293.08,513.57
2009-11-16,IT,gasoline,1282.61,504.84
2009-11-23,IT,gasoline,1288.77,509.97
2009-11-30,IT,gasoline,1281.29,503.74
2009-12-07,IT,gasoline,1281.07,503.56
2009-12-14,IT,gasoline,1270.31,494.59
2009-12-21,IT,gasoline,1263.98,489.32
2010-01-04,IT,gasoline,1293.97,514.31
2010-01-11,IT,gasoline,1310.76,528.3
2010-01-18,IT,gasoline,1315.94,532.62
2010-01-25,IT,gasoline,1313.83,530.86
2010-02-01,IT,gasoline,1312.6,529.83
2010-02-08,IT,gasoline,1320.82,536.68
2010-02-15,IT,gasoline,1306.98,525.15
2010-02-22,IT,gasoline,1311.1,528.58
2010-03-01,IT,gasoline,1333.18,546.98
2010-03-08,IT,gasoline,1352.43,563.02
2010-03-15,IT,gasoline,1363.15,571.96
2010-03-22,IT,gasoline,1376.49,583.07
2010-03-29,IT,gasoline,1377.49,583.91
2010-04-12,IT,gasoline,1392.62,596.52
2010-04-19,IT,gasoline,1392.12,596.1
2010-04-26,IT,gasoline,1389.67,594.06
2010-05-03,IT,gasoline,1404.64,606.53
2010-05-10,IT,gasoline,1399.64,602.37
2010-05-17,IT,gasoline,1394.59,598.16
2010-05-24,IT,gasoline,1372.59,579.82
2010-05-31,IT,gasoline,1359.33,568.77
2010-06-07,IT,gasoline,1372.18,579.48
2010-06-14,IT,gasoline,1376.18,582.82
2010-06-21,IT,gasoline,1391.59,595.66
2010-06-28,IT,gasoline,1395.7,599.08
2010-07-05,IT,gasoline,1377.65,584.04
2010-07-12,IT,gasoline,1372.37,579.64
2010-07-19,IT,gasoline,1365.56,573.97
2010-07-26,IT,gasoline,1355.44,565.53
2010-08-02,IT,gasoline,1362.8,571.67
2010-08-09,IT,gasoline,1366.78,574.98
2010-08-16,IT,gasoline,1365.94,574.28
2010-08-23,IT,gasoline,1359.69,569.07
2010-08-30,IT,gasoline,1350.36,561.3
2010-09-06,IT,gasoline,1349.91,560.92
2010-09-13,IT,gasoline,1359.13,568.61
2010-09-20,IT,gasoline,1364.74,573.28
2010-09-27,IT,gasoline,1347.96,559.3
2010-10-04,IT,gasoline,1344.06,556.05
2010-10-11,IT,gasoline,1354.47,564.72
2010-10-18,IT,gasoline,1358.83,568.36
2010-10-25,IT,gasoline,1351.57,562.31
2010-11-08,IT,gasoline,1363.98,572.65
2010-11-15,IT,gasoline,1381.46,587.22
2010-11-22,IT,gasoline,1377.11,583.59
2010-11-29,IT,gasoline,1384.92,590.1
2010-12-06,IT,gasoline,1412.07,612.72
2010-12-13,IT,gasoline,1419.32,618.77
2010-12-20,IT,gasoline,1417.72,617.43
2011-01-03,IT,gasoline,1437.5,633.92
2011-01-10,IT,gasoline,1444.69,639.91
2011-01-17,IT,gasoline,1465.6,657.33
2011-01-24,IT,gasoline,1470.51,661.42
2011-01-31,IT,gasoline,1465.82,657.52
2011-02-07,IT,gasoline,1465.98,657.65
2011-02-14,IT,gasoline,1466.05,657.71
2011-02-21,IT,gasoline,1474.65,664.87
2011-02-28,IT,gasoline,1507.97,692.64
2011-03-07,IT,gasoline,1524.87,706.72
2011-03-14,IT,gasoline,1531.48,712.23
2011-03-21,IT,gasoline,1527.15,708.62
2011-03-28,IT,gasoline,1521.36,703.8
2011-04-04,IT,gasoline,1523.01,705.17
2011-04-11,IT,gasoline,1549.87,720.26
2011-04-18,IT,gasoline,1554.8,724.37
2011-05-02,IT,gasoline,1552.47,722.42
2011-05-09,IT,gasoline,1556.04,725.4
2011-05-16,IT,gasoline,1550.81,721.04
2011-05-23,IT,gasoline,1538.32,710.63
2011-05-30,IT,gasoline,1537.32,709.8
2011-06-06,IT,gasoline,1535.3,708.12
2011-06-13,IT,gasoline,1530.59,704.19
2011-06-20,IT,gasoline,1529.36,703.17
2011-06-27,IT,gasoline,1506.84,684.4
2011-07-04,IT,gasoline,1555.63,683.16
2011-07-11,IT,gasoline,1577.14,701.08
2011-07-18,IT,gasoline,1589.8,711.63
2011-07-25,IT,gasoline,1590.24,712.0
2011-08-01,IT,gasoline,1597.52,718.07
2011-08-08,IT,gasoline,1592.74,714.08
2011-08-22,IT,gasoline,1568.84,694.17
2011-08-29,IT,gasoline,1567.91,693.39
2011-09-05,IT,gasoline,1575.39,699.62
2011-09-12,IT,gasoline,1590.44,712.17
2011-09-19,IT,gasoline,1605.45,713.62
2011-09-26,IT,gasoline,1604.02,712.44
2011-10-03,IT,gasoline,1594.12,704.25
2011-10-10,IT,gasoline,1585.94,697.49
2011-10-17,IT,gasoline,1589.06,700.07
2011-10-24,IT,gasoline,1597.1,706.72
2011-10-31,IT,gasoline,1588.92,699.96
2011-11-07,IT,gasoline,1592.13,693.71
2011-11-14,IT,gasoline,1594.72,695.85
2011-11-21,IT,gasoline,1587.57,689.94
2011-11-28,IT,gasoline,1576.98,681.19
2011-12-05,IT,gasoline,1575.3,679.8
2011-12-12,IT,gasoline,1672.73,678.22
2011-12-19,IT,gasoline,1673.5,678.86
2012-01-09,IT,gasoline,1694.02,695.82
2012-01-16,IT,gasoline,1709.35,708.49
2012-01-23,IT,gasoline,1712.78,711.32
2012-01-30,IT,gasoline,1717.62,715.32
2012-02-06,IT,gasoline,1726.8,722.91
2012-02-13,IT,gasoline,1736.54,730.96
2012-02-20,IT,gasoline,1752.49,744.14
2012-02-27,IT,gasoline,1765.72,755.07
2012-03-05,IT,gasoline,1771.22,759.62
2012-03-12,IT,gasoline,1803.64,786.41
2012-03-19,IT,gasoline,1818.29,798.52
2012-03-26,IT,gasoline,1829.16,807.5
2012-04-02,IT,gasoline,1842.69,818.68
2012-04-16,IT,gasoline,1856.26,829.9
2012-04-23,IT,gasoline,1853.82,827.88
2012-04-30,IT,gasoline,1851.92,826.31
2012-05-07,IT,gasoline,1831.02,809.04
2012-05-14,IT,gasoline,1786.78,772.48
2012-05-21,IT,gasoline,1777.45,764.77
2012-05-28,IT,gasoline,1775.12,762.84
2012-06-04,IT,gasoline,1778.29,765.46
2012-06-11,IT,gasoline,1768.17,737.1
2012-06-18,IT,gasoline,1755.34,726.49
2012-06-25,IT,gasoline,1730.53,705.99
2012-07-02,IT,gasoline,1719.88,697.19
2012-07-09,IT,gasoline,1743.23,716.49
2012-07-16,IT,gasoline,1757.58,728.35
2012-07-23,IT,gasoline,1777.87,745.11
2012-07-30,IT,gasoline,1779.47,746.44
2012-08-06,IT,gasoline,1785.91,751.76
2012-08-13,IT,gasoline,1812.09,769.4
2012-08-20,IT,gasoline,1847.42,798.39
2012-08-27,IT,gasoline,1870.13,817.16
2012-09-03,IT,gasoline,1870.61,817.56
2012-09-10,IT,gasoline,1889.81,833.43
2012-09-17,IT,gasoline,1877.64,823.37
2012-09-24,IT,gasoline,1845.73,797.0
2012-10-01,IT,gasoline,1845.18,796.54
2012-10-08,IT,gasoline,1836.78,789.6
2012-10-15,IT,gasoline,1845.42,796.74
2012-10-22,IT,gasoline,1824.77,779.67
2012-10-29,IT,gasoline,1795.39,755.39
2012-11-05,IT,gasoline,1763.35,728.91
2012-11-12,IT,gasoline,1746.58,715.05
2012-11-19,IT,gasoline,1749.7,717.63
2012-11-26,IT,gasoline,1754.61,721.69
2012-12-03,IT,gasoline,1750.21,718.05
2012-12-10,IT,gasoline,1742.58,711.75
2012-12-17,IT,gasoline,1745.42,714.1
2013-01-07,IT,gasoline,1751.39,719.03
2013-01-14,IT,gasoline,1759.22,725.5
2013-01-21,IT,gasoline,1742.23,711.46
2013-01-28,IT,gasoline,1751.4,719.04
2013-02-04,IT,gasoline,1764.56,729.91
2013-02-11,IT,gasoline,1778.32,741.29
2013-02-18,IT,gasoline,1796.01,755.91
2013-02-25,IT,gasoline,1810.42,767.81
2013-03-04,IT,gasoline,1809.72,767.24
2013-03-11,IT,gasoline,1803.82,762.36
2013-03-18,IT,gasoline,1788.22,749.47
2013-03-25,IT,gasoline,1780.4,743.0
2013-04-08,IT,gasoline,1771.04,735.27
2013-04-15,IT,gasoline,1753.09,720.43
2013-04-22,IT,gasoline,1722.85,695.44
2013-04-29,IT,gasoline,1711.15,685.77
2013-05-06,IT,gasoline,1713.09,687.38
2013-05-13,IT,gasoline,1709.84,684.69
2013-05-20,IT,gasoline,1717.14,690.72
2013-05-27,IT,gasoline,1732.97,703.81
2013-06-03,IT,gasoline,1736.48,706.71
2013-06-10,IT,gasoline,1735.46,705.86
2013-06-17,IT,gasoline,1731.16,702.31
2013-06-24,IT,gasoline,1732.15,703.13
2013-07-01,IT,gasoline,1735.03,705.51
2013-07-08,IT,gasoline,1740.69,710.19
2013-07-15,IT,gasoline,1762.13,727.91
2013-07-22,IT,gasoline,1771.41,735.58
2013-07-29,IT,gasoline,1771.29,735.48
2013-08-05,IT,gasoline,1769.81,734.25
2013-08-12,IT,gasoline,1768.79,733.41
2013-08-19,IT,gasoline,1762.01,727.81
2013-08-26,IT,gasoline,1768.98,733.57
2013-09-02,IT,gasoline,1781.63,744.02
2013-09-09,IT,gasoline,1786.03,747.66
2013-09-16,IT,gasoline,1775.87,739.26
2013-09-23,IT,gasoline,1753.85,721.06
2013-09-30,IT,gasoline,1733.59,704.32
2013-10-07,IT,gasoline,1733.54,692.53
2013-10-14,IT,gasoline,1728.67,688.54
2013-10-21,IT,gasoline,1726.66,686.9
2013-10-28,IT,gasoline,1717.23,679.17
2013-11-04,IT,gasoline,1700.72,665.63
2013-11-11,IT,gasoline,1700.4,665.37
2013-11-18,IT,gasoline,1701.74,666.47
2013-11-25,IT,gasoline,1714.12,676.62
2013-12-02,IT,gasoline,1725.91,686.28
2013-12-09,IT,gasoline,1728.42,688.34
2013-12-16,IT,gasoline,1728.15,688.12
2014-01-06,IT,gasoline,1729.28,689.04
2014-01-13,IT,gasoline,1722.64,683.6
2014-01-20,IT,gasoline,1718.35,680.08
2014-01-27,IT,gasoline,1715.37,677.64
2014-02-03,IT,gasoline,1714.05,676.56
2014-02-10,IT,gasoline,1711.1,674.14
2014-02-17,IT,gasoline,1714.66,677.06
2014-02-24,IT,gasoline,1717.87,679.69
2014-03-03,IT,gasoline,1717.87,677.29
2014-03-10,IT,gasoline,1717.1,676.66
2014-03-17,IT,gasoline,1712.82,673.15
2014-03-24,IT,gasoline,1704.55,666.37
2014-03-31,IT,gasoline,1714.44,674.48
2014-04-07,IT,gasoline,1722.85,681.37
2014-04-14,IT,gasoline,1725.6,683.63
2014-04-28,IT,gasoline,1737.54,693.41
2014-05-05,IT,gasoline,1738.96,694.58
2014-05-12,IT,gasoline,1736.34,692.43
2014-05-19,IT,gasoline,1734.87,691.22
2014-05-26,IT,gasoline,1739.39,694.93
2014-06-02,IT,gasoline,1739.27,694.83
2014-06-09,IT,gasoline,1740.27,695.65
2014-06-16,IT,gasoline,1741.44,696.61
2014-06-23,IT,gasoline,1753.34,706.36
2014-06-30,IT,gasoline,1759.34,711.28
2014-07-07,IT,gasoline,1762.4,713.79
2014-07-14,IT,gasoline,1763.22,714.46
2014-07-21,IT,gasoline,1758.78,710.82
2014-07-28,IT,gasoline,1757.95,710.14
2014-08-04,IT,gasoline,1755.25,707.93
2014-08-11,IT,gasoline,1751.42,704.79
2014-08-18,IT,gasoline,1748.72,702.58
2014-08-25,IT,gasoline,1741.16,696.38
2014-09-01,IT,gasoline,1739.31,694.86
2014-09-08,IT,gasoline,1736.93,692.91
2014-09-15,IT,gasoline,1734.9,691.25
2014-09-22,IT,gasoline,1730.05,687.27
2014-09-29,IT,gasoline,1724.17,682.45
2014-10-06,IT,gasoline,1722.64,681.2
2014-10-13,IT,gasoline,1717.65,677.11
2014-10-20,IT,gasoline,1697.97,660.98
2014-10-27,IT,gasoline,1680.98,647.05
2014-11-03,IT,gasoline,1665.92,634.71
2014-11-10,IT,gasoline,1657.31,627.65
2014-11-17,IT,gasoline,1647.85,619.9
2014-11-24,IT,gasoline,1634.72,609.13
2014-12-01,IT,gasoline,1623.75,600.14
2014-12-08,IT,gasoline,1595.6,577.07
2014-12-15,IT,gasoline,1565.86,552.69
2015-01-05,IT,gasoline,1505.75,505.82
2015-01-12,IT,gasoline,1472.82,478.83
2015-01-19,IT,gasoline,1448.29,458.72
2015-01-26,IT,gasoline,1437.04,449.5
2015-02-02,IT,gasoline,1445.71,456.61
2015-02-09,IT,gasoline,1477.26,482.47
2015-02-16,IT,gasoline,1513.69,512.33
2015-02-23,IT,gasoline,1533.68,528.71
2015-03-02,IT,gasoline,1546.8,539.47
2015-03-09,IT,gasoline,1562.33,552.2
2015-03-16,IT,gasoline,1575.58,563.06
2015-03-23,IT,gasoline,1578.16,565.17
2015-03-30,IT,gasoline,1578.03,565.07
2015-04-13,IT,gasoline,1574.67,562.31
2015-04-20,IT,gasoline,1584.72,570.55
2015-04-27,IT,gasoline,1601.77,584.53
2015-05-04,IT,gasoline,1610.62,591.78
2015-05-11,IT,gasoline,1616.71,596.77
2015-05-18,IT,gasoline,1616.12,596.29
2015-05-25,IT,gasoline,1614.23,594.74
2015-06-01,IT,gasoline,1616.16,596.32
2015-06-08,IT,gasoline,1619.01,598.66
2015-06-15,IT,gasoline,1623.21,602.1
2015-06-22,IT,gasoline,1631.53,608.92
2015-06-29,IT,gasoline,1627.85,605.9
2015-07-06,IT,gasoline,1625.2,603.73
2015-07-13,IT,gasoline,1628.05,606.07
2015-07-20,IT,gasoline,1629.76,607.47
2015-07-27,IT,gasoline,1616.44,596.55
2015-08-03,IT,gasoline,1592.6,577.01
2015-08-10,IT,gasoline,1574.19,561.92
2015-08-17,IT,gasoline,1563.33,553.02
2015-08-24,IT,gasoline,1542.91,536.28
2015-08-31,IT,gasoline,1506.09,506.1
2015-09-07,IT,gasoline,1498.16,499.6
2015-09-14,IT,gasoline,1502.48,503.14
2015-09-21,IT,gasoline,1487.74,491.06
2015-09-28,IT,gasoline,1478.23,483.26
2015-10-05,IT,gasoline,1473.02,478.99
2015-10-12,IT,gasoline,1480.5,485.12
2015-10-19,IT,gasoline,1476.41,481.77
2015-10-26,IT,gasoline,1461.32,469.4
2015-11-02,IT,gasoline,1455.8,464.88
2015-11-09,IT,gasoline,1462.65,470.49
2015-11-16,IT,gasoline,1460.79,468.97
2015-11-23,IT,gasoline,1450.34,460.4
2015-11-30,IT,gasoline,1457.51,466.28
2015-12-07,IT,gasoline,1460.16,468.45
2015-12-14,IT,gasoline,1451.12,461.04
2016-01-04,IT,gasoline,1430.07,443.79
2016-01-11,IT,gasoline,1426.66,440.99
2016-01-18,IT,gasoline,1409.38,426.83
2016-01-25,IT,gasoline,1392.09,412.66
2016-02-01,IT,gasoline,1387.46,408.86
2016-02-08,IT,gasoline,1392.39,412.9
2016-02-15,IT,gasoline,1373.5,397.42
2016-02-22,IT,gasoline,1361.81,387.84
2016-02-29,IT,gasoline,1361.22,387.35
2016-03-07,IT,gasoline,1370.64,395.08
2016-03-14,IT,gasoline,1391.51,412.18
2016-03-21,IT,gasoline,1406.7,424.63
2016-04-04,IT,gasoline,1413.36,430.09
2016-04-11,IT,gasoline,1411.23,428.35
2016-04-18,IT,gasoline,1426.2,440.62
2016-04-25,IT,gasoline,1438.74,450.9
2016-05-02,IT,gasoline,1446.96,457.63
2016-05-09,IT,gasoline,1448.63,459.0
2016-05-16,IT,gasoline,1445.54,456.47
2016-05-23,IT,gasoline,1463.42,471.12
2016-05-30,IT,gasoline,1476.71,482.02
2016-06-06,IT,gasoline,1484.45,488.36
2016-06-13,IT,gasoline,1479.97,484.69
2016-06-20,IT,gasoline,1473.96,479.76
2016-06-27,IT,gasoline,1470.98,477.32
2016-07-04,IT,gasoline,1468.26,475.09
2016-07-11,IT,gasoline,1459.7,468.08
2016-07-18,IT,gasoline,1448.71,459.07
2016-07-25,IT,gasoline,1444.46,455.58
2016-08-01,IT,gasoline,1432.49,445.77
2016-08-08,IT,gasoline,1422.53,437.61
2016-08-15,IT,gasoline,1426.52,440.88
2016-08-22,IT,gasoline,1441.35,453.03
2016-08-29,IT,gasoline,1454.76,464.03
2016-09-05,IT,gasoline,1456.77,465.67
2016-09-12,IT,gasoline,1452.0,461.76
2016-09-19,IT,gasoline,1451.92,461.7
2016-09-26,IT,gasoline,1451.9,461.68
2016-10-03,IT,gasoline,1456.38,465.35
2016-10-10,IT,gasoline,1471.23,477.53
2016-10-17,IT,gasoline,1482.87,487.07
2016-10-24,IT,gasoline,1487.2,490.62
2016-10-31,IT,gasoline,1494.82,496.86
2016-11-07,IT,gasoline,1487.1,490.53
2016-11-14,IT,gasoline,1473.9,479.71
2016-11-21,IT,gasoline,1458.41,467.02
2016-11-28,IT,gasoline,1468.14,474.99
2016-12-05,IT,gasoline,1478.6,483.57
2016-12-12,IT,gasoline,1499.34,500.57
2016-12-19,IT,gasoline,1508.88,508.39
2017-01-02,IT,gasoline,1535.52,530.22
2017-01-09,IT,gasoline,1550.03,542.12
2017-01-16,IT,gasoline,1547.49,540.03
2017-01-23,IT,gasoline,1544.75,537.79
2017-01-30,IT,gasoline,1543.74,536.96
2017-02-06,IT,gasoline,1546.0,538.81
2017-02-13,IT,gasoline,1549.55,541.72
2017-02-20,IT,gasoline,1555.14,546.3
2017-02-27,IT,gasoline,1555.24,546.39
2017-03-06,IT,gasoline,1555.19,546.35
2017-03-13,IT,gasoline,1548.9,541.19
2017-03-20,IT,gasoline,1539.01,533.08
2017-03-27,IT,gasoline,1532.13,527.44
2017-04-03,IT,gasoline,1527.07,523.3
2017-04-10,IT,gasoline,1538.09,532.33
2017-04-24,IT,gasoline,1559.28,549.7
2017-05-01,IT,gasoline,1555.83,546.87
2017-05-08,IT,gasoline,1539.66,533.62
2017-05-15,IT,gasoline,1529.24,525.08
2017-05-22,IT,gasoline,1525.19,521.76
2017-05-29,IT,gasoline,1523.83,520.64
2017-06-05,IT,gasoline,1519.38,516.99
2017-06-12,IT,gasoline,1511.93,510.89
2017-06-19,IT,gasoline,1502.93,503.51
2017-06-26,IT,gasoline,1490.26,493.12
2017-07-03,IT,gasoline,1488.99,492.08
2017-07-10,IT,gasoline,1490.68,493.47
2017-07-17,IT,gasoline,1487.33,490.72
2017-07-24,IT,gasoline,1489.83,492.77
2017-07-31,IT,gasoline,1494.19,496.35
2017-08-07,IT,gasoline,1497.19,498.8
2017-08-14,IT,gasoline,1498.51,499.89
2017-08-21,IT,gasoline,1499.35,500.58
2017-08-28,IT,gasoline,1499.3,500.53
2017-09-04,IT,gasoline,1508.66,508.21
2017-09-11,IT,gasoline,1523.42,520.3
2017-09-18,IT,gasoline,1524.96,521.57
2017-09-25,IT,gasoline,1521.54,518.76
2017-10-02,IT,gasoline,1525.48,521.99
2017-10-09,IT,gasoline,1525.77,522.23
2017-10-16,IT,gasoline,1524.14,520.9
2017-10-23,IT,gasoline,1523.78,520.6
2017-10-30,IT,gasoline,1524.24,520.98
2017-11-06,IT,gasoline,1532.9,528.08
2017-11-13,IT,gasoline,1544.13,537.28
2017-11-20,IT,gasoline,1547.8,540.29
2017-11-27,IT,gasoline,1545.64,538.52
2017-12-04,IT,gasoline,1545.84,538.68
2017-12-11,IT,gasoline,1543.57,536.82
2017-12-18,IT,gasoline,1549.32,541.53
2018-01-01,IT,gasoline,1554.54,545.81
2018-01-08,IT,gasoline,1561.51,551.53
2018-01-15,IT,gasoline,1566.62,555.71
2018-01-22,IT,gasoline,1571.37,559.61
2018-01-29,IT,gasoline,1572.83,560.8
2018-02-05,IT,gasoline,1573.42,561.29
2018-02-12,IT,gasoline,1569.91,558.41
2018-02-19,IT,gasoline,1553.48,544.94
2018-02-26,IT,gasoline,1546.71,539.4
2018-03-05,IT,gasoline,1548.87,541.17
2018-03-12,IT,gasoline,1546.87,539.53
2018-03-19,IT,gasoline,1544.2,537.34
2018-03-26,IT,gasoline,1547.08,539.7
2018-04-09,IT,gasoline,1556.26,547.22
2018-04-16,IT,gasoline,1562.98,552.73
2018-04-23,IT,gasoline,1573.32,561.21
2018-04-30,IT,gasoline,1585.17,570.92
2018-05-07,IT,gasoline,1592.6,577.01
2018-05-14,IT,gasoline,1605.99,587.99
2018-05-21,IT,gasoline,1623.24,602.12
2018-05-28,IT,gasoline,1642.44,617.86
2018-06-04,IT,gasoline,1648.66,622.96
2018-06-11,IT,gasoline,1648.07,622.48
2018-06-18,IT,gasoline,1645.27,620.18
2018-06-25,IT,gasoline,1636.72,613.17
2018-07-02,IT,gasoline,1632.24,609.5
2018-07-09,IT,gasoline,1632.66,609.85
2018-07-16,IT,gasoline,1632.4,609.63
2018-07-23,IT,gasoline,1629.3,607.09
2018-07-30,IT,gasoline,1627.7,605.78
2018-08-06,IT,gasoline,1628.76,606.65
2018-08-13,IT,gasoline,1629.3,607.09
2018-08-20,IT,gasoline,1627.86,605.91
2018-08-27,IT,gasoline,1628.98,606.83
2018-09-03,IT,gasoline,1633.66,610.67
2018-09-10,IT,gasoline,1642.55,617.95
2018-09-17,IT,gasoline,1642.69,618.07
2018-09-24,IT,gasoline,1641.8,617.34
2018-10-01,IT,gasoline,1644.2,619.3
2018-10-08,IT,gasoline,1657.58,630.27
2018-10-15,IT,gasoline,1665.05,636.4
2018-10-22,IT,gasoline,1661.21,633.25
2018-10-29,IT,gasoline,1655.7,628.73
2018-11-05,IT,gasoline,1649.26,623.45
2018-11-12,IT,gasoline,1636.86,613.29
2018-11-19,IT,gasoline,1619.37,598.95
2018-11-26,IT,gasoline,1595.69,579.54
2018-12-03,IT,gasoline,1565.3,554.63
2018-12-10,IT,gasoline,1533.5,528.57
2018-12-17,IT,gasoline,1520.36,517.8
2019-01-07,IT,gasoline,1486.0,489.63
2019-01-14,IT,gasoline,1482.55,486.8
2019-01-21,IT,gasoline,1491.59,494.21
2019-01-28,IT,gasoline,1494.5,496.6
2019-02-04,IT,gasoline,1499.38,500.6
2019-02-11,IT,gasoline,1508.24,507.86
2019-02-18,IT,gasoline,1517.76,515.67
2019-02-25,IT,gasoline,1534.68,529.53
2019-03-04,IT,gasoline,1542.33,535.8
2019-03-11,IT,gasoline,1548.72,541.04
2019-03-18,IT,gasoline,1554.03,545.4
2019-03-25,IT,gasoline,1562.82,552.6
2019-04-01,IT,gasoline,1573.56,561.4
2019-04-08,IT,gasoline,1588.6,573.73
2019-04-15,IT,gasoline,1604.64,586.88
2019-04-29,IT,gasoline,1625.87,604.28
2019-05-06,IT,gasoline,1627.81,605.87
2019-05-13,IT,gasoline,1625.82,604.24
2019-05-20,IT,gasoline,1624.17,602.89
2019-05-27,IT,gasoline,1631.14,608.6
2019-06-03,IT,gasoline,1621.9,601.03
2019-06-10,IT,gasoline,1605.95,587.95
2019-06-17,IT,gasoline,1595.79,579.62
2019-06-24,IT,gasoline,1590.01,574.89
2019-07-01,IT,gasoline,1588.76,573.86
2019-07-08,IT,gasoline,1590.42,575.22
2019-07-15,IT,gasoline,1596.75,580.41
2019-07-22,IT,gasoline,1599.93,583.02
2019-07-29,IT,gasoline,1592.01,576.53
2019-08-05,IT,gasoline,1592.34,576.8
2019-08-12,IT,gasoline,1579.93,566.62
2019-08-19,IT,gasoline,1571.8,559.96
2019-08-26,IT,gasoline,1568.66,557.39
2019-09-02,IT,gasoline,1566.06,555.26
2019-09-09,IT,gasoline,1565.19,554.54
2019-09-16,IT,gasoline,1570.5,558.9
2019-09-23,IT,gasoline,1589.68,574.62
2019-09-30,IT,gasoline,1591.92,576.45
2019-10-07,IT,gasoline,1585.51,571.2
2019-10-14,IT,gasoline,1579.07,565.92
2019-10-21,IT,gasoline,1574.44,562.12
2019-10-28,IT,gasoline,1571.89,560.03
2019-11-04,IT,gasoline,1572.41,560.46
2019-11-11,IT,gasoline,1573.73,561.54
2019-11-18,IT,gasoline,1573.81,561.61
2019-11-25,IT,gasoline,1576.5,563.81
2019-12-02,IT,gasoline,1580.78,567.32
2019-12-09,IT,gasoline,1580.43,567.03
2019-12-16,IT,gasoline,1578.01,565.05
2020-01-06,IT,gasoline,1590.14,574.99
2020-01-13,IT,gasoline,1593.76,577.96
2020-01-20,IT,gasoline,1587.11,572.51
2020-01-27,IT,gasoline,1587.13,572.53
2020-02-03,IT,gasoline,1570.49,558.89
2020-02-10,IT,gasoline,1554.68,545.93
2020-02-17,IT,gasoline,1547.14,539.75
2020-02-24,IT,gasoline,1545.5,538.4
2020-03-02,IT,gasoline,1540.15,534.02
2020-03-09,IT,gasoline,1522.31,519.4
2020-03-16,IT,gasoline,1496.59,498.31
2020-03-23,IT,gasoline,1477.47,482.64
2020-03-30,IT,gasoline,1456.54,465.49
2020-04-06,IT,gasoline,1436.81,449.31
2020-04-20,IT,gasoline,1411.26,428.37
2020-04-27,IT,gasoline,1391.61,412.26
2020-05-04,IT,gasoline,1374.28,398.06
2020-05-11,IT,gasoline,1362.01,388.0
2020-05-18,IT,gasoline,1356.75,383.69
2020-05-25,IT,gasoline,1366.77,391.9
2020-06-01,IT,gasoline,1371.48,395.76
2020-06-08,IT,gasoline,1371.01,395.38
2020-06-15,IT,gasoline,1377.77,400.92
2020-06-22,IT,gasoline,1385.38,407.16
2020-06-29,IT,gasoline,1399.18,418.47
2020-07-06,IT,gasoline,1400.83,419.82
2020-07-13,IT,gasoline,1403.8,422.26
2020-07-20,IT,gasoline,1404.6,422.91
2020-07-27,IT,gasoline,1403.56,422.06
2020-08-03,IT,gasoline,1401.66,420.5
2020-08-10,IT,gasoline,1397.66,417.22
2020-08-17,IT,gasoline,1398.23,417.69
2020-08-24,IT,gasoline,1399.68,418.88
2020-08-31,IT,gasoline,1400.08,419.21
2020-09-07,IT,gasoline,1398.48,417.9
2020-09-14,IT,gasoline,1392.04,412.62
2020-09-21,IT,gasoline,1388.7,409.88
2020-09-28,IT,gasoline,1389.54,410.57
2020-10-05,IT,gasoline,1388.24,409.5
2020-10-12,IT,gasoline,1388.63,409.82
2020-10-19,IT,gasoline,1389.14,410.24
2020-10-26,IT,gasoline,1387.72,409.08
2020-11-02,IT,gasoline,1383.88,405.93
2020-11-09,IT,gasoline,1378.34,401.39
2020-11-16,IT,gasoline,1385.46,407.22
2020-11-23,IT,gasoline,1393.24,413.6
2020-11-30,IT,gasoline,1403.62,422.11
2020-12-07,IT,gasoline,1409.34,426.8
2020-12-14,IT,gasoline,1412.51,429.4
2020-12-21,IT,gasoline,1427.58,441.75
2021-01-11,IT,gasoline,1450.07,460.18
2021-01-18,IT,gasoline,1465.98,473.22
2021-01-25,IT,gasoline,1476.16,481.57
2021-02-01,IT,gasoline,1479.99,484.71
2021-02-08,IT,gasoline,1488.9,492.01
2021-02-15,IT,gasoline,1500.43,501.46
2021-02-22,IT,gasoline,1518.55,516.31
2021-03-01,IT,gasoline,1536.58,531.09
2021-03-08,IT,gasoline,1549.65,541.8
2021-03-15,IT,gasoline,1566.15,555.33
2021-03-22,IT,gasoline,1578.77,565.67
2021-03-29,IT,gasoline,1575.35,562.87
2021-04-12,IT,gasoline,1573.52,561.37
2021-04-19,IT,gasoline,1574.45,562.13
2021-04-26,IT,gasoline,1577.01,564.23
2021-05-03,IT,gasoline,1578.94,565.81
2021-05-10,IT,gasoline,1587.82,573.09
2021-05-17,IT,gasoline,1593.07,577.4
2021-05-24,IT,gasoline,1592.41,576.85
2021-05-31,IT,gasoline,1590.02,574.9
2021-06-07,IT,gasoline,1599.04,582.29
2021-06-14,IT,gasoline,1605.46,587.55
2021-06-21,IT,gasoline,1614.47,594.94
2021-06-28,IT,gasoline,1624.61,603.25
2021-07-05,IT,gasoline,1634.34,611.22
2021-07-12,IT,gasoline,1649.6,623.73
2021-07-19,IT,gasoline,1655.26,628.37
2021-07-26,IT,gasoline,1653.59,627.0
2021-08-02,IT,gasoline,1655.53,628.59
2021-08-09,IT,gasoline,1657.41,630.13
2021-08-16,IT,gasoline,1656.16,629.11
2021-08-23,IT,gasoline,1652.39,626.02
2021-08-30,IT,gasoline,1650.23,624.25
2021-09-06,IT,gasoline,1655.19,628.31
2021-09-13,IT,gasoline,1662.09,633.97
2021-09-20,IT,gasoline,1670.67,641.0
2021-09-27,IT,gasoline,1676.36,645.67
2021-10-04,IT,gasoline,1686.89,654.3
2021-10-11,IT,gasoline,1713.07,675.76
2021-10-18,IT,gasoline,1733.84,692.78
2021-10-25,IT,gasoline,1745.84,702.62
2021-11-01,IT,gasoline,1749.25,705.41
2021-11-08,IT,gasoline,1750.76,706.65
2021-11-15,IT,gasoline,1749.56,705.67
2021-11-22,IT,gasoline,1746.87,703.46
2021-11-29,IT,gasoline,1742.76,700.09
2021-12-06,IT,gasoline,1732.9,692.01
2021-12-13,IT,gasoline,1725.35,685.82
2021-12-20,IT,gasoline,1722.46,683.45
2022-01-03,IT,gasoline,1723.06,683.94
2022-01-10,IT,gasoline,1733.4,692.42
2022-01-17,IT,gasoline,1754.31,709.56
2022-01-24,IT,gasoline,1778.64,729.5
2022-01-31,IT,gasoline,1796.72,744.32
2022-02-07,IT,gasoline,1819.32,762.85
2022-02-14,IT,gasoline,1835.26,775.91
2022-02-21,IT,gasoline,1849.94,787.94
2022-02-28,IT,gasoline,1868.86,803.45
2022-03-07,IT,gasoline,1953.14,872.53
2022-03-14,IT,gasoline,2184.58,1062.24
2022-03-21,IT,gasoline,2137.19,1023.4
2022-03-28,IT,gasoline,1870.44,1054.75
2022-04-04,IT,gasoline,1792.72,991.04
2022-04-11,IT,gasoline,1765.36,968.62
2022-04-25,IT,gasoline,1766.28,969.37
2022-05-02,IT,gasoline,1778.28,979.21
2022-05-09,IT,gasoline,1808.27,1003.79
2022-05-16,IT,gasoline,1823.14,1015.98
2022-05-23,IT,gasoline,1873.11,1056.94
2022-05-30,IT,gasoline,1885.46,1067.06
2022-06-06,IT,gasoline,1940.54,1112.21
2022-06-13,IT,gasoline,2014.26,1172.63
2022-06-20,IT,gasoline,2063.48,1212.98
2022-06-27,IT,gasoline,2073.98,1221.58
2022-07-04,IT,gasoline,2065.05,1214.26
2022-07-11,IT,gasoline,2028.44,1184.26
2022-07-18,IT,gasoline,1988.71,1151.69
2022-07-25,IT,gasoline,1937.48,1109.7
2022-08-01,IT,gasoline,1877.15,1060.25
2022-08-08,IT,gasoline,1830.6,1022.09
2022-08-15,IT,gasoline,1770.22,972.6
2022-08-22,IT,gasoline,1749.31,955.46
2022-08-29,IT,gasoline,1761.48,965.44
2022-09-05,IT,gasoline,1746.58,953.22
2022-09-12,IT,gasoline,1722.22,933.26
2022-09-19,IT,gasoline,1691.49,908.07
2022-09-26,IT,gasoline,1656.12,879.08
2022-10-03,IT,gasoline,1632.81,859.97
2022-10-10,IT,gasoline,1659.78,882.08
2022-10-17,IT,gasoline,1697.59,913.07
2022-10-24,IT,gasoline,1691.24,907.86
2022-10-31,IT,gasoline,1677.74,896.8
2022-11-07,IT,gasoline,1687.73,904.99
2022-11-14,IT,gasoline,1709.93,923.18
2022-11-21,IT,gasoline,1697.11,912.67
2022-11-28,IT,gasoline,1659.8,882.09
2022-12-05,IT,gasoline,1689.44,906.39
2022-12-12,IT,gasoline,1701.59,816.35
2022-12-19,IT,gasoline,1662.96,784.68
2022-12-26,IT,gasoline,1625.22,753.75
2023-01-02,IT,gasoline,1827.09,769.21
2023-01-09,IT,gasoline,1812.01,756.85
2023-01-16,IT,gasoline,1813.58,758.14
2023-01-23,IT,gasoline,1829.47,771.17
2023-01-30,IT,gasoline,1871.31,805.46
2023-02-06,IT,gasoline,1872.37,806.33
2023-02-13,IT,gasoline,1859.74,795.98
2023-02-20,IT,gasoline,1860.01,796.2
2023-02-27,IT,gasoline,1856.45,793.28
2023-03-06,IT,gasoline,1852.84,790.32
2023-03-13,IT,gasoline,1859.93,796.13
2023-03-20,IT,gasoline,1855.34,792.37
2023-03-27,IT,gasoline,1850.86,788.7
2023-04-03,IT,gasoline,1858.14,794.67
2023-04-10,IT,gasoline,1875.28,808.71
2023-04-17,IT,gasoline,1885.7,817.26
2023-04-24,IT,gasoline,1877.95,810.9
2023-05-01,IT,gasoline,1857.54,794.17
2023-05-08,IT,gasoline,1834.76,775.5
2023-05-15,IT,gasoline,1811.6,756.52
2023-05-22,IT,gasoline,1807.54,753.19
2023-05-29,IT,gasoline,1818.47,762.15
2023-06-05,IT,gasoline,1822.23,765.23
2023-06-12,IT,gasoline,1831.44,772.78
2023-06-19,IT,gasoline,1840.97,780.59
2023-06-26,IT,gasoline,1852.43,789.99
2023-07-03,IT,gasoline,1846.49,785.12
2023-07-10,IT,gasoline,1844.85,783.77
2023-07-17,IT,gasoline,1859.58,795.85
2023-07-24,IT,gasoline,1864.04,799.5
2023-07-31,IT,gasoline,1897.95,827.3
2023-08-07,IT,gasoline,1929.24,852.94
2023-08-14,IT,gasoline,1939.06,860.99
2023-08-21,IT,gasoline,1946.16,866.81
2023-08-28,IT,gasoline,1947.72,868.09
2023-09-04,IT,gasoline,1954.47,873.62
2023-09-11,IT,gasoline,1969.59,886.02
2023-09-18,IT,gasoline,1997.29,908.72
2023-09-25,IT,gasoline,2001.89,912.49
2023-10-02,IT,gasoline,1991.58,904.04
2023-10-09,IT,gasoline,1962.69,880.36
2023-10-16,IT,gasoline,1918.68,844.29
2023-10-23,IT,gasoline,1895.48,825.27
2023-10-30,IT,gasoline,1872.85,806.72
2023-11-06,IT,gasoline,1854.2,791.44
2023-11-13,IT,gasoline,1834.98,775.68
2023-11-20,IT,gasoline,1815.68,759.86
2023-11-27,IT,gasoline,1805.32,751.37
2023-12-04,IT,gasoline,1797.06,744.6
2023-12-11,IT,gasoline,1780.08,730.68
2023-12-18,IT,gasoline,1765.91,719.07
2023-12-25,IT,gasoline,1765.91,719.07
2024-01-01,IT,gasoline,1772.05,724.1
2024-01-08,IT,gasoline,1773.66,725.42
2024-01-15,IT,gasoline,1768.94,721.55
2024-01-22,IT,gasoline,1777.8,728.81
2024-01-29,IT,gasoline,1811.86,756.73
2024-02-05,IT,gasoline,1826.72,768.91
2024-02-12,IT,gasoline,1839.98,779.78
2024-02-19,IT,gasoline,1863.91,799.4
2024-02-26,IT,gasoline,1858.97,795.35
2024-03-04,IT,gasoline,1851.97,789.61
2024-03-11,IT,gasoline,1852.73,790.23
2024-03-18,IT,gasoline,1851.39,789.13
2024-03-25,IT,gasoline,1877.18,810.27
2024-04-01,IT,gasoline,1887.2,818.49
2024-04-08,IT,gasoline,1900.79,829.62
2024-04-15,IT,gasoline,1913.74,840.24
2024-04-22,IT,gasoline,1920.49,845.77
2024-04-29,IT,gasoline,1914.59,840.94
2024-05-06,IT,gasoline,1912.29,839.05
2024-05-13,IT,gasoline,1898.59,827.82
2024-05-20,IT,gasoline,1882.89,814.95
2024-05-27,IT,gasoline,1873.93,807.61
2024-06-03,IT,gasoline,1865.1,800.37
2024-06-10,IT,gasoline,1850.71,788.58
2024-06-17,IT,gasoline,1844.38,783.39
2024-06-24,IT,gasoline,1845.63,784.41
2024-07-01,IT,gasoline,1859.74,795.98
2024-07-08,IT,gasoline,1871.49,805.61
2024-07-15,IT,gasoline,1869.84,804.26
2024-07-22,IT,gasoline,1862.18,797.98
2024-07-29,IT,gasoline,1851.45,789.18
2024-08-05,IT,gasoline,1838.6,778.65
2024-08-12,IT,gasoline,1827.97,769.94
2024-08-19,IT,gasoline,1822.12,765.14
2024-08-26,IT,gasoline,1810.97,756.0
2024-09-02,IT,gasoline,1795.76,743.53
2024-09-09,IT,gasoline,1782.35,732.54
2024-09-16,IT,gasoline,1759.44,713.76
2024-09-23,IT,gasoline,1742.98,700.27
2024-09-30,IT,gasoline,1734.83,693.59
2024-10-07,IT,gasoline,1731.41,690.79
2024-10-14,IT,gasoline,1757.47,712.15
2024-10-21,IT,gasoline,1765.34,718.6
2024-10-28,IT,gasoline,1762.1,715.94
2024-11-04,IT,gasoline,1756.48,711.34
2024-11-11,IT,gasoline,1756.36,711.24
2024-11-18,IT,gasoline,1753.91,709.23
2024-11-25,IT,gasoline,1758.14,712.7
2024-12-02,IT,gasoline,1763.67,717.23
2024-12-09,IT,gasoline,1757.09,711.84
2024-12-16,IT,gasoline,1750.38,706.34
2024-12-23,IT,gasoline,1754.6,709.8
2024-12-30,IT,gasoline,1756.73,711.54
2005-01-03,PT,diesel,858.68,413.29
2005-01-10,PT,diesel,848.34,404.6
2005-01-17,PT,diesel,833.97,392.53
2005-01-24,PT,diesel,828.83,388.21
2005-01-31,PT,diesel,827.03,386.69
2005-02-07,PT,diesel,826.81,386.51
2005-02-14,PT,diesel,826.99,386.66
2005-02-21,PT,diesel,827.05,386.71
2005-02-28,PT,diesel,826.12,385.93
2005-03-07,PT,diesel,828.49,387.92
2005-03-14,PT,diesel,854.43,409.72
2005-03-21,PT,diesel,871.85,424.36
2005-04-04,PT,diesel,894.03,443.0
2005-04-11,PT,diesel,895.97,444.63
2005-04-18,PT,diesel,902.27,449.92
2005-04-25,PT,diesel,909.69,456.16
2005-05-02,PT,diesel,911.62,457.78
2005-05-09,PT,diesel,906.12,453.15
2005-05-16,PT,diesel,905.0,452.21
2005-05-23,PT,diesel,892.59,441.79
2005-05-30,PT,diesel,888.66,438.49
2005-06-06,PT,diesel,883.78,434.39
2005-06-13,PT,diesel,889.33,432.93
2005-06-20,PT,diesel,918.18,457.17
2005-06-27,PT,diesel,942.04,477.22
2005-07-04,PT,diesel,967.9,485.51
2005-07-11,PT,diesel,976.96,492.99
2005-07-18,PT,diesel,982.95,497.94
2005-07-25,PT,diesel,988.61,502.62
2005-08-01,PT,diesel,985.58,500.12
2005-08-08,PT,diesel,976.08,492.26
2005-08-15,PT,diesel,973.51,490.15
2005-08-22,PT,diesel,980.22,495.69
2005-08-29,PT,diesel,994.26,507.29
2005-09-05,PT,diesel,1004.45,515.71
2005-09-12,PT,diesel,1019.73,528.34
2005-09-19,PT,diesel,1031.77,538.29
2005-09-26,PT,diesel,1024.79,532.52
2005-10-03,PT,diesel,1017.14,526.2
2005-10-10,PT,diesel,1026.64,534.05
2005-10-17,PT,diesel,1032.28,538.71
2005-10-24,PT,diesel,1052.1,555.09
2005-11-07,PT,diesel,1047.53,551.31
2005-11-14,PT,diesel,1028.3,535.42
2005-11-21,PT,diesel,1001.2,513.03
2005-11-28,PT,diesel,986.46,500.85
2005-12-05,PT,diesel,982.83,497.85
2005-12-12,PT,diesel,973.42,490.07
2005-12-19,PT,diesel,972.58,489.37
2006-01-09,PT,diesel,972.97,489.72
2006-01-16,PT,diesel,981.14,496.45
2006-01-23,PT,diesel,994.34,482.36
2006-01-30,PT,diesel,1019.44,503.1
2006-02-06,PT,diesel,1021.95,505.17
2006-02-13,PT,diesel,1023.93,506.81
2006-02-20,PT,diesel,1030.17,511.97
2006-02-27,PT,diesel,1022.36,505.52
2006-03-06,PT,diesel,1023.39,506.36
2006-03-13,PT,diesel,1034.1,515.22
2006-03-20,PT,diesel,1041.2,521.08
2006-03-27,PT,diesel,1042.09,521.82
2006-04-03,PT,diesel,1042.27,521.97
2006-04-10,PT,diesel,1042.58,522.23
2006-04-24,PT,diesel,1058.07,535.03
2006-05-01,PT,diesel,1072.1,546.62
2006-05-08,PT,diesel,1086.32,558.38
2006-05-15,PT,diesel,1085.74,557.89
2006-05-22,PT,diesel,1084.56,556.92
2006-05-29,PT,diesel,1076.1,549.93
2006-06-05,PT,diesel,1076.1,549.93
2006-06-12,PT,diesel,1064.99,540.75
2006-06-19,PT,diesel,1065.63,541.28
2006-06-26,PT,diesel,1064.45,540.3
2006-07-03,PT,diesel,1064.49,540.33
2006-07-10,PT,diesel,1072.78,547.18
2006-07-17,PT,diesel,1082.57,555.28
2006-07-24,PT,diesel,1084.24,556.65
2006-07-31,PT,diesel,1092.33,563.34
2006-08-07,PT,diesel,1092.78,563.71
2006-08-14,PT,diesel,1093.35,564.19
2006-08-21,PT,diesel,1092.81,563.74
2006-08-28,PT,diesel,1093.73,564.5
2006-09-04,PT,diesel,1093.66,564.44
2006-09-11,PT,diesel,1087.03,558.96
2006-09-18,PT,diesel,1083.42,555.98
2006-09-25,PT,diesel,1056.23,533.51
2006-10-02,PT,diesel,1029.6,511.5
2006-10-09,PT,diesel,1016.55,500.72
2006-10-16,PT,diesel,1015.19,499.59
2006-10-23,PT,diesel,1007.16,492.95
2006-10-30,PT,diesel,1005.76,491.79
2006-11-06,PT,diesel,1014.76,499.23
2006-11-13,PT,diesel,1006.29,492.23
2006-11-20,PT,diesel,1005.14,491.29
2006-11-27,PT,diesel,1005.57,491.64
2006-12-04,PT,diesel,1005.84,491.86
2006-12-11,PT,diesel,1005.8,491.83
2006-12-18,PT,diesel,1005.48,491.57
2007-01-08,PT,diesel,1002.8,464.35
2007-01-15,PT,diesel,1018.52,477.34
2007-01-22,PT,diesel,1005.57,466.64
2007-01-29,PT,diesel,995.35,458.19
2007-02-05,PT,diesel,990.1,453.85
2007-02-12,PT,diesel,997.54,460.0
2007-02-19,PT,diesel,1006.59,467.48
2007-02-26,PT,diesel,1008.8,469.31
2007-03-05,PT,diesel,1013.79,473.43
2007-03-12,PT,diesel,1021.14,479.51
2007-03-19,PT,diesel,1026.78,484.17
2007-03-26,PT,diesel,1032.31,488.73
2007-04-02,PT,diesel,1031.51,488.08
2007-04-16,PT,diesel,1048.71,502.29
2007-04-23,PT,diesel,1055.36,507.78
2007-04-30,PT,diesel,1060.9,512.37
2007-05-07,PT,diesel,1054.81,507.34
2007-05-14,PT,diesel,1056.94,509.09
2007-05-21,PT,diesel,1056.22,508.5
2007-05-28,PT,diesel,1055.89,508.23
2007-06-04,PT,diesel,1060.81,512.29
2007-06-11,PT,diesel,1065.8,516.42
2007-06-18,PT,diesel,1069.89,519.8
2007-06-25,PT,diesel,1078.63,527.02
2007-07-02,PT,diesel,1083.27,530.85
2007-07-09,PT,diesel,1084.22,531.64
2007-07-16,PT,diesel,1084.32,531.72
2007-07-23,PT,diesel,1088.68,535.32
2007-07-30,PT,diesel,1089.57,536.06
2007-08-06,PT,diesel,1088.56,535.23
2007-08-13,PT,diesel,1092.66,538.62
2007-08-20,PT,diesel,1092.92,538.83
2007-08-27,PT,diesel,1088.08,534.83
2007-09-03,PT,diesel,1084.25,531.66
2007-09-10,PT,diesel,1083.78,531.27
2007-09-17,PT,diesel,1090.63,536.93
2007-09-24,PT,diesel,1101.23,545.7
2007-10-01,PT,diesel,1111.4,554.1
2007-10-08,PT,diesel,1115.06,557.13
2007-10-15,PT,diesel,1113.19,555.59
2007-10-22,PT,diesel,1114.5,556.67
2007-10-29,PT,diesel,1122.45,563.23
2007-11-05,PT,diesel,1131.9,571.05
2007-11-12,PT,diesel,1154.03,589.33
2007-11-19,PT,diesel,1179.84,610.66
2007-11-26,PT,diesel,1193.9,622.28
2007-12-03,PT,diesel,1202.19,629.13
2007-12-10,PT,diesel,1206.83,632.97
2007-12-17,PT,diesel,1200.21,627.5
2008-01-07,PT,diesel,1204.62,631.14
2008-01-14,PT,diesel,1204.77,631.26
2008-01-21,PT,diesel,1197.25,625.05
2008-01-28,PT,diesel,1179.42,610.32
2008-02-04,PT,diesel,1171.46,603.73
2008-02-11,PT,diesel,1170.41,602.87
2008-02-18,PT,diesel,1174.27,606.06
2008-02-25,PT,diesel,1201.48,628.55
2008-03-03,PT,diesel,1223.14,646.45
2008-03-10,PT,diesel,1231.33,653.21
2008-03-17,PT,diesel,1249.74,668.43
2008-03-31,PT,diesel,1255.69,673.35
2008-04-07,PT,diesel,1245.78,665.16
2008-04-14,PT,diesel,1249.19,667.98
2008-04-21,PT,diesel,1276.27,690.36
2008-04-28,PT,diesel,1289.79,701.53
2008-05-05,PT,diesel,1313.06,720.77
2008-05-12,PT,diesel,1327.09,732.36
2008-05-19,PT,diesel,1358.38,758.22
2008-05-26,PT,diesel,1392.77,786.64
2008-06-02,PT,diesel,1413.15,803.49
2008-06-09,PT,diesel,1412.7,803.11
2008-06-16,PT,diesel,1408.35,799.52
2008-06-23,PT,diesel,1420.5,809.56
2008-06-30,PT,diesel,1428.26,815.97
2008-07-07,PT,diesel,1418.93,808.26
2008-07-14,PT,diesel,1428.15,825.72
2008-07-21,PT,diesel,1425.68,823.66
2008-07-28,PT,diesel,1416.75,816.21
2008-08-04,PT,diesel,1389.05,793.13
2008-08-11,PT,diesel,1363.54,771.87
2008-08-18,PT,diesel,1327.35,741.71
2008-08-25,PT,diesel,1308.01,725.6
2008-09-01,PT,diesel,1310.2,727.42
2008-09-08,PT,diesel,1317.8,733.76
2008-09-15,PT,diesel,1304.9,723.01
2008-09-22,PT,diesel,1294.04,713.96
2008-09-29,PT,diesel,1267.45,691.8
2008-10-06,PT,diesel,1266.35,690.88
2008-10-13,PT,diesel,1268.18,692.41
2008-10-20,PT,diesel,1216.06,648.97
2008-10-27,PT,diesel,1187.44,625.12
2008-11-03,PT,diesel,1159.54,601.87
2008-11-10,PT,diesel,1148.15,592.38
2008-11-17,PT,diesel,1141.96,587.22
2008-11-24,PT,diesel,1122.36,570.89
2008-12-01,PT,diesel,1092.63,546.11
2008-12-08,PT,diesel,1070.54,527.71
2008-12-15,PT,diesel,1033.79,497.08
2009-01-05,PT,diesel,952.76,429.56
2009-01-12,PT,diesel,939.83,418.78
2009-01-19,PT,diesel,962.54,437.71
2009-01-26,PT,diesel,979.28,451.66
2009-02-02,PT,diesel,979.1,451.51
2009-02-09,PT,diesel,971.49,445.16
2009-02-16,PT,diesel,970.27,444.15
2009-02-23,PT,diesel,963.14,438.21
2009-03-02,PT,diesel,942.83,421.28
2009-03-09,PT,diesel,934.33,414.2
2009-03-16,PT,diesel,931.74,412.04
2009-03-23,PT,diesel,931.51,411.85
2009-03-30,PT,diesel,937.64,416.96
2009-04-06,PT,diesel,959.65,435.3
2009-04-20,PT,diesel,972.31,445.85
2009-04-27,PT,diesel,980.63,452.78
2009-05-04,PT,diesel,978.35,450.88
2009-05-11,PT,diesel,973.64,446.96
2009-05-18,PT,diesel,977.33,450.03
2009-05-25,PT,diesel,984.59,456.08
2009-06-01,PT,diesel,985.16,456.56
2009-06-08,PT,diesel,994.0,463.92
2009-06-15,PT,diesel,1014.0,480.59
2009-06-22,PT,diesel,1027.0,491.42
2009-06-29,PT,diesel,1039.0,501.42
2009-07-06,PT,diesel,1031.0,494.76
2009-07-13,PT,diesel,1024.0,488.92
2009-07-20,PT,diesel,1003.0,471.42
2009-07-27,PT,diesel,1000.0,468.92
2009-08-03,PT,diesel,1022.0,487.26
2009-08-10,PT,diesel,1034.0,497.26
2009-08-17,PT,diesel,1054.0,513.92
2009-08-24,PT,diesel,1056.0,515.59
2009-08-31,PT,diesel,1054.0,513.92
2009-09-07,PT,diesel,1045.0,506.42
2009-09-14,PT,diesel,1021.0,486.42
2009-09-21,PT,diesel,1014.0,480.59
2009-09-28,PT,diesel,1010.0,477.26
2009-10-05,PT,diesel,1009.0,476.42
2009-10-12,PT,diesel,1010.0,477.26
2009-10-19,PT,diesel,1015.0,481.42
2009-10-26,PT,diesel,1046.0,507.26
2009-11-02,PT,diesel,1053.0,513.09
2009-11-09,PT,diesel,1055.0,514.76
2009-11-16,PT,diesel,1053.0,513.09
2009-11-23,PT,diesel,1048.0,508.92
2009-11-30,PT,diesel,1052.0,512.26
2009-12-07,PT,diesel,1047.0,508.09
2009-12-14,PT,diesel,1050.0,510.59
2009-12-21,PT,diesel,1042.0,503.92
2010-01-04,PT,diesel,1062.0,520.59
2010-01-11,PT,diesel,1081.0,536.42
2010-01-18,PT,diesel,1091.0,544.76
2010-01-25,PT,diesel,1082.0,537.26
2010-02-01,PT,diesel,1071.0,528.09
2010-02-08,PT,diesel,1069.0,526.42
2010-02-15,PT,diesel,1072.0,528.92
2010-02-22,PT,diesel,1083.0,538.09
2010-03-01,PT,diesel,1098.0,550.59
2010-03-08,PT,diesel,1109.0,559.76
2010-03-15,PT,diesel,1120.0,568.92
2010-03-22,PT,diesel,1125.0,573.09
2010-03-29,PT,diesel,1132.0,578.92
2010-04-12,PT,diesel,1166.0,607.26
2010-04-19,PT,diesel,1170.0,610.59
2010-04-26,PT,diesel,1168.0,608.92
2010-05-03,PT,diesel,1171.0,611.42
2010-05-10,PT,diesel,1173.0,613.09
2010-05-17,PT,diesel,1173.0,613.09
2010-05-24,PT,diesel,1168.0,608.92
2010-05-31,PT,diesel,1154.0,597.26
2010-06-07,PT,diesel,1157.0,599.76
2010-06-14,PT,diesel,1170.0,610.59
2010-06-21,PT,diesel,1174.0,613.92
2010-06-28,PT,diesel,1181.0,619.76
2010-07-05,PT,diesel,1182.0,612.45
2010-07-12,PT,diesel,1167.0,600.05
2010-07-19,PT,diesel,1161.0,595.09
2010-07-26,PT,diesel,1160.0,594.27
2010-08-02,PT,diesel,1160.0,594.27
2010-08-09,PT,diesel,1170.0,602.53
2010-08-16,PT,diesel,1171.0,603.36
2010-08-23,PT,diesel,1165.0,598.4
2010-08-30,PT,diesel,1160.0,594.27
2010-09-06,PT,diesel,1156.0,590.96
2010-09-13,PT,diesel,1163.0,596.75
2010-09-20,PT,diesel,1166.0,599.23
2010-09-27,PT,diesel,1161.0,595.09
2010-10-04,PT,diesel,1156.0,590.96
2010-10-11,PT,diesel,1161.0,595.09
2010-10-18,PT,diesel,1166.0,599.23
2010-10-25,PT,diesel,1165.0,598.4
2010-11-08,PT,diesel,1167.0,600.05
2010-11-15,PT,diesel,1183.0,613.28
2010-11-22,PT,diesel,1191.0,619.89
2010-11-29,PT,diesel,1188.0,617.41
2010-12-06,PT,diesel,1208.0,633.94
2010-12-13,PT,diesel,1224.0,647.16
2010-12-20,PT,diesel,1227.0,649.64
2011-01-03,PT,diesel,1277.0,673.8
2011-01-10,PT,diesel,1293.0,686.81
2011-01-17,PT,diesel,1313.0,703.07
2011-01-24,PT,diesel,1316.0,705.51
2011-01-31,PT,diesel,1308.0,699.0
2011-02-07,PT,diesel,1334.0,720.14
2011-02-14,PT,diesel,1344.0,728.27
2011-02-21,PT,diesel,1355.0,737.22
2011-02-28,PT,diesel,1366.0,746.16
2011-03-07,PT,diesel,1394.0,768.92
2011-03-14,PT,diesel,1406.0,778.68
2011-03-21,PT,diesel,1409.0,781.12
2011-03-28,PT,diesel,1408.0,780.31
2011-04-04,PT,diesel,1407.0,779.49
2011-04-11,PT,diesel,1413.0,784.37
2011-04-18,PT,diesel,1417.0,787.62
2011-05-02,PT,diesel,1411.0,782.74
2011-05-09,PT,diesel,1386.0,762.42
2011-05-16,PT,diesel,1369.0,748.6
2011-05-23,PT,diesel,1362.0,742.91
2011-05-30,PT,diesel,1345.0,729.09
2011-06-06,PT,diesel,1352.0,734.78
2011-06-13,PT,diesel,1355.0,737.22
2011-06-20,PT,diesel,1362.0,742.91
2011-06-27,PT,diesel,1354.0,736.4
2011-07-04,PT,diesel,1340.0,725.02
2011-07-11,PT,diesel,1348.0,731.52
2011-07-18,PT,diesel,1372.0,751.04
2011-07-25,PT,diesel,1383.0,759.98
2011-08-01,PT,diesel,1379.0,756.73
2011-08-08,PT,diesel,1373.0,751.85
2011-08-22,PT,diesel,1340.0,725.02
2011-08-29,PT,diesel,1341.0,725.83
2011-09-05,PT,diesel,1358.0,739.66
2011-09-12,PT,diesel,1370.0,749.41
2011-09-19,PT,diesel,1374.0,752.66
2011-09-26,PT,diesel,1376.0,754.29
2011-10-03,PT,diesel,1374.0,752.66
2011-10-10,PT,diesel,1373.0,751.85
2011-10-17,PT,diesel,1376.0,754.29
2011-10-24,PT,diesel,1394.0,768.92
2011-10-31,PT,diesel,1401.0,774.61
2011-11-07,PT,diesel,1402.0,775.43
2011-11-14,PT,diesel,1416.0,786.81
2011-11-21,PT,diesel,1425.0,794.13
2011-11-28,PT,diesel,1413.0,784.37
2011-12-05,PT,diesel,1403.0,776.24
2011-12-12,PT,diesel,1403.0,776.24
2011-12-19,PT,diesel,1398.0,772.18
2012-01-09,PT,diesel,1448.0,810.85
2012-01-16,PT,diesel,1461.0,821.41
2012-01-23,PT,diesel,1451.0,813.28
2012-01-30,PT,diesel,1439.0,803.53
2012-02-06,PT,diesel,1426.0,792.96
2012-02-13,PT,diesel,1448.0,810.85
2012-02-20,PT,diesel,1458.0,818.98
2012-02-27,PT,diesel,1465.0,824.67
2012-03-05,PT,diesel,1466.0,825.48
2012-03-12,PT,diesel,1470.0,828.73
2012-03-19,PT,diesel,1487.0,842.55
2012-03-26,PT,diesel,1486.0,841.74
2012-04-02,PT,diesel,1479.0,836.05
2012-04-16,PT,diesel,1472.0,830.36
2012-04-23,PT,diesel,1463.0,823.04
2012-04-30,PT,diesel,1462.0,822.23
2012-05-07,PT,diesel,1461.0,821.41
2012-05-14,PT,diesel,1450.0,812.47
2012-05-21,PT,diesel,1440.0,804.34
2012-05-28,PT,diesel,1432.0,797.84
2012-06-04,PT,diesel,1425.0,792.15
2012-06-11,PT,diesel,1415.0,784.02
2012-06-18,PT,diesel,1395.0,767.76
2012-06-25,PT,diesel,1383.0,758.0
2012-07-02,PT,diesel,1375.0,751.5
2012-07-09,PT,diesel,1399.0,771.01
2012-07-16,PT,diesel,1409.0,779.14
2012-07-23,PT,diesel,1436.0,801.09
2012-07-30,PT,diesel,1441.0,805.15
2012-08-06,PT,diesel,1442.0,805.97
2012-08-13,PT,diesel,1466.0,825.48
2012-08-20,PT,diesel,1489.0,844.18
2012-08-27,PT,diesel,1497.0,850.68
2012-09-03,PT,diesel,1495.0,849.06
2012-09-10,PT,diesel,1498.0,851.5
2012-09-17,PT,diesel,1498.0,851.5
2012-09-24,PT,diesel,1472.0,830.36
2012-10-01,PT,diesel,1472.0,830.36
2012-10-08,PT,diesel,1479.0,836.05
2012-10-15,PT,diesel,1489.0,844.18
2012-10-22,PT,diesel,1479.0,836.05
2012-10-29,PT,diesel,1459.0,819.79
2012-11-05,PT,diesel,1449.0,811.66
2012-11-12,PT,diesel,1448.0,810.85
2012-11-19,PT,diesel,1447.0,810.03
2012-11-26,PT,diesel,1449.0,811.66
2012-12-03,PT,diesel,1446.0,809.22
2012-12-10,PT,diesel,1426.0,792.96
2012-12-17,PT,diesel,1409.0,779.14
2013-01-07,PT,diesel,1420.0,786.94
2013-01-14,PT,diesel,1429.0,794.26
2013-01-21,PT,diesel,1424.0,790.19
2013-01-28,PT,diesel,1423.0,789.38
2013-02-04,PT,diesel,1425.0,791.01
2013-02-11,PT,diesel,1439.0,802.39
2013-02-18,PT,diesel,1451.0,812.14
2013-02-25,PT,diesel,1457.0,817.02
2013-03-04,PT,diesel,1445.0,807.27
2013-03-11,PT,diesel,1429.0,794.26
2013-03-18,PT,diesel,1422.0,788.57
2013-03-25,PT,diesel,1413.0,781.25
2013-04-01,PT,diesel,1410.0,778.81
2013-04-08,PT,diesel,1411.0,779.62
2013-04-15,PT,diesel,1384.0,757.67
2013-04-22,PT,diesel,1351.0,730.84
2013-04-29,PT,diesel,1354.0,733.28
2013-05-06,PT,diesel,1350.0,730.03
2013-05-13,PT,diesel,1358.0,736.54
2013-05-20,PT,diesel,1365.0,742.23
2013-05-27,PT,diesel,1369.0,745.48
2013-06-03,PT,diesel,1365.0,742.23
2013-06-10,PT,diesel,1360.0,738.16
2013-06-17,PT,diesel,1355.0,734.1
2013-06-24,PT,diesel,1360.0,738.16
2013-07-01,PT,diesel,1358.0,736.54
2013-07-08,PT,diesel,1361.0,738.97
2013-07-15,PT,diesel,1380.0,754.42
2013-07-22,PT,diesel,1388.0,760.93
2013-07-29,PT,diesel,1381.0,755.23
2013-08-05,PT,diesel,1376.0,751.17
2013-08-12,PT,diesel,1373.0,748.73
2013-08-19,PT,diesel,1380.0,754.42
2013-08-26,PT,diesel,1387.0,760.11
2013-09-02,PT,diesel,1404.0,773.93
2013-09-09,PT,diesel,1411.0,779.62
2013-09-16,PT,diesel,1405.0,774.75
2013-09-23,PT,diesel,1387.0,760.11
2013-09-30,PT,diesel,1370.0,746.29
2013-10-07,PT,diesel,1366.0,743.04
2013-10-14,PT,diesel,1371.0,747.1
2013-10-21,PT,diesel,1375.0,750.36
2013-10-28,PT,diesel,1363.0,740.6
2013-11-04,PT,diesel,1359.0,737.35
2013-11-11,PT,diesel,1361.0,738.97
2013-11-18,PT,diesel,1358.0,736.54
2013-11-25,PT,diesel,1365.0,742.23
2013-12-02,PT,diesel,1378.0,752.8
2013-12-09,PT,diesel,1388.0,760.93
2013-12-16,PT,diesel,1377.0,751.98
2014-01-06,PT,diesel,1382.0,754.17
2014-01-13,PT,diesel,1368.0,742.79
2014-01-20,PT,diesel,1356.0,733.03
2014-01-27,PT,diesel,1357.0,733.84
2014-02-03,PT,diesel,1350.0,728.15
2014-02-10,PT,diesel,1350.0,728.15
2014-02-17,PT,diesel,1350.0,728.15
2014-02-24,PT,diesel,1344.0,723.27
2014-03-03,PT,diesel,1342.0,721.65
2014-03-10,PT,diesel,1337.0,717.58
2014-03-17,PT,diesel,1324.0,707.01
2014-03-24,PT,diesel,1320.0,703.76
2014-03-31,PT,diesel,1330.0,711.89
2014-04-07,PT,diesel,1331.0,712.7
2014-04-14,PT,diesel,1328.0,710.26
2014-04-28,PT,diesel,1339.0,719.21
2014-05-05,PT,diesel,1339.0,719.21
2014-05-12,PT,diesel,1331.0,712.7
2014-05-19,PT,diesel,1333.0,714.33
2014-05-26,PT,diesel,1327.0,709.45
2014-06-02,PT,diesel,1327.0,709.45
2014-06-09,PT,diesel,1320.0,703.76
2014-06-16,PT,diesel,1320.0,703.76
2014-06-23,PT,diesel,1340.0,720.02
2014-06-30,PT,diesel,1348.0,726.52
2014-07-07,PT,diesel,1340.0,720.02
2014-07-14,PT,diesel,1327.0,709.45
2014-07-21,PT,diesel,1313.0,698.07
2014-07-28,PT,diesel,1311.0,696.44
2014-08-04,PT,diesel,1313.0,698.07
2014-08-11,PT,diesel,1315.0,699.7
2014-08-18,PT,diesel,1313.0,698.07
2014-08-25,PT,diesel,1310.0,695.63
2014-09-01,PT,diesel,1310.0,695.63
2014-09-08,PT,diesel,1314.0,698.88
2014-09-15,PT,diesel,1312.0,697.26
2014-09-22,PT,diesel,1306.0,692.38
2014-09-29,PT,diesel,1298.0,685.87
2014-10-06,PT,diesel,1295.0,683.44
2014-10-13,PT,diesel,1288.0,677.74
2014-10-20,PT,diesel,1263.0,657.42
2014-10-27,PT,diesel,1248.0,645.22
2014-11-03,PT,diesel,1249.0,646.04
2014-11-10,PT,diesel,1251.0,647.66
2014-11-17,PT,diesel,1248.0,645.22
2014-11-24,PT,diesel,1231.0,631.4
2014-12-01,PT,diesel,1212.0,615.96
2014-12-08,PT,diesel,1188.0,596.44
2014-12-15,PT,diesel,1152.0,567.18
2015-01-05,PT,diesel,1152.0,534.58
2015-01-12,PT,diesel,1143.0,527.26
2015-01-19,PT,diesel,1129.0,515.88
2015-01-26,PT,diesel,1127.0,514.25
2015-02-02,PT,diesel,1140.0,524.82
2015-02-09,PT,diesel,1174.0,552.46
2015-02-16,PT,diesel,1208.0,580.1
2015-02-23,PT,diesel,1220.0,589.86
2015-03-02,PT,diesel,1225.0,593.92
2015-03-09,PT,diesel,1231.0,598.8
2015-03-16,PT,diesel,1233.0,600.43
2015-03-23,PT,diesel,1223.0,592.3
2015-03-30,PT,diesel,1218.0,588.23
2015-04-13,PT,diesel,1218.0,588.23
2015-04-20,PT,diesel,1227.0,595.55
2015-04-27,PT,diesel,1242.0,607.75
2015-05-04,PT,diesel,1244.0,609.37
2015-05-11,PT,diesel,1250.0,614.25
2015-05-18,PT,diesel,1249.0,613.44
2015-05-25,PT,diesel,1248.0,612.62
2015-06-01,PT,diesel,1245.0,610.19
2015-06-08,PT,diesel,1238.0,604.49
2015-06-15,PT,diesel,1256.0,619.13
2015-06-22,PT,diesel,1254.0,617.5
2015-06-29,PT,diesel,1255.0,618.32
2015-07-06,PT,diesel,1253.0,616.69
2015-07-13,PT,diesel,1233.0,600.43
2015-07-20,PT,diesel,1226.0,594.74
2015-07-27,PT,diesel,1220.0,589.86
2015-08-03,PT,diesel,1204.0,576.85
2015-08-10,PT,diesel,1186.0,562.22
2015-08-17,PT,diesel,1178.0,555.71
2015-08-24,PT,diesel,1171.0,550.02
2015-08-31,PT,diesel,1145.0,528.88
2015-09-07,PT,diesel,1181.0,558.15
2015-09-14,PT,diesel,1165.0,545.14
2015-09-21,PT,diesel,1156.0,537.83
2015-09-28,PT,diesel,1157.0,538.64
2015-10-05,PT,diesel,1157.0,538.64
2015-10-12,PT,diesel,1164.0,544.33
2015-10-19,PT,diesel,1151.0,533.76
2015-10-26,PT,diesel,1137.5,522.79
2015-11-02,PT,diesel,1144.0,528.07
2015-11-09,PT,diesel,1158.5,539.86
2015-11-16,PT,diesel,1157.5,539.05
2015-11-23,PT,diesel,1144.5,528.48
2015-11-30,PT,diesel,1144.0,528.07
2015-12-07,PT,diesel,1133.0,519.13
2015-12-14,PT,diesel,1093.0,486.61
2016-01-04,PT,diesel,1061.5,457.09
2016-01-11,PT,diesel,1056.0,452.62
2016-01-18,PT,diesel,1036.0,436.36
2016-01-25,PT,diesel,1011.5,416.44
2016-02-01,PT,diesel,1008.0,413.59
2016-02-08,PT,diesel,1017.0,420.91
2016-02-15,PT,diesel,1046.5,384.89
2016-02-22,PT,diesel,1058.0,394.24
2016-02-29,PT,diesel,1086.0,417.01
2016-03-07,PT,diesel,1096.0,425.14
2016-03-14,PT,diesel,1114.0,439.77
2016-03-21,PT,diesel,1128.0,451.15
2016-04-04,PT,diesel,1130.0,452.78
2016-04-11,PT,diesel,1118.5,443.43
2016-04-18,PT,diesel,1130.0,452.78
2016-04-25,PT,diesel,1135.0,456.84
2016-05-02,PT,diesel,1123.0,447.09
2016-05-09,PT,diesel,1128.0,451.15
2016-05-16,PT,diesel,1115.0,450.58
2016-05-23,PT,diesel,1139.0,470.1
2016-05-30,PT,diesel,1157.0,484.73
2016-06-06,PT,diesel,1163.0,489.61
2016-06-13,PT,diesel,1163.0,489.61
2016-06-20,PT,diesel,1161.0,487.98
2016-06-27,PT,diesel,1158.0,485.54
2016-07-04,PT,diesel,1156.0,483.92
2016-07-11,PT,diesel,1151.0,479.85
2016-07-18,PT,diesel,1139.0,470.1
2016-07-25,PT,diesel,1132.0,464.41
2016-08-01,PT,diesel,1125.0,458.71
2016-08-08,PT,diesel,1107.0,444.08
2016-08-15,PT,diesel,1112.0,448.15
2016-08-22,PT,diesel,1137.0,468.47
2016-08-29,PT,diesel,1147.0,476.6
2016-09-05,PT,diesel,1147.0,476.6
2016-09-12,PT,diesel,1136.0,467.66
2016-09-19,PT,diesel,1136.0,467.66
2016-09-26,PT,diesel,1135.0,466.84
2016-10-03,PT,diesel,1141.0,471.72
2016-10-10,PT,diesel,1166.0,492.05
2016-10-17,PT,diesel,1182.0,505.06
2016-10-24,PT,diesel,1187.0,509.12
2016-10-31,PT,diesel,1189.0,510.75
2016-11-07,PT,diesel,1176.0,500.18
2016-11-14,PT,diesel,1159.0,486.36
2016-11-21,PT,diesel,1142.0,482.54
2016-11-28,PT,diesel,1166.0,502.05
2016-12-05,PT,diesel,1176.0,510.18
2016-12-12,PT,diesel,1189.0,520.75
2016-12-19,PT,diesel,1202.0,531.32
2017-01-02,PT,diesel,1255.0,553.97
2017-01-09,PT,diesel,1278.0,572.66
2017-01-16,PT,diesel,1289.0,581.61
2017-01-23,PT,diesel,1287.0,579.98
2017-01-30,PT,diesel,1263.0,560.47
2017-02-06,PT,diesel,1266.0,562.91
2017-02-13,PT,diesel,1274.0,569.41
2017-02-20,PT,diesel,1274.0,569.41
2017-02-27,PT,diesel,1274.0,569.41
2017-03-06,PT,diesel,1277.0,571.85
2017-03-13,PT,diesel,1269.0,565.35
2017-03-20,PT,diesel,1246.0,546.65
2017-03-27,PT,diesel,1233.0,536.08
2017-04-03,PT,diesel,1234.0,536.89
2017-04-10,PT,diesel,1243.0,544.21
2017-04-24,PT,diesel,1257.0,555.59
2017-05-01,PT,diesel,1242.0,543.4
2017-05-08,PT,diesel,1216.0,522.26
2017-05-15,PT,diesel,1207.0,514.94
2017-05-22,PT,diesel,1215.0,521.44
2017-05-29,PT,diesel,1225.0,529.57
2017-06-05,PT,diesel,1217.0,523.07
2017-06-12,PT,diesel,1190.0,501.12
2017-06-19,PT,diesel,1186.0,497.87
2017-06-26,PT,diesel,1182.0,494.62
2017-07-03,PT,diesel,1180.0,492.99
2017-07-10,PT,diesel,1196.0,506.0
2017-07-17,PT,diesel,1197.0,506.81
2017-07-24,PT,diesel,1198.0,507.62
2017-07-31,PT,diesel,1201.0,510.06
2017-08-07,PT,diesel,1212.0,519.01
2017-08-14,PT,diesel,1216.0,522.26
2017-08-21,PT,diesel,1212.0,519.01
2017-08-28,PT,diesel,1209.0,516.57
2017-09-04,PT,diesel,1216.0,522.26
2017-09-11,PT,diesel,1231.0,534.45
2017-09-18,PT,diesel,1234.0,536.89
2017-09-25,PT,diesel,1238.0,540.14
2017-10-02,PT,diesel,1255.0,553.97
2017-10-09,PT,diesel,1250.0,549.9
2017-10-16,PT,diesel,1248.0,548.27
2017-10-23,PT,diesel,1251.0,550.71
2017-10-30,PT,diesel,1255.0,553.97
2017-11-06,PT,diesel,1266.0,562.91
2017-11-13,PT,diesel,1283.0,576.73
2017-11-20,PT,diesel,1279.0,573.48
2017-11-27,PT,diesel,1280.0,574.29
2017-12-04,PT,diesel,1281.0,575.1
2017-12-11,PT,diesel,1278.0,572.66
2017-12-18,PT,diesel,1281.0,575.1
2018-01-01,PT,diesel,1321.0,602.88
2018-01-08,PT,diesel,1335.0,614.27
2018-01-15,PT,diesel,1342.0,619.96
2018-01-22,PT,diesel,1322.0,603.7
2018-01-29,PT,diesel,1320.0,602.07
2018-02-05,PT,diesel,1311.0,594.75
2018-02-12,PT,diesel,1297.0,583.37
2018-02-19,PT,diesel,1277.0,567.11
2018-02-26,PT,diesel,1263.0,555.73
2018-03-05,PT,diesel,1263.0,555.73
2018-03-12,PT,diesel,1262.0,554.92
2018-03-19,PT,diesel,1255.0,549.23
2018-03-26,PT,diesel,1275.0,565.49
2018-04-09,PT,diesel,1289.0,576.87
2018-04-16,PT,diesel,1302.0,587.44
2018-04-23,PT,diesel,1308.0,592.31
2018-04-30,PT,diesel,1325.0,606.14
2018-05-07,PT,diesel,1330.0,610.2
2018-05-14,PT,diesel,1348.0,624.83
2018-05-21,PT,diesel,1361.0,635.4
2018-05-28,PT,diesel,1383.0,653.29
2018-06-04,PT,diesel,1382.0,652.48
2018-06-11,PT,diesel,1364.0,637.84
2018-06-18,PT,diesel,1361.0,635.4
2018-06-25,PT,diesel,1359.0,633.78
2018-07-02,PT,diesel,1358.0,632.97
2018-07-09,PT,diesel,1361.0,635.4
2018-07-16,PT,diesel,1362.0,636.22
2018-07-23,PT,diesel,1349.0,625.65
2018-07-30,PT,diesel,1358.0,632.97
2018-08-06,PT,diesel,1360.0,634.59
2018-08-13,PT,diesel,1359.0,633.78
2018-08-20,PT,diesel,1360.0,634.59
2018-08-27,PT,diesel,1364.0,637.84
2018-09-03,PT,diesel,1379.0,650.04
2018-09-10,PT,diesel,1383.0,653.29
2018-09-17,PT,diesel,1385.0,654.92
2018-09-24,PT,diesel,1384.0,654.1
2018-10-01,PT,diesel,1398.0,665.49
2018-10-08,PT,diesel,1430.0,691.5
2018-10-15,PT,diesel,1435.0,695.57
2018-10-22,PT,diesel,1426.0,688.25
2018-10-29,PT,diesel,1418.0,681.75
2018-11-05,PT,diesel,1419.0,682.56
2018-11-12,PT,diesel,1404.0,670.36
2018-11-19,PT,diesel,1391.0,659.79
2018-11-26,PT,diesel,1364.0,637.84
2018-12-03,PT,diesel,1331.0,611.01
2018-12-10,PT,diesel,1314.0,597.19
2018-12-17,PT,diesel,1310.0,593.94
2019-01-07,PT,diesel,1302.0,572.86
2019-01-14,PT,diesel,1328.0,593.99
2019-01-21,PT,diesel,1337.0,601.31
2019-01-28,PT,diesel,1345.0,607.82
2019-02-04,PT,diesel,1348.0,610.25
2019-02-11,PT,diesel,1352.0,613.51
2019-02-18,PT,diesel,1361.0,620.82
2019-02-25,PT,diesel,1386.0,641.15
2019-03-04,PT,diesel,1392.0,646.03
2019-03-11,PT,diesel,1394.0,647.65
2019-03-18,PT,diesel,1394.0,647.65
2019-03-25,PT,diesel,1390.0,644.4
2019-04-01,PT,diesel,1369.0,627.33
2019-04-08,PT,diesel,1374.0,631.39
2019-04-15,PT,diesel,1383.0,638.71
2019-04-29,PT,diesel,1392.0,646.03
2019-05-06,PT,diesel,1396.0,649.28
2019-05-13,PT,diesel,1392.0,646.03
2019-05-20,PT,diesel,1397.0,650.09
2019-05-27,PT,diesel,1396.0,649.28
2019-06-03,PT,diesel,1374.0,631.39
2019-06-10,PT,diesel,1339.0,602.94
2019-06-17,PT,diesel,1323.0,589.93
2019-06-24,PT,diesel,1327.0,593.18
2019-07-01,PT,diesel,1338.0,602.12
2019-07-08,PT,diesel,1341.0,604.56
2019-07-15,PT,diesel,1346.0,608.63
2019-07-22,PT,diesel,1350.0,611.88
2019-07-29,PT,diesel,1350.0,611.88
2019-08-05,PT,diesel,1354.0,615.13
2019-08-12,PT,diesel,1341.0,604.56
2019-08-19,PT,diesel,1329.0,594.81
2019-08-26,PT,diesel,1334.0,598.87
2019-09-02,PT,diesel,1335.0,599.69
2019-09-09,PT,diesel,1342.0,605.38
2019-09-16,PT,diesel,1360.0,620.01
2019-09-23,PT,diesel,1383.0,638.71
2019-09-30,PT,diesel,1382.0,637.9
2019-10-07,PT,diesel,1372.0,629.77
2019-10-14,PT,diesel,1364.0,623.26
2019-10-21,PT,diesel,1365.0,624.08
2019-10-28,PT,diesel,1363.0,622.45
2019-11-04,PT,diesel,1365.0,624.08
2019-11-11,PT,diesel,1365.0,624.08
2019-11-18,PT,diesel,1367.0,625.7
2019-11-25,PT,diesel,1364.0,623.26
2019-12-02,PT,diesel,1366.0,624.89
2019-12-09,PT,diesel,1368.0,626.52
2019-12-16,PT,diesel,1369.0,627.33
2020-01-06,PT,diesel,1421.0,669.6
2020-01-13,PT,diesel,1423.0,671.23
2020-01-20,PT,diesel,1406.0,657.41
2020-01-27,PT,diesel,1387.0,641.96
2020-02-03,PT,diesel,1387.0,641.96
2020-02-10,PT,diesel,1373.0,630.58
2020-02-17,PT,diesel,1370.0,601.22
2020-02-24,PT,diesel,1366.0,597.97
2020-03-02,PT,diesel,1353.0,587.4
2020-03-09,PT,diesel,1328.0,567.07
2020-03-16,PT,diesel,1275.0,523.99
2020-03-23,PT,diesel,1233.0,489.84
2020-03-30,PT,diesel,1226.0,484.15
2020-04-06,PT,diesel,1229.0,486.59
2020-04-20,PT,diesel,1211.0,471.95
2020-04-27,PT,diesel,1154.0,425.61
2020-05-04,PT,diesel,1126.0,402.85
2020-05-11,PT,diesel,1129.0,405.29
2020-05-18,PT,diesel,1139.0,413.42
2020-05-25,PT,diesel,1163.0,432.93
2020-06-01,PT,diesel,1169.0,437.81
2020-06-08,PT,diesel,1172.0,440.25
2020-06-15,PT,diesel,1184.0,450.0
2020-06-22,PT,diesel,1195.0,458.94
2020-06-29,PT,diesel,1204.0,466.26
2020-07-06,PT,diesel,1209.0,470.33
2020-07-13,PT,diesel,1235.0,491.47
2020-07-20,PT,diesel,1238.0,493.9
2020-07-27,PT,diesel,1238.0,493.9
2020-08-03,PT,diesel,1236.0,492.28
2020-08-10,PT,diesel,1236.0,492.28
2020-08-17,PT,diesel,1236.0,492.28
2020-08-24,PT,diesel,1241.0,496.34
2020-08-31,PT,diesel,1240.0,495.53
2020-09-07,PT,diesel,1223.0,481.71
2020-09-14,PT,diesel,1220.0,479.27
2020-09-21,PT,diesel,1211.0,471.95
2020-09-28,PT,diesel,1198.0,461.38
2020-10-05,PT,diesel,1198.0,461.38
2020-10-12,PT,diesel,1203.0,465.45
2020-10-19,PT,diesel,1207.0,468.7
2020-10-26,PT,diesel,1207.0,468.7
2020-11-02,PT,diesel,1201.0,463.82
2020-11-09,PT,diesel,1197.0,460.57
2020-11-16,PT,diesel,1211.0,471.95
2020-11-23,PT,diesel,1217.0,476.83
2020-11-30,PT,diesel,1231.0,488.21
2020-12-07,PT,diesel,1239.0,494.72
2020-12-14,PT,diesel,1254.0,506.91
2020-12-21,PT,diesel,1262.0,513.42
2021-01-11,PT,diesel,1278.0,525.67
2021-01-18,PT,diesel,1298.0,541.93
2021-01-25,PT,diesel,1303.0,546.0
2021-02-01,PT,diesel,1291.0,536.24
2021-02-08,PT,diesel,1304.0,546.81
2021-02-15,PT,diesel,1323.0,562.26
2021-02-22,PT,diesel,1344.0,579.33
2021-03-01,PT,diesel,1355.0,588.28
2021-03-08,PT,diesel,1360.0,592.34
2021-03-15,PT,diesel,1368.0,598.85
2021-03-22,PT,diesel,1369.0,599.66
2021-03-29,PT,diesel,1358.0,590.72
2021-04-12,PT,diesel,1357.0,589.9
2021-04-19,PT,diesel,1361.0,593.15
2021-04-26,PT,diesel,1367.0,598.03
2021-05-03,PT,diesel,1373.0,602.91
2021-05-10,PT,diesel,1390.0,616.73
2021-05-17,PT,diesel,1396.0,621.61
2021-05-24,PT,diesel,1394.0,619.98
2021-05-31,PT,diesel,1394.0,619.98
2021-06-07,PT,diesel,1410.0,632.99
2021-06-14,PT,diesel,1420.0,641.12
2021-06-21,PT,diesel,1430.0,649.25
2021-06-28,PT,diesel,1448.0,663.89
2021-07-05,PT,diesel,1453.0,667.95
2021-07-12,PT,diesel,1455.0,669.58
2021-07-19,PT,diesel,1459.0,672.83
2021-07-26,PT,diesel,1450.0,665.51
2021-08-02,PT,diesel,1452.0,667.14
2021-08-09,PT,diesel,1449.0,664.7
2021-08-16,PT,diesel,1442.0,659.01
2021-08-23,PT,diesel,1433.0,651.69
2021-08-30,PT,diesel,1484.0,693.15
2021-09-06,PT,diesel,1454.0,668.76
2021-09-13,PT,diesel,1458.0,672.02
2021-09-20,PT,diesel,1467.0,679.33
2021-09-27,PT,diesel,1480.0,689.9
2021-10-04,PT,diesel,1502.0,707.79
2021-10-11,PT,diesel,1513.0,716.73
2021-10-18,PT,diesel,1536.0,745.43
2021-10-25,PT,diesel,1538.0,747.06
2021-11-01,PT,diesel,1542.0,750.31
2021-11-08,PT,diesel,1540.0,748.68
2021-11-15,PT,diesel,1541.0,749.5
2021-11-22,PT,diesel,1532.0,742.18
2021-11-29,PT,diesel,1527.0,738.11
2021-12-06,PT,diesel,1498.0,714.54
2021-12-13,PT,diesel,1499.0,715.35
2021-12-20,PT,diesel,1503.0,718.6
2022-01-03,PT,diesel,1513.0,726.73
2022-01-10,PT,diesel,1541.0,749.5
2022-01-17,PT,diesel,1551.0,757.63
2022-01-24,PT,diesel,1591.0,790.15
2022-01-31,PT,diesel,1621.0,814.54
2022-02-07,PT,diesel,1638.0,819.11
2022-02-14,PT,diesel,1648.0,836.49
2022-02-21,PT,diesel,1656.0,842.99
2022-02-28,PT,diesel,1675.0,858.44
2022-03-07,PT,diesel,1812.0,969.82
2022-03-14,PT,diesel,1979.0,1129.91
2022-03-21,PT,diesel,1847.0,1022.6
2022-03-28,PT,diesel,1995.0,1155.77
2022-04-04,PT,diesel,1927.0,1100.49
2022-04-11,PT,diesel,1864.0,1049.27
2022-04-25,PT,diesel,1926.0,1099.67
2022-05-02,PT,diesel,1840.0,1145.15
2022-05-09,PT,diesel,1840.0,1157.36
2022-05-16,PT,diesel,1797.0,1122.41
2022-05-23,PT,diesel,1765.0,1096.39
2022-05-30,PT,diesel,1789.0,1115.9
2022-06-06,PT,diesel,1893.0,1202.98
2022-06-13,PT,diesel,2024.0,1309.49
2022-06-20,PT,diesel,2080.0,1358.06
2022-06-27,PT,diesel,2066.0,1346.67
2022-07-04,PT,diesel,1993.0,1287.33
2022-07-11,PT,diesel,1923.0,1230.41
2022-07-18,PT,diesel,1955.0,1256.43
2022-07-25,PT,diesel,1857.0,1176.76
2022-08-01,PT,diesel,1830.0,1154.8
2022-08-08,PT,diesel,1746.0,1086.51
2022-08-15,PT,diesel,1729.0,1072.69
2022-08-22,PT,diesel,1771.0,1106.84
2022-08-29,PT,diesel,1865.0,1183.26
2022-09-05,PT,diesel,1829.0,1153.99
2022-09-12,PT,diesel,1823.0,1149.11
2022-09-19,PT,diesel,1760.0,1097.89
2022-09-26,PT,diesel,1737.0,1079.2
2022-10-03,PT,diesel,1752.0,1090.71
2022-10-10,PT,diesel,1856.0,1175.26
2022-10-17,PT,diesel,1954.0,1254.94
2022-10-24,PT,diesel,1953.0,1254.12
2022-10-31,PT,diesel,1941.0,1244.37
2022-11-07,PT,diesel,1879.0,1224.85
2022-11-14,PT,diesel,1797.0,1158.19
2022-11-21,PT,diesel,1701.0,1080.14
2022-11-28,PT,diesel,1644.0,1033.8
2022-12-05,PT,diesel,1643.0,993.61
2022-12-12,PT,diesel,1563.0,928.57
2022-12-19,PT,diesel,1608.0,965.16
2022-12-26,PT,diesel,1607.0,964.34
2023-01-02,PT,diesel,1634.0,973.28
2023-01-09,PT,diesel,1599.0,944.82
2023-01-16,PT,diesel,1611.0,954.58
2023-01-23,PT,diesel,1634.0,973.28
2023-01-30,PT,diesel,1650.0,986.28
2023-02-06,PT,diesel,1580.0,929.37
2023-02-13,PT,diesel,1533.0,891.16
2023-02-20,PT,diesel,1539.0,896.04
2023-02-27,PT,diesel,1521.0,881.41
2023-03-06,PT,diesel,1566.0,902.5
2023-03-13,PT,diesel,1552.0,891.12
2023-03-20,PT,diesel,1515.0,861.04
2023-03-27,PT,diesel,1507.0,854.53
2023-04-03,PT,diesel,1494.0,843.96
2023-04-10,PT,diesel,1498.0,847.22
2023-04-17,PT,diesel,1490.0,830.71
2023-04-24,PT,diesel,1473.0,816.89
2023-05-01,PT,diesel,1454.0,779.37
2023-05-08,PT,diesel,1405.0,739.54
2023-05-15,PT,diesel,1425.0,755.8
2023-05-22,PT,diesel,1439.0,767.18
2023-05-29,PT,diesel,1444.0,771.24
2023-06-05,PT,diesel,1439.0,747.18
2023-06-12,PT,diesel,1480.0,780.51
2023-06-19,PT,diesel,1482.0,782.14
2023-06-26,PT,diesel,1499.0,795.96
2023-07-03,PT,diesel,1484.0,763.76
2023-07-10,PT,diesel,1519.0,792.22
2023-07-17,PT,diesel,1535.0,805.23
2023-07-24,PT,diesel,1539.0,808.48
2023-07-31,PT,diesel,1626.0,859.21
2023-08-07,PT,diesel,1688.0,909.62
2023-08-14,PT,diesel,1706.0,924.25
2023-08-21,PT,diesel,1703.0,921.81
2023-08-28,PT,diesel,1724.0,938.89
2023-09-04,PT,diesel,1720.0,935.63
2023-09-11,PT,diesel,1752.0,961.65
2023-09-18,PT,diesel,1805.0,1004.74
2023-09-25,PT,diesel,1805.0,1024.74
2023-10-02,PT,diesel,1782.0,1006.04
2023-10-09,PT,diesel,1744.0,975.15
2023-10-16,PT,diesel,1711.0,948.32
2023-10-23,PT,diesel,1726.0,960.51
2023-10-30,PT,diesel,1706.0,944.25
2023-11-06,PT,diesel,1692.0,932.87
2023-11-13,PT,diesel,1649.0,897.91
2023-11-20,PT,diesel,1631.0,883.28
2023-11-27,PT,diesel,1627.0,880.02
2023-12-04,PT,diesel,1607.0,863.76
2023-12-11,PT,diesel,1576.0,838.56
2023-12-18,PT,diesel,1554.0,820.67
2023-12-25,PT,diesel,1574.0,836.93
2024-01-01,PT,diesel,1567.0,831.24
2024-01-08,PT,diesel,1552.0,819.05
2024-01-15,PT,diesel,1561.0,826.37
2024-01-22,PT,diesel,1579.0,841.0
2024-01-29,PT,diesel,1604.0,861.33
2024-02-05,PT,diesel,1626.0,879.21
2024-02-12,PT,diesel,1647.0,896.28
2024-02-19,PT,diesel,1664.0,910.11
2024-02-26,PT,diesel,1640.0,890.59
2024-03-04,PT,diesel,1630.0,882.46
2024-03-11,PT,diesel,1616.0,871.08
2024-03-18,PT,diesel,1613.0,868.64
2024-03-25,PT,diesel,1630.0,882.46
2024-04-01,PT,diesel,1620.0,874.33
2024-04-08,PT,diesel,1644.0,893.85
2024-04-15,PT,diesel,1632.0,884.09
2024-04-22,PT,diesel,1608.0,864.58
2024-04-29,PT,diesel,1591.0,850.76
2024-05-06,PT,diesel,1570.0,833.68
2024-05-13,PT,diesel,1565.0,829.62
2024-05-20,PT,diesel,1553.0,819.86
2024-05-27,PT,diesel,1552.0,819.05
2024-06-03,PT,diesel,1551.0,818.24
2024-06-10,PT,diesel,1523.0,795.47
2024-06-17,PT,diesel,1551.0,818.24
2024-06-24,PT,diesel,1585.0,845.88
2024-07-01,PT,diesel,1594.0,853.19
2024-07-08,PT,diesel,1604.0,861.33
2024-07-15,PT,diesel,1583.0,844.25
2024-07-22,PT,diesel,1565.0,829.62
2024-07-29,PT,diesel,1553.0,819.86
2024-08-05,PT,diesel,1544.0,812.54
2024-08-12,PT,diesel,1525.0,797.1
2024-08-19,PT,diesel,1530.0,801.16
2024-08-26,PT,diesel,1531.0,771.98
2024-09-02,PT,diesel,1530.0,771.16
2024-09-09,PT,diesel,1526.0,752.91
2024-09-16,PT,diesel,1535.0,743.97
2024-09-23,PT,diesel,1536.0,744.78
2024-09-30,PT,diesel,1542.0,749.66
2024-10-07,PT,diesel,1557.0,761.85
2024-10-14,PT,diesel,1583.0,782.99
2024-10-21,PT,diesel,1563.0,766.73
2024-10-28,PT,diesel,1565.0,768.36
2024-11-04,PT,diesel,1558.0,762.67
2024-11-11,PT,diesel,1580.0,780.55
2024-11-18,PT,diesel,1581.0,781.37
2024-11-25,PT,diesel,1601.0,797.63
2024-12-02,PT,diesel,1601.0,797.63
2024-12-09,PT,diesel,1591.0,789.5
2024-12-16,PT,diesel,1596.0,793.56
2024-12-23,PT,diesel,1609.0,804.13
2024-12-30,PT,diesel,1611.0,805.76
2005-01-03,PT,gasoline,1007.99,324.45
2005-01-10,PT,gasoline,1000.6,318.24
2005-01-17,PT,gasoline,996.45,314.75
2005-01-24,PT,gasoline,997.04,315.25
2005-01-31,PT,gasoline,1013.81,329.34
2005-02-07,PT,gasoline,1022.03,336.25
2005-02-14,PT,gasoline,1039.35,350.8
2005-02-21,PT,gasoline,1043.76,354.51
2005-02-28,PT,gasoline,1046.01,356.4
2005-03-07,PT,gasoline,1044.63,355.24
2005-03-14,PT,gasoline,1047.6,357.74
2005-03-21,PT,gasoline,1055.01,363.96
2005-04-04,PT,gasoline,1069.69,376.3
2005-04-11,PT,gasoline,1086.14,390.12
2005-04-18,PT,gasoline,1101.7,403.2
2005-04-25,PT,gasoline,1115.1,414.46
2005-05-02,PT,gasoline,1110.53,410.61
2005-05-09,PT,gasoline,1106.88,407.55
2005-05-16,PT,gasoline,1108.53,408.94
2005-05-23,PT,gasoline,1096.81,399.09
2005-05-30,PT,gasoline,1094.51,397.16
2005-06-06,PT,gasoline,1093.68,396.46
2005-06-13,PT,gasoline,1098.27,389.96
2005-06-20,PT,gasoline,1120.66,408.78
2005-06-27,PT,gasoline,1137.65,423.06
2005-07-04,PT,gasoline,1159.3,425.15
2005-07-11,PT,gasoline,1182.72,444.5
2005-07-18,PT,gasoline,1195.18,454.81
2005-07-25,PT,gasoline,1207.95,465.36
2005-08-01,PT,gasoline,1213.32,469.79
2005-08-08,PT,gasoline,1209.14,466.34
2005-08-15,PT,gasoline,1212.23,468.89
2005-08-22,PT,gasoline,1221.02,476.16
2005-08-29,PT,gasoline,1231.36,484.7
2005-09-05,PT,gasoline,1239.05,491.06
2005-09-12,PT,gasoline,1269.26,516.02
2005-09-19,PT,gasoline,1289.94,533.12
2005-09-26,PT,gasoline,1285.38,529.35
2005-10-03,PT,gasoline,1277.28,522.65
2005-10-10,PT,gasoline,1286.79,530.51
2005-10-17,PT,gasoline,1290.77,533.8
2005-10-24,PT,gasoline,1290.99,533.99
2005-11-07,PT,gasoline,1244.26,495.36
2005-11-14,PT,gasoline,1218.94,474.44
2005-11-21,PT,gasoline,1204.45,462.46
2005-11-28,PT,gasoline,1192.34,452.45
2005-12-05,PT,gasoline,1189.56,450.15
2005-12-12,PT,gasoline,1178.74,441.22
2005-12-19,PT,gasoline,1178.19,440.76
2006-01-09,PT,gasoline,1178.91,441.43
2006-01-16,PT,gasoline,1195.53,455.09
2006-01-23,PT,gasoline,1231.18,459.55
2006-01-30,PT,gasoline,1246.43,472.16
2006-02-06,PT,gasoline,1248.51,473.88
2006-02-13,PT,gasoline,1249.87,475.0
2006-02-20,PT,gasoline,1239.66,466.57
2006-02-27,PT,gasoline,1228.02,456.94
2006-03-06,PT,gasoline,1227.23,456.29
2006-03-13,PT,gasoline,1226.41,455.61
2006-03-20,PT,gasoline,1225.73,455.05
2006-03-27,PT,gasoline,1240.68,467.4
2006-04-03,PT,gasoline,1258.58,482.19
2006-04-10,PT,gasoline,1265.88,488.23
2006-04-24,PT,gasoline,1317.31,530.74
2006-05-01,PT,gasoline,1335.76,545.98
2006-05-08,PT,gasoline,1349.08,556.99
2006-05-15,PT,gasoline,1345.85,554.32
2006-05-22,PT,gasoline,1345.55,554.07
2006-05-29,PT,gasoline,1344.19,552.95
2006-06-05,PT,gasoline,1333.7,544.28
2006-06-12,PT,gasoline,1330.75,541.84
2006-06-19,PT,gasoline,1338.87,548.55
2006-06-26,PT,gasoline,1339.08,548.73
2006-07-03,PT,gasoline,1339.21,548.84
2006-07-10,PT,gasoline,1342.81,551.81
2006-07-17,PT,gasoline,1358.18,564.51
2006-07-24,PT,gasoline,1376.25,579.45
2006-07-31,PT,gasoline,1383.78,585.67
2006-08-07,PT,gasoline,1384.23,586.04
2006-08-14,PT,gasoline,1384.3,586.1
2006-08-21,PT,gasoline,1378.71,581.48
2006-08-28,PT,gasoline,1365.26,570.37
2006-09-04,PT,gasoline,1348.13,556.21
2006-09-11,PT,gasoline,1329.97,541.2
2006-09-18,PT,gasoline,1300.06,516.48
2006-09-25,PT,gasoline,1259.14,482.66
2006-10-02,PT,gasoline,1232.89,460.97
2006-10-09,PT,gasoline,1224.96,454.41
2006-10-16,PT,gasoline,1223.98,453.6
2006-10-23,PT,gasoline,1215.7,446.76
2006-10-30,PT,gasoline,1214.47,445.75
2006-11-06,PT,gasoline,1215.38,446.5
2006-11-13,PT,gasoline,1206.48,439.14
2006-11-20,PT,gasoline,1205.31,438.17
2006-11-27,PT,gasoline,1205.65,438.45
2006-12-04,PT,gasoline,1206.07,438.8
2006-12-11,PT,gasoline,1209.94,442.0
2006-12-18,PT,gasoline,1213.16,444.66
2007-01-08,PT,gasoline,1221.5,426.55
2007-01-15,PT,gasoline,1239.08,441.08
2007-01-22,PT,gasoline,1225.27,429.67
2007-01-29,PT,gasoline,1212.53,419.14
2007-02-05,PT,gasoline,1206.34,414.02
2007-02-12,PT,gasoline,1213.59,420.02
2007-02-19,PT,gasoline,1220.89,426.05
2007-02-26,PT,gasoline,1227.42,431.45
2007-03-05,PT,gasoline,1242.93,444.26
2007-03-12,PT,gasoline,1260.92,459.13
2007-03-19,PT,gasoline,1276.4,471.92
2007-03-26,PT,gasoline,1289.1,482.42
2007-04-02,PT,gasoline,1289.46,482.72
2007-04-16,PT,gasoline,1312.49,501.75
2007-04-23,PT,gasoline,1323.33,510.71
2007-04-30,PT,gasoline,1333.64,519.23
2007-05-07,PT,gasoline,1345.05,528.66
2007-05-14,PT,gasoline,1363.82,544.18
2007-05-21,PT,gasoline,1372.36,551.24
2007-05-28,PT,gasoline,1374.03,552.61
2007-06-04,PT,gasoline,1380.43,557.9
2007-06-11,PT,gasoline,1381.74,558.98
2007-06-18,PT,gasoline,1371.55,550.56
2007-06-25,PT,gasoline,1365.63,545.67
2007-07-02,PT,gasoline,1367.02,546.82
2007-07-09,PT,gasoline,1368.84,548.32
2007-07-16,PT,gasoline,1367.41,547.14
2007-07-23,PT,gasoline,1368.89,548.36
2007-07-30,PT,gasoline,1363.08,543.56
2007-08-06,PT,gasoline,1344.92,528.55
2007-08-13,PT,gasoline,1335.65,520.89
2007-08-20,PT,gasoline,1331.36,517.35
2007-08-27,PT,gasoline,1325.42,512.43
2007-09-03,PT,gasoline,1320.41,508.3
2007-09-10,PT,gasoline,1319.33,507.4
2007-09-17,PT,gasoline,1328.88,515.3
2007-09-24,PT,gasoline,1330.8,516.88
2007-10-01,PT,gasoline,1327.51,514.17
2007-10-08,PT,gasoline,1325.47,512.48
2007-10-15,PT,gasoline,1321.19,508.94
2007-10-22,PT,gasoline,1314.94,503.78
2007-10-29,PT,gasoline,1322.08,509.68
2007-11-05,PT,gasoline,1329.55,515.85
2007-11-12,PT,gasoline,1347.52,530.7
2007-11-19,PT,gasoline,1367.12,546.9
2007-11-26,PT,gasoline,1378.13,556.0
2007-12-03,PT,gasoline,1378.46,556.27
2007-12-10,PT,gasoline,1375.02,553.43
2007-12-17,PT,gasoline,1365.0,545.15
2008-01-07,PT,gasoline,1387.66,563.88
2008-01-14,PT,gasoline,1397.83,572.28
2008-01-21,PT,gasoline,1392.29,567.71
2008-01-28,PT,gasoline,1370.95,550.07
2008-02-04,PT,gasoline,1359.66,540.74
2008-02-11,PT,gasoline,1356.91,538.46
2008-02-18,PT,gasoline,1356.87,538.43
2008-02-25,PT,gasoline,1381.39,558.69
2008-03-03,PT,gasoline,1401.94,575.67
2008-03-10,PT,gasoline,1401.63,575.42
2008-03-17,PT,gasoline,1393.98,569.1
2008-03-31,PT,gasoline,1382.01,559.02
2008-04-07,PT,gasoline,1389.51,565.4
2008-04-14,PT,gasoline,1398.76,573.05
2008-04-21,PT,gasoline,1401.02,574.92
2008-04-28,PT,gasoline,1415.74,587.08
2008-05-05,PT,gasoline,1434.93,602.94
2008-05-12,PT,gasoline,1436.36,604.12
2008-05-19,PT,gasoline,1461.3,624.74
2008-05-26,PT,gasoline,1473.85,635.11
2008-06-02,PT,gasoline,1488.93,647.57
2008-06-09,PT,gasoline,1489.89,648.36
2008-06-16,PT,gasoline,1495.82,653.26
2008-06-23,PT,gasoline,1507.7,663.08
2008-06-30,PT,gasoline,1518.25,671.81
2008-07-07,PT,gasoline,1517.2,670.94
2008-07-14,PT,gasoline,1524.51,687.48
2008-07-21,PT,gasoline,1522.67,685.94
2008-07-28,PT,gasoline,1510.33,675.66
2008-08-04,PT,gasoline,1477.41,648.22
2008-08-11,PT,gasoline,1468.8,641.05
2008-08-18,PT,gasoline,1454.15,628.84
2008-08-25,PT,gasoline,1451.82,626.9
2008-09-01,PT,gasoline,1456.23,630.57
2008-09-08,PT,gasoline,1467.2,639.72
2008-09-15,PT,gasoline,1455.02,629.57
2008-09-22,PT,gasoline,1453.89,628.63
2008-09-29,PT,gasoline,1404.21,587.23
2008-10-06,PT,gasoline,1397.91,581.98
2008-10-13,PT,gasoline,1394.5,579.13
2008-10-20,PT,gasoline,1353.94,545.33
2008-10-27,PT,gasoline,1313.14,511.33
2008-11-03,PT,gasoline,1274.33,478.99
2008-11-10,PT,gasoline,1254.52,462.48
2008-11-17,PT,gasoline,1230.49,442.46
2008-11-24,PT,gasoline,1203.27,419.77
2008-12-01,PT,gasoline,1165.3,388.13
2008-12-08,PT,gasoline,1146.54,372.5
2008-12-15,PT,gasoline,1129.24,358.08
2009-01-05,PT,gasoline,1073.85,311.92
2009-01-12,PT,gasoline,1053.64,295.08
2009-01-19,PT,gasoline,1091.87,326.94
2009-01-26,PT,gasoline,1109.2,341.38
2009-02-02,PT,gasoline,1117.25,348.09
2009-02-09,PT,gasoline,1141.46,368.27
2009-02-16,PT,gasoline,1145.18,371.37
2009-02-23,PT,gasoline,1170.37,392.36
2009-03-02,PT,gasoline,1155.11,379.64
2009-03-09,PT,gasoline,1149.55,375.01
2009-03-16,PT,gasoline,1156.24,380.58
2009-03-23,PT,gasoline,1158.47,382.44
2009-03-30,PT,gasoline,1164.46,387.43
2009-04-06,PT,gasoline,1182.27,402.27
2009-04-20,PT,gasoline,1194.4,412.38
2009-04-27,PT,gasoline,1200.56,417.52
2009-05-04,PT,gasoline,1206.29,422.29
2009-05-11,PT,gasoline,1208.74,424.33
2009-05-18,PT,gasoline,1227.44,439.92
2009-05-25,PT,gasoline,1252.26,460.6
2009-06-01,PT,gasoline,1273.87,478.61
2009-06-08,PT,gasoline,1280.0,483.72
2009-06-15,PT,gasoline,1294.0,495.38
2009-06-22,PT,gasoline,1310.0,508.72
2009-06-29,PT,gasoline,1319.0,516.22
2009-07-06,PT,gasoline,1291.0,492.88
2009-07-13,PT,gasoline,1277.0,481.22
2009-07-20,PT,gasoline,1257.0,464.55
2009-07-27,PT,gasoline,1256.0,463.72
2009-08-03,PT,gasoline,1272.0,477.05
2009-08-10,PT,gasoline,1334.0,528.72
2009-08-17,PT,gasoline,1317.0,514.55
2009-08-24,PT,gasoline,1319.0,516.22
2009-08-31,PT,gasoline,1311.0,509.55
2009-09-07,PT,gasoline,1300.0,500.38
2009-09-14,PT,gasoline,1280.0,483.72
2009-09-21,PT,gasoline,1267.0,472.88
2009-09-28,PT,gasoline,1261.0,467.88
2009-10-05,PT,gasoline,1252.0,460.38
2009-10-12,PT,gasoline,1249.0,457.88
2009-10-19,PT,gasoline,1257.0,464.55
2009-10-26,PT,gasoline,1277.0,481.22
2009-11-02,PT,gasoline,1289.0,491.22
2009-11-09,PT,gasoline,1297.0,497.88
2009-11-16,PT,gasoline,1294.0,495.38
2009-11-23,PT,gasoline,1289.0,491.22
2009-11-30,PT,gasoline,1294.0,495.38
2009-12-07,PT,gasoline,1289.0,491.22
2009-12-14,PT,gasoline,1288.0,490.38
2009-12-21,PT,gasoline,1277.0,481.22
2010-01-04,PT,gasoline,1302.0,502.05
2010-01-11,PT,gasoline,1320.0,517.05
2010-01-18,PT,gasoline,1331.0,526.22
2010-01-25,PT,gasoline,1326.0,522.05
2010-02-01,PT,gasoline,1310.0,508.72
2010-02-08,PT,gasoline,1311.0,509.55
2010-02-15,PT,gasoline,1313.0,511.22
2010-02-22,PT,gasoline,1319.0,516.22
2010-03-01,PT,gasoline,1336.0,530.38
2010-03-08,PT,gasoline,1348.0,540.38
2010-03-15,PT,gasoline,1368.0,557.05
2010-03-22,PT,gasoline,1376.0,563.72
2010-03-29,PT,gasoline,1382.0,568.72
2010-04-12,PT,gasoline,1402.0,585.38
2010-04-19,PT,gasoline,1404.0,587.05
2010-04-26,PT,gasoline,1398.0,582.05
2010-05-03,PT,gasoline,1404.0,587.05
2010-05-10,PT,gasoline,1406.0,588.72
2010-05-17,PT,gasoline,1403.0,586.22
2010-05-24,PT,gasoline,1395.0,579.55
2010-05-31,PT,gasoline,1374.0,562.05
2010-06-07,PT,gasoline,1372.0,560.38
2010-06-14,PT,gasoline,1383.0,569.55
2010-06-21,PT,gasoline,1392.0,577.05
2010-06-28,PT,gasoline,1396.0,580.38
2010-07-05,PT,gasoline,1401.0,574.9
2010-07-12,PT,gasoline,1382.0,559.2
2010-07-19,PT,gasoline,1368.0,547.63
2010-07-26,PT,gasoline,1368.0,547.63
2010-08-02,PT,gasoline,1367.0,546.8
2010-08-09,PT,gasoline,1376.0,554.24
2010-08-16,PT,gasoline,1382.0,559.2
2010-08-23,PT,gasoline,1369.0,548.45
2010-08-30,PT,gasoline,1361.0,541.84
2010-09-06,PT,gasoline,1361.0,541.84
2010-09-13,PT,gasoline,1370.0,549.28
2010-09-20,PT,gasoline,1373.0,551.76
2010-09-27,PT,gasoline,1364.0,544.32
2010-10-04,PT,gasoline,1350.0,532.75
2010-10-11,PT,gasoline,1359.0,540.19
2010-10-18,PT,gasoline,1367.0,546.8
2010-10-25,PT,gasoline,1368.0,547.63
2010-11-08,PT,gasoline,1367.0,546.8
2010-11-15,PT,gasoline,1379.0,556.72
2010-11-22,PT,gasoline,1385.0,561.68
2010-11-29,PT,gasoline,1392.0,567.46
2010-12-06,PT,gasoline,1421.0,591.43
2010-12-13,PT,gasoline,1441.0,607.96
2010-12-20,PT,gasoline,1444.0,610.44
2011-01-03,PT,gasoline,1480.0,620.3
2011-01-10,PT,gasoline,1486.0,625.18
2011-01-17,PT,gasoline,1502.0,638.19
2011-01-24,PT,gasoline,1503.0,639.0
2011-01-31,PT,gasoline,1489.0,627.62
2011-02-07,PT,gasoline,1486.0,625.18
2011-02-14,PT,gasoline,1488.0,626.81
2011-02-21,PT,gasoline,1497.0,634.12
2011-02-28,PT,gasoline,1514.0,647.94
2011-03-07,PT,gasoline,1549.0,676.4
2011-03-14,PT,gasoline,1558.0,683.72
2011-03-21,PT,gasoline,1547.0,674.77
2011-03-28,PT,gasoline,1547.0,674.77
2011-04-04,PT,gasoline,1563.0,687.78
2011-04-11,PT,gasoline,1577.0,699.16
2011-04-18,PT,gasoline,1593.0,712.17
2011-05-02,PT,gasoline,1606.0,722.74
2011-05-09,PT,gasoline,1606.0,722.74
2011-05-16,PT,gasoline,1600.0,717.86
2011-05-23,PT,gasoline,1575.0,697.54
2011-05-30,PT,gasoline,1560.0,685.34
2011-06-06,PT,gasoline,1562.0,686.97
2011-06-13,PT,gasoline,1561.0,686.16
2011-06-20,PT,gasoline,1554.0,680.46
2011-06-27,PT,gasoline,1542.0,670.71
2011-07-04,PT,gasoline,1528.0,659.33
2011-07-11,PT,gasoline,1544.0,672.33
2011-07-18,PT,gasoline,1575.0,697.54
2011-07-25,PT,gasoline,1587.0,707.29
2011-08-01,PT,gasoline,1581.0,702.42
2011-08-08,PT,gasoline,1577.0,699.16
2011-08-22,PT,gasoline,1535.0,665.02
2011-08-29,PT,gasoline,1537.0,666.64
2011-09-05,PT,gasoline,1562.0,686.97
2011-09-12,PT,gasoline,1581.0,702.42
2011-09-19,PT,gasoline,1581.0,702.42
2011-09-26,PT,gasoline,1568.0,691.85
2011-10-03,PT,gasoline,1551.0,678.03
2011-10-10,PT,gasoline,1536.0,665.83
2011-10-17,PT,gasoline,1543.0,671.52
2011-10-24,PT,gasoline,1548.0,675.59
2011-10-31,PT,gasoline,1540.0,669.08
2011-11-07,PT,gasoline,1536.0,665.83
2011-11-14,PT,gasoline,1540.0,669.08
2011-11-21,PT,gasoline,1529.0,660.14
2011-11-28,PT,gasoline,1514.0,647.94
2011-12-05,PT,gasoline,1516.0,649.57
2011-12-12,PT,gasoline,1521.0,653.64
2011-12-19,PT,gasoline,1527.0,658.51
2012-01-09,PT,gasoline,1590.0,708.26
2012-01-16,PT,gasoline,1603.0,718.83
2012-01-23,PT,gasoline,1603.0,718.83
2012-01-30,PT,gasoline,1600.0,716.39
2012-02-06,PT,gasoline,1600.0,716.39
2012-02-13,PT,gasoline,1619.0,731.84
2012-02-20,PT,gasoline,1636.0,745.66
2012-02-27,PT,gasoline,1652.0,758.67
2012-03-05,PT,gasoline,1657.0,762.73
2012-03-12,PT,gasoline,1668.0,771.68
2012-03-19,PT,gasoline,1694.0,792.82
2012-03-26,PT,gasoline,1704.0,800.95
2012-04-02,PT,gasoline,1714.0,809.08
2012-04-16,PT,gasoline,1731.0,822.9
2012-04-23,PT,gasoline,1715.0,809.89
2012-04-30,PT,gasoline,1688.0,787.94
2012-05-07,PT,gasoline,1666.0,770.05
2012-05-14,PT,gasoline,1651.0,757.86
2012-05-21,PT,gasoline,1636.0,745.66
2012-05-28,PT,gasoline,1637.0,746.47
2012-06-04,PT,gasoline,1638.0,747.29
2012-06-11,PT,gasoline,1625.0,736.72
2012-06-18,PT,gasoline,1601.0,717.21
2012-06-25,PT,gasoline,1588.0,706.64
2012-07-02,PT,gasoline,1582.0,701.76
2012-07-09,PT,gasoline,1606.0,721.27
2012-07-16,PT,gasoline,1613.0,726.96
2012-07-23,PT,gasoline,1640.0,748.91
2012-07-30,PT,gasoline,1642.0,750.54
2012-08-06,PT,gasoline,1647.0,754.6
2012-08-13,PT,gasoline,1670.0,773.3
2012-08-20,PT,gasoline,1701.0,798.51
2012-08-27,PT,gasoline,1710.0,805.82
2012-09-03,PT,gasoline,1708.0,804.2
2012-09-10,PT,gasoline,1722.0,815.58
2012-09-17,PT,gasoline,1717.0,811.51
2012-09-24,PT,gasoline,1667.0,770.86
2012-10-01,PT,gasoline,1668.0,771.68
2012-10-08,PT,gasoline,1676.0,778.18
2012-10-15,PT,gasoline,1685.0,785.5
2012-10-22,PT,gasoline,1648.0,755.42
2012-10-29,PT,gasoline,1600.0,716.39
2012-11-05,PT,gasoline,1584.0,703.38
2012-11-12,PT,gasoline,1586.0,705.01
2012-11-19,PT,gasoline,1597.0,713.95
2012-11-26,PT,gasoline,1605.0,720.46
2012-12-03,PT,gasoline,1596.0,713.14
2012-12-10,PT,gasoline,1580.0,700.13
2012-12-17,PT,gasoline,1571.0,692.82
2013-01-07,PT,gasoline,1584.0,702.53
2013-01-14,PT,gasoline,1599.0,714.73
2013-01-21,PT,gasoline,1592.0,709.04
2013-01-28,PT,gasoline,1592.0,709.04
2013-02-04,PT,gasoline,1617.0,729.36
2013-02-11,PT,gasoline,1630.0,739.93
2013-02-18,PT,gasoline,1641.0,748.88
2013-02-25,PT,gasoline,1653.0,758.63
2013-03-04,PT,gasoline,1639.0,747.25
2013-03-11,PT,gasoline,1617.0,729.36
2013-03-18,PT,gasoline,1603.0,717.98
2013-03-25,PT,gasoline,1608.0,722.05
2013-04-01,PT,gasoline,1630.0,739.93
2013-04-08,PT,gasoline,1636.0,744.81
2013-04-15,PT,gasoline,1591.0,708.23
2013-04-22,PT,gasoline,1561.0,683.84
2013-04-29,PT,gasoline,1557.0,680.58
2013-05-06,PT,gasoline,1554.0,678.14
2013-05-13,PT,gasoline,1557.0,680.58
2013-05-20,PT,gasoline,1572.0,692.78
2013-05-27,PT,gasoline,1581.0,700.1
2013-06-03,PT,gasoline,1582.0,700.91
2013-06-10,PT,gasoline,1580.0,699.28
2013-06-17,PT,gasoline,1573.0,693.59
2013-06-24,PT,gasoline,1569.0,690.34
2013-07-01,PT,gasoline,1564.0,686.27
2013-07-08,PT,gasoline,1566.0,687.9
2013-07-15,PT,gasoline,1591.0,708.23
2013-07-22,PT,gasoline,1612.0,725.3
2013-07-29,PT,gasoline,1607.0,721.23
2013-08-05,PT,gasoline,1595.0,711.48
2013-08-12,PT,gasoline,1590.0,707.41
2013-08-19,PT,gasoline,1591.0,708.23
2013-08-26,PT,gasoline,1597.0,713.1
2013-09-02,PT,gasoline,1611.0,724.49
2013-09-09,PT,gasoline,1616.0,728.55
2013-09-16,PT,gasoline,1592.0,709.04
2013-09-23,PT,gasoline,1564.0,686.27
2013-09-30,PT,gasoline,1539.0,665.95
2013-10-07,PT,gasoline,1532.0,660.26
2013-10-14,PT,gasoline,1529.0,657.82
2013-10-21,PT,gasoline,1535.0,662.7
2013-10-28,PT,gasoline,1531.0,659.45
2013-11-04,PT,gasoline,1520.0,650.5
2013-11-11,PT,gasoline,1513.0,644.81
2013-11-18,PT,gasoline,1525.0,654.57
2013-11-25,PT,gasoline,1537.0,664.32
2013-12-02,PT,gasoline,1537.0,664.32
2013-12-09,PT,gasoline,1550.0,674.89
2013-12-16,PT,gasoline,1541.0,667.58
2014-01-06,PT,gasoline,1551.0,675.03
2014-01-13,PT,gasoline,1544.0,669.33
2014-01-20,PT,gasoline,1533.0,660.39
2014-01-27,PT,gasoline,1530.0,657.95
2014-02-03,PT,gasoline,1534.0,661.2
2014-02-10,PT,gasoline,1534.0,661.2
2014-02-17,PT,gasoline,1541.0,666.9
2014-02-24,PT,gasoline,1549.0,673.4
2014-03-03,PT,gasoline,1553.0,676.65
2014-03-10,PT,gasoline,1548.0,672.59
2014-03-17,PT,gasoline,1541.0,666.9
2014-03-24,PT,gasoline,1544.0,669.33
2014-03-31,PT,gasoline,1551.0,675.03
2014-04-07,PT,gasoline,1551.0,675.03
2014-04-14,PT,gasoline,1559.0,681.53
2014-04-28,PT,gasoline,1580.0,698.6
2014-05-05,PT,gasoline,1581.0,699.42
2014-05-12,PT,gasoline,1564.0,685.59
2014-05-19,PT,gasoline,1563.0,684.78
2014-05-26,PT,gasoline,1562.0,683.97
2014-06-02,PT,gasoline,1568.0,688.85
2014-06-09,PT,gasoline,1560.0,682.34
2014-06-16,PT,gasoline,1572.0,692.1
2014-06-23,PT,gasoline,1594.0,709.98
2014-06-30,PT,gasoline,1602.0,716.49
2014-07-07,PT,gasoline,1600.0,714.86
2014-07-14,PT,gasoline,1593.0,709.17
2014-07-21,PT,gasoline,1576.0,695.35
2014-07-28,PT,gasoline,1560.0,682.34
2014-08-04,PT,gasoline,1556.0,679.09
2014-08-11,PT,gasoline,1547.0,671.77
2014-08-18,PT,gasoline,1538.0,664.46
2014-08-25,PT,gasoline,1537.0,663.64
2014-09-01,PT,gasoline,1544.0,669.33
2014-09-08,PT,gasoline,1551.0,675.03
2014-09-15,PT,gasoline,1550.0,674.21
2014-09-22,PT,gasoline,1539.0,665.27
2014-09-29,PT,gasoline,1530.0,657.95
2014-10-06,PT,gasoline,1531.0,658.77
2014-10-13,PT,gasoline,1529.0,657.14
2014-10-20,PT,gasoline,1485.0,621.37
2014-10-27,PT,gasoline,1459.0,600.23
2014-11-03,PT,gasoline,1453.0,595.35
2014-11-10,PT,gasoline,1456.0,597.79
2014-11-17,PT,gasoline,1456.0,597.79
2014-11-24,PT,gasoline,1446.0,589.66
2014-12-01,PT,gasoline,1426.0,573.4
2014-12-08,PT,gasoline,1386.0,540.88
2014-12-15,PT,gasoline,1336.0,500.23
2015-01-05,PT,gasoline,1327.0,461.35
2015-01-12,PT,gasoline,1312.0,449.16
2015-01-19,PT,gasoline,1305.0,443.47
2015-01-26,PT,gasoline,1305.0,443.47
2015-02-02,PT,gasoline,1323.0,458.1
2015-02-09,PT,gasoline,1363.0,490.62
2015-02-16,PT,gasoline,1402.0,522.33
2015-02-23,PT,gasoline,1411.0,529.64
2015-03-02,PT,gasoline,1413.0,531.27
2015-03-09,PT,gasoline,1430.0,545.09
2015-03-16,PT,gasoline,1448.0,559.73
2015-03-23,PT,gasoline,1459.0,568.67
2015-03-30,PT,gasoline,1461.0,570.29
2015-04-13,PT,gasoline,1479.0,584.93
2015-04-20,PT,gasoline,1485.0,589.81
2015-04-27,PT,gasoline,1500.0,602.0
2015-05-04,PT,gasoline,1507.0,607.69
2015-05-11,PT,gasoline,1505.0,606.07
2015-05-18,PT,gasoline,1502.0,603.63
2015-05-25,PT,gasoline,1508.0,608.51
2015-06-01,PT,gasoline,1510.0,610.13
2015-06-08,PT,gasoline,1513.0,612.57
2015-06-15,PT,gasoline,1537.0,632.08
2015-06-22,PT,gasoline,1542.0,636.15
2015-06-29,PT,gasoline,1537.0,632.08
2015-07-06,PT,gasoline,1539.0,633.71
2015-07-13,PT,gasoline,1555.0,646.72
2015-07-20,PT,gasoline,1544.0,637.77
2015-07-27,PT,gasoline,1529.0,625.58
2015-08-03,PT,gasoline,1515.0,614.2
2015-08-10,PT,gasoline,1502.0,603.63
2015-08-17,PT,gasoline,1476.0,582.49
2015-08-24,PT,gasoline,1449.0,560.54
2015-08-31,PT,gasoline,1406.0,525.58
2015-09-07,PT,gasoline,1422.0,538.59
2015-09-14,PT,gasoline,1406.0,525.58
2015-09-21,PT,gasoline,1391.0,513.38
2015-09-28,PT,gasoline,1384.0,507.69
2015-10-05,PT,gasoline,1375.0,500.38
2015-10-12,PT,gasoline,1384.0,507.69
2015-10-19,PT,gasoline,1373.0,498.75
2015-10-26,PT,gasoline,1354.0,483.3
2015-11-02,PT,gasoline,1363.0,490.62
2015-11-09,PT,gasoline,1381.5,505.66
2015-11-16,PT,gasoline,1384.5,508.1
2015-11-23,PT,gasoline,1366.5,493.47
2015-11-30,PT,gasoline,1372.0,497.94
2015-12-07,PT,gasoline,1364.0,491.43
2015-12-14,PT,gasoline,1344.5,475.58
2016-01-04,PT,gasoline,1337.0,465.89
2016-01-11,PT,gasoline,1339.0,467.52
2016-01-18,PT,gasoline,1316.0,448.82
2016-01-25,PT,gasoline,1296.0,432.56
2016-02-01,PT,gasoline,1288.5,426.46
2016-02-08,PT,gasoline,1285.0,423.62
2016-02-15,PT,gasoline,1306.5,381.1
2016-02-22,PT,gasoline,1307.0,381.5
2016-02-29,PT,gasoline,1323.0,394.51
2016-03-07,PT,gasoline,1327.0,397.76
2016-03-14,PT,gasoline,1348.0,414.83
2016-03-21,PT,gasoline,1369.0,431.91
2016-04-04,PT,gasoline,1399.5,456.7
2016-04-11,PT,gasoline,1403.5,459.96
2016-04-18,PT,gasoline,1414.5,468.9
2016-04-25,PT,gasoline,1421.0,474.18
2016-05-02,PT,gasoline,1400.0,457.11
2016-05-09,PT,gasoline,1398.0,455.49
2016-05-16,PT,gasoline,1380.0,450.85
2016-05-23,PT,gasoline,1403.0,469.55
2016-05-30,PT,gasoline,1417.0,480.93
2016-06-06,PT,gasoline,1422.0,485.0
2016-06-13,PT,gasoline,1418.0,481.75
2016-06-20,PT,gasoline,1406.0,471.99
2016-06-27,PT,gasoline,1408.0,473.62
2016-07-04,PT,gasoline,1410.0,475.24
2016-07-11,PT,gasoline,1391.0,459.79
2016-07-18,PT,gasoline,1374.0,445.97
2016-07-25,PT,gasoline,1368.0,441.1
2016-08-01,PT,gasoline,1363.0,437.03
2016-08-08,PT,gasoline,1353.0,428.9
2016-08-15,PT,gasoline,1355.0,430.53
2016-08-22,PT,gasoline,1371.0,443.53
2016-08-29,PT,gasoline,1382.0,452.48
2016-09-05,PT,gasoline,1379.0,450.04
2016-09-12,PT,gasoline,1370.0,442.72
2016-09-19,PT,gasoline,1375.0,446.79
2016-09-26,PT,gasoline,1373.0,445.16
2016-10-03,PT,gasoline,1374.0,445.97
2016-10-10,PT,gasoline,1397.0,464.67
2016-10-17,PT,gasoline,1404.0,470.36
2016-10-24,PT,gasoline,1408.0,473.62
2016-10-31,PT,gasoline,1408.0,473.62
2016-11-07,PT,gasoline,1397.0,464.67
2016-11-14,PT,gasoline,1379.0,450.04
2016-11-21,PT,gasoline,1371.0,443.53
2016-11-28,PT,gasoline,1394.0,462.23
2016-12-05,PT,gasoline,1406.0,471.99
2016-12-12,PT,gasoline,1420.0,483.37
2016-12-19,PT,gasoline,1433.0,493.94
2017-01-02,PT,gasoline,1463.0,537.92
2017-01-09,PT,gasoline,1468.0,541.99
2017-01-16,PT,gasoline,1483.0,554.18
2017-01-23,PT,gasoline,1498.0,566.38
2017-01-30,PT,gasoline,1490.0,559.87
2017-02-06,PT,gasoline,1493.0,562.31
2017-02-13,PT,gasoline,1495.0,563.94
2017-02-20,PT,gasoline,1498.0,566.38
2017-02-27,PT,gasoline,1498.0,566.38
2017-03-06,PT,gasoline,1492.0,561.5
2017-03-13,PT,gasoline,1482.0,553.37
2017-03-20,PT,gasoline,1460.0,535.48
2017-03-27,PT,gasoline,1448.0,525.73
2017-04-03,PT,gasoline,1461.0,536.29
2017-04-10,PT,gasoline,1479.0,550.93
2017-04-24,PT,gasoline,1489.0,559.06
2017-05-01,PT,gasoline,1471.0,544.42
2017-05-08,PT,gasoline,1446.0,524.1
2017-05-15,PT,gasoline,1436.0,515.97
2017-05-22,PT,gasoline,1449.0,526.54
2017-05-29,PT,gasoline,1454.0,530.6
2017-06-05,PT,gasoline,1453.0,529.79
2017-06-12,PT,gasoline,1437.0,516.78
2017-06-19,PT,gasoline,1428.0,509.47
2017-06-26,PT,gasoline,1420.0,502.96
2017-07-03,PT,gasoline,1414.0,498.08
2017-07-10,PT,gasoline,1420.0,502.96
2017-07-17,PT,gasoline,1421.0,503.77
2017-07-24,PT,gasoline,1425.0,507.03
2017-07-31,PT,gasoline,1424.0,506.21
2017-08-07,PT,gasoline,1432.0,512.72
2017-08-14,PT,gasoline,1438.0,517.6
2017-08-21,PT,gasoline,1436.0,515.97
2017-08-28,PT,gasoline,1435.0,515.16
2017-09-04,PT,gasoline,1458.0,533.86
2017-09-11,PT,gasoline,1471.0,544.42
2017-09-18,PT,gasoline,1462.0,537.11
2017-09-25,PT,gasoline,1458.0,533.86
2017-10-02,PT,gasoline,1452.0,528.98
2017-10-09,PT,gasoline,1446.0,524.1
2017-10-16,PT,gasoline,1446.0,524.1
2017-10-23,PT,gasoline,1447.0,524.91
2017-10-30,PT,gasoline,1455.0,531.42
2017-11-06,PT,gasoline,1481.0,552.56
2017-11-13,PT,gasoline,1511.0,576.95
2017-11-20,PT,gasoline,1503.0,570.44
2017-11-27,PT,gasoline,1493.0,562.31
2017-12-04,PT,gasoline,1490.0,559.87
2017-12-11,PT,gasoline,1485.0,555.81
2017-12-18,PT,gasoline,1482.0,553.37
2018-01-01,PT,gasoline,1510.0,568.44
2018-01-08,PT,gasoline,1523.0,579.01
2018-01-15,PT,gasoline,1534.0,587.95
2018-01-22,PT,gasoline,1517.0,574.13
2018-01-29,PT,gasoline,1517.0,574.13
2018-02-05,PT,gasoline,1516.0,573.32
2018-02-12,PT,gasoline,1505.0,564.38
2018-02-19,PT,gasoline,1486.0,548.93
2018-02-26,PT,gasoline,1466.0,532.67
2018-03-05,PT,gasoline,1463.0,530.23
2018-03-12,PT,gasoline,1460.0,527.79
2018-03-19,PT,gasoline,1457.0,525.35
2018-03-26,PT,gasoline,1491.0,553.0
2018-04-09,PT,gasoline,1509.0,567.63
2018-04-16,PT,gasoline,1514.0,571.69
2018-04-23,PT,gasoline,1521.0,577.39
2018-04-30,PT,gasoline,1540.0,592.83
2018-05-07,PT,gasoline,1547.0,598.52
2018-05-14,PT,gasoline,1564.0,612.34
2018-05-21,PT,gasoline,1578.0,623.73
2018-05-28,PT,gasoline,1601.0,642.43
2018-06-04,PT,gasoline,1599.0,640.8
2018-06-11,PT,gasoline,1583.0,627.79
2018-06-18,PT,gasoline,1577.0,622.91
2018-06-25,PT,gasoline,1573.0,619.66
2018-07-02,PT,gasoline,1574.0,620.47
2018-07-09,PT,gasoline,1579.0,624.54
2018-07-16,PT,gasoline,1581.0,626.17
2018-07-23,PT,gasoline,1572.0,618.85
2018-07-30,PT,gasoline,1585.0,629.42
2018-08-06,PT,gasoline,1597.0,639.17
2018-08-13,PT,gasoline,1596.0,638.36
2018-08-20,PT,gasoline,1592.0,635.11
2018-08-27,PT,gasoline,1595.0,637.55
2018-09-03,PT,gasoline,1606.0,646.49
2018-09-10,PT,gasoline,1604.0,644.87
2018-09-17,PT,gasoline,1596.0,638.36
2018-09-24,PT,gasoline,1587.0,631.04
2018-10-01,PT,gasoline,1587.0,631.04
2018-10-08,PT,gasoline,1605.0,645.68
2018-10-15,PT,gasoline,1598.0,639.99
2018-10-22,PT,gasoline,1574.0,620.47
2018-10-29,PT,gasoline,1562.0,610.72
2018-11-05,PT,gasoline,1553.0,603.4
2018-11-12,PT,gasoline,1532.0,586.33
2018-11-19,PT,gasoline,1511.0,569.26
2018-11-26,PT,gasoline,1481.0,544.87
2018-12-03,PT,gasoline,1448.0,518.04
2018-12-10,PT,gasoline,1435.0,507.47
2018-12-17,PT,gasoline,1435.0,507.47
2019-01-07,PT,gasoline,1403.0,498.07
2019-01-14,PT,gasoline,1418.0,510.27
2019-01-21,PT,gasoline,1411.0,504.57
2019-01-28,PT,gasoline,1413.0,506.2
2019-02-04,PT,gasoline,1412.0,505.39
2019-02-11,PT,gasoline,1415.0,507.83
2019-02-18,PT,gasoline,1426.0,516.77
2019-02-25,PT,gasoline,1452.0,537.91
2019-03-04,PT,gasoline,1455.0,540.35
2019-03-11,PT,gasoline,1458.0,542.79
2019-03-18,PT,gasoline,1471.0,553.35
2019-03-25,PT,gasoline,1486.0,565.55
2019-04-01,PT,gasoline,1504.0,580.18
2019-04-08,PT,gasoline,1526.0,598.07
2019-04-15,PT,gasoline,1546.0,614.33
2019-04-29,PT,gasoline,1564.0,628.96
2019-05-06,PT,gasoline,1573.0,636.28
2019-05-13,PT,gasoline,1563.0,628.15
2019-05-20,PT,gasoline,1571.0,634.66
2019-05-27,PT,gasoline,1581.0,642.79
2019-06-03,PT,gasoline,1570.0,633.84
2019-06-10,PT,gasoline,1524.0,596.44
2019-06-17,PT,gasoline,1492.0,570.43
2019-06-24,PT,gasoline,1488.0,567.18
2019-07-01,PT,gasoline,1497.0,574.49
2019-07-08,PT,gasoline,1506.0,581.81
2019-07-15,PT,gasoline,1521.0,594.01
2019-07-22,PT,gasoline,1525.0,597.26
2019-07-29,PT,gasoline,1516.0,589.94
2019-08-05,PT,gasoline,1520.0,593.19
2019-08-12,PT,gasoline,1505.0,581.0
2019-08-19,PT,gasoline,1489.0,567.99
2019-08-26,PT,gasoline,1487.0,566.36
2019-09-02,PT,gasoline,1482.0,562.3
2019-09-09,PT,gasoline,1480.0,560.67
2019-09-16,PT,gasoline,1477.0,558.23
2019-09-23,PT,gasoline,1502.0,578.56
2019-09-30,PT,gasoline,1500.0,576.93
2019-10-07,PT,gasoline,1493.0,571.24
2019-10-14,PT,gasoline,1487.0,566.36
2019-10-21,PT,gasoline,1475.0,556.61
2019-10-28,PT,gasoline,1474.0,555.79
2019-11-04,PT,gasoline,1482.0,562.3
2019-11-11,PT,gasoline,1497.0,574.49
2019-11-18,PT,gasoline,1495.0,572.87
2019-11-25,PT,gasoline,1487.0,566.36
2019-12-02,PT,gasoline,1490.0,568.8
2019-12-09,PT,gasoline,1485.0,564.74
2019-12-16,PT,gasoline,1481.0,561.49
2020-01-06,PT,gasoline,1534.0,604.57
2020-01-13,PT,gasoline,1535.0,605.39
2020-01-20,PT,gasoline,1530.0,601.32
2020-01-27,PT,gasoline,1522.0,594.82
2020-02-03,PT,gasoline,1510.0,585.06
2020-02-10,PT,gasoline,1497.0,574.49
2020-02-17,PT,gasoline,1500.0,552.22
2020-02-24,PT,gasoline,1508.0,558.73
2020-03-02,PT,gasoline,1497.0,549.78
2020-03-09,PT,gasoline,1466.0,524.58
2020-03-16,PT,gasoline,1397.0,468.48
2020-03-23,PT,gasoline,1317.0,403.44
2020-03-30,PT,gasoline,1260.0,357.1
2020-04-06,PT,gasoline,1260.0,357.1
2020-04-20,PT,gasoline,1258.0,355.47
2020-04-27,PT,gasoline,1245.0,344.91
2020-05-04,PT,gasoline,1237.0,338.4
2020-05-11,PT,gasoline,1260.0,357.1
2020-05-18,PT,gasoline,1286.0,378.24
2020-05-25,PT,gasoline,1321.0,406.69
2020-06-01,PT,gasoline,1330.0,414.01
2020-06-08,PT,gasoline,1336.0,418.89
2020-06-15,PT,gasoline,1349.0,429.46
2020-06-22,PT,gasoline,1365.0,442.47
2020-06-29,PT,gasoline,1378.0,453.04
2020-07-06,PT,gasoline,1385.0,458.73
2020-07-13,PT,gasoline,1401.0,471.73
2020-07-20,PT,gasoline,1400.0,470.92
2020-07-27,PT,gasoline,1395.0,466.86
2020-08-03,PT,gasoline,1391.0,463.6
2020-08-10,PT,gasoline,1390.0,462.79
2020-08-17,PT,gasoline,1391.0,463.6
2020-08-24,PT,gasoline,1394.0,466.04
2020-08-31,PT,gasoline,1399.0,470.11
2020-09-07,PT,gasoline,1400.0,470.92
2020-09-14,PT,gasoline,1388.0,461.17
2020-09-21,PT,gasoline,1384.0,457.91
2020-09-28,PT,gasoline,1382.0,456.29
2020-10-05,PT,gasoline,1383.0,457.1
2020-10-12,PT,gasoline,1391.0,463.6
2020-10-19,PT,gasoline,1394.0,466.04
2020-10-26,PT,gasoline,1386.0,459.54
2020-11-02,PT,gasoline,1374.0,449.78
2020-11-09,PT,gasoline,1365.0,442.47
2020-11-16,PT,gasoline,1377.0,452.22
2020-11-23,PT,gasoline,1380.0,454.66
2020-11-30,PT,gasoline,1389.0,461.98
2020-12-07,PT,gasoline,1394.0,466.04
2020-12-14,PT,gasoline,1399.0,470.11
2020-12-21,PT,gasoline,1405.0,474.99
2021-01-11,PT,gasoline,1436.0,499.5
2021-01-18,PT,gasoline,1455.0,514.95
2021-01-25,PT,gasoline,1460.0,519.01
2021-02-01,PT,gasoline,1463.0,521.45
2021-02-08,PT,gasoline,1478.0,533.65
2021-02-15,PT,gasoline,1492.0,545.03
2021-02-22,PT,gasoline,1508.0,558.04
2021-03-01,PT,gasoline,1527.0,573.48
2021-03-08,PT,gasoline,1543.0,586.49
2021-03-15,PT,gasoline,1560.0,600.31
2021-03-22,PT,gasoline,1565.0,604.38
2021-03-29,PT,gasoline,1563.0,602.75
2021-04-12,PT,gasoline,1574.0,611.69
2021-04-19,PT,gasoline,1576.0,613.32
2021-04-26,PT,gasoline,1587.0,622.26
2021-05-03,PT,gasoline,1582.0,618.2
2021-05-10,PT,gasoline,1600.0,632.83
2021-05-17,PT,gasoline,1605.0,636.9
2021-05-24,PT,gasoline,1598.0,631.21
2021-05-31,PT,gasoline,1600.0,632.83
2021-06-07,PT,gasoline,1614.0,644.22
2021-06-14,PT,gasoline,1620.0,649.09
2021-06-21,PT,gasoline,1631.0,658.04
2021-06-28,PT,gasoline,1652.0,675.11
2021-07-05,PT,gasoline,1665.0,685.68
2021-07-12,PT,gasoline,1671.0,690.56
2021-07-19,PT,gasoline,1676.0,694.62
2021-07-26,PT,gasoline,1668.0,688.12
2021-08-02,PT,gasoline,1677.0,695.43
2021-08-09,PT,gasoline,1681.0,698.69
2021-08-16,PT,gasoline,1677.0,695.43
2021-08-23,PT,gasoline,1657.0,679.17
2021-08-30,PT,gasoline,1659.0,680.8
2021-09-06,PT,gasoline,1672.0,691.37
2021-09-13,PT,gasoline,1675.0,693.81
2021-09-20,PT,gasoline,1673.0,692.18
2021-09-27,PT,gasoline,1670.0,689.74
2021-10-04,PT,gasoline,1695.0,710.07
2021-10-11,PT,gasoline,1710.0,722.26
2021-10-18,PT,gasoline,1724.0,753.65
2021-10-25,PT,gasoline,1723.0,752.83
2021-11-01,PT,gasoline,1733.0,760.96
2021-11-08,PT,gasoline,1737.0,764.22
2021-11-15,PT,gasoline,1729.0,757.71
2021-11-22,PT,gasoline,1718.0,748.77
2021-11-29,PT,gasoline,1699.0,733.32
2021-12-06,PT,gasoline,1659.0,700.8
2021-12-13,PT,gasoline,1661.0,702.43
2021-12-20,PT,gasoline,1664.0,704.87
2022-01-03,PT,gasoline,1693.0,728.44
2022-01-10,PT,gasoline,1701.0,734.95
2022-01-17,PT,gasoline,1705.0,738.2
2022-01-24,PT,gasoline,1736.0,763.4
2022-01-31,PT,gasoline,1758.0,781.29
2022-02-07,PT,gasoline,1783.0,801.61
2022-02-14,PT,gasoline,1801.0,816.25
2022-02-21,PT,gasoline,1813.0,826.0
2022-02-28,PT,gasoline,1832.0,841.45
2022-03-07,PT,gasoline,1917.0,910.56
2022-03-14,PT,gasoline,2028.0,1017.52
2022-03-21,PT,gasoline,1927.0,935.41
2022-03-28,PT,gasoline,2027.0,1016.71
2022-04-04,PT,gasoline,1989.0,985.81
2022-04-11,PT,gasoline,1948.0,952.48
2022-04-25,PT,gasoline,1975.0,974.43
2022-05-02,PT,gasoline,1878.0,1021.71
2022-05-09,PT,gasoline,1915.0,1071.87
2022-05-16,PT,gasoline,1952.0,1101.95
2022-05-23,PT,gasoline,2016.0,1166.19
2022-05-30,PT,gasoline,2055.0,1202.63
2022-06-06,PT,gasoline,2171.0,1300.93
2022-06-13,PT,gasoline,2170.0,1300.12
2022-06-20,PT,gasoline,2121.0,1269.91
2022-06-27,PT,gasoline,2101.0,1250.73
2022-07-04,PT,gasoline,2084.0,1236.91
2022-07-11,PT,gasoline,2019.0,1184.06
2022-07-18,PT,gasoline,1908.0,1093.82
2022-07-25,PT,gasoline,1895.0,1083.25
2022-08-01,PT,gasoline,1889.0,1078.37
2022-08-08,PT,gasoline,1805.0,1010.08
2022-08-15,PT,gasoline,1787.0,995.45
2022-08-22,PT,gasoline,1777.0,987.32
2022-08-29,PT,gasoline,1781.0,990.57
2022-09-05,PT,gasoline,1719.0,940.16
2022-09-12,PT,gasoline,1703.0,927.15
2022-09-19,PT,gasoline,1695.0,920.65
2022-09-26,PT,gasoline,1688.0,914.96
2022-10-03,PT,gasoline,1701.0,881.07
2022-10-10,PT,gasoline,1825.0,981.88
2022-10-17,PT,gasoline,1886.0,1031.47
2022-10-24,PT,gasoline,1835.0,990.01
2022-10-31,PT,gasoline,1817.0,975.38
2022-11-07,PT,gasoline,1823.0,991.56
2022-11-14,PT,gasoline,1785.0,960.67
2022-11-21,PT,gasoline,1703.0,894.0
2022-11-28,PT,gasoline,1648.0,849.29
2022-12-05,PT,gasoline,1652.0,828.88
2022-12-12,PT,gasoline,1593.0,780.91
2022-12-19,PT,gasoline,1582.0,771.97
2022-12-26,PT,gasoline,1600.0,786.6
2023-01-02,PT,gasoline,1670.0,831.74
2023-01-09,PT,gasoline,1661.0,824.43
2023-01-16,PT,gasoline,1672.0,833.37
2023-01-23,PT,gasoline,1705.0,860.2
2023-01-30,PT,gasoline,1739.0,887.84
2023-02-06,PT,gasoline,1689.0,866.26
2023-02-13,PT,gasoline,1668.0,849.19
2023-02-20,PT,gasoline,1674.0,854.07
2023-02-27,PT,gasoline,1668.0,849.19
2023-03-06,PT,gasoline,1683.0,854.12
2023-03-13,PT,gasoline,1688.0,858.19
2023-03-20,PT,gasoline,1657.0,832.98
2023-03-27,PT,gasoline,1667.0,841.11
2023-04-03,PT,gasoline,1693.0,862.25
2023-04-10,PT,gasoline,1707.0,873.63
2023-04-17,PT,gasoline,1714.0,879.33
2023-04-24,PT,gasoline,1673.0,845.99
2023-05-01,PT,gasoline,1659.0,815.72
2023-05-08,PT,gasoline,1613.0,778.32
2023-05-15,PT,gasoline,1637.0,797.83
2023-05-22,PT,gasoline,1654.0,811.66
2023-05-29,PT,gasoline,1678.0,831.17
2023-06-05,PT,gasoline,1664.0,801.43
2023-06-12,PT,gasoline,1702.0,832.32
2023-06-19,PT,gasoline,1685.0,818.5
2023-06-26,PT,gasoline,1672.0,807.93
2023-07-03,PT,gasoline,1648.0,770.07
2023-07-10,PT,gasoline,1681.0,796.9
2023-07-17,PT,gasoline,1697.0,809.9
2023-07-24,PT,gasoline,1719.0,827.79
2023-07-31,PT,gasoline,1809.0,882.6
2023-08-07,PT,gasoline,1823.0,893.98
2023-08-14,PT,gasoline,1827.0,897.24
2023-08-21,PT,gasoline,1855.0,920.0
2023-08-28,PT,gasoline,1872.0,933.82
2023-09-04,PT,gasoline,1872.0,933.82
2023-09-11,PT,gasoline,1859.0,923.25
2023-09-18,PT,gasoline,1857.0,921.63
2023-09-25,PT,gasoline,1865.0,938.13
2023-10-02,PT,gasoline,1853.0,928.37
2023-10-09,PT,gasoline,1798.0,883.66
2023-10-16,PT,gasoline,1760.0,852.76
2023-10-23,PT,gasoline,1774.0,864.15
2023-10-30,PT,gasoline,1768.0,859.27
2023-11-06,PT,gasoline,1764.0,856.02
2023-11-13,PT,gasoline,1739.0,835.69
2023-11-20,PT,gasoline,1703.0,806.42
2023-11-27,PT,gasoline,1680.0,787.72
2023-12-04,PT,gasoline,1667.0,777.15
2023-12-11,PT,gasoline,1642.0,756.83
2023-12-18,PT,gasoline,1628.0,745.45
2023-12-25,PT,gasoline,1641.0,756.02
2024-01-01,PT,gasoline,1643.0,757.64
2024-01-08,PT,gasoline,1644.0,758.46
2024-01-15,PT,gasoline,1645.0,759.27
2024-01-22,PT,gasoline,1663.0,773.9
2024-01-29,PT,gasoline,1686.0,792.6
2024-02-05,PT,gasoline,1696.0,800.73
2024-02-12,PT,gasoline,1706.0,808.86
2024-02-19,PT,gasoline,1733.0,830.81
2024-02-26,PT,gasoline,1727.0,825.94
2024-03-04,PT,gasoline,1734.0,831.63
2024-03-11,PT,gasoline,1732.0,830.0
2024-03-18,PT,gasoline,1741.0,837.32
2024-03-25,PT,gasoline,1776.0,865.77
2024-04-01,PT,gasoline,1796.0,882.03
2024-04-08,PT,gasoline,1810.0,893.41
2024-04-15,PT,gasoline,1810.0,893.41
2024-04-22,PT,gasoline,1821.0,902.36
2024-04-29,PT,gasoline,1808.0,891.79
2024-05-06,PT,gasoline,1786.0,873.9
2024-05-13,PT,gasoline,1756.0,849.51
2024-05-20,PT,gasoline,1749.0,843.82
2024-05-27,PT,gasoline,1745.0,840.57
2024-06-03,PT,gasoline,1733.0,830.81
2024-06-10,PT,gasoline,1702.0,805.61
2024-06-17,PT,gasoline,1708.0,810.49
2024-06-24,PT,gasoline,1726.0,825.12
2024-07-01,PT,gasoline,1737.0,834.07
2024-07-08,PT,gasoline,1751.0,845.45
2024-07-15,PT,gasoline,1737.0,834.07
2024-07-22,PT,gasoline,1726.0,825.12
2024-07-29,PT,gasoline,1713.0,814.55
2024-08-05,PT,gasoline,1713.0,814.55
2024-08-12,PT,gasoline,1687.0,793.41
2024-08-19,PT,gasoline,1689.0,795.04
2024-08-26,PT,gasoline,1683.0,762.62
2024-09-02,PT,gasoline,1670.0,752.05
2024-09-09,PT,gasoline,1642.0,715.52
2024-09-16,PT,gasoline,1651.0,707.92
2024-09-23,PT,gasoline,1662.0,716.86
2024-09-30,PT,gasoline,1659.0,714.42
2024-10-07,PT,gasoline,1679.0,730.68
2024-10-14,PT,gasoline,1707.0,753.44
2024-10-21,PT,gasoline,1706.0,752.63
2024-10-28,PT,gasoline,1712.0,757.51
2024-11-04,PT,gasoline,1681.0,732.31
2024-11-11,PT,gasoline,1690.0,739.62
2024-11-18,PT,gasoline,1695.0,743.69
2024-11-25,PT,gasoline,1715.0,759.95
2024-12-02,PT,gasoline,1704.0,751.01
2024-12-09,PT,gasoline,1699.0,746.94
2024-12-16,PT,gasoline,1713.0,758.32
2024-12-23,PT,gasoline,1718.0,762.39
2024-12-30,PT,gasoline,1719.0,763.2
